correct_target_cell,decoded_primary_l1_to_target,decoded_primary_target_margin,decoded_primary_target_top1,decoded_wrist_l1_to_target,decoded_wrist_target_margin,decoded_wrist_target_top1,future_noise_seed,goal_endpoint_donor_steering,initial_state_index,prefix_chunks,robot_endpoint_donor_steering,target_cell,target_coordinate_distance,task_id,unit_id
0.0,12.274792729591837,0.6958838222789101,1.0,5.78081818664966,2.8052455357142856,1.0,1201,0.9975205737272661,17,14,0.9955854084691439,o0r0,1.4093394199290128,0,task00_state17
0.0,12.2244034332483,0.5535448554421762,1.0,5.718437765731292,2.9132785926870755,1.0,1201,0.9974508660130661,17,14,0.9955099927075918,o1r0,0.9955132563983027,0,task00_state17
0.0,12.471659757653061,0.3847921981292526,1.0,10.958074245323129,3.205277423469388,1.0,1201,0.9977404903763102,17,14,0.995891463756523,o0r1,0.9977489494890104,0,task00_state17
1.0,12.367499734268707,0.30672034438775597,1.0,9.409917091836734,4.630168473639456,1.0,1201,0.997854452011344,17,14,0.9957767436374554,o1r1,0.004737010710922997,0,task00_state17
0.0,12.274792729591837,0.6958838222789101,1.0,5.78081818664966,2.8052455357142856,1.0,1213,0.9996016619611499,17,14,0.9971201526352861,o0r0,1.4118966256022107,0,task00_state17
0.0,12.2244034332483,0.5535448554421762,1.0,5.718437765731292,2.9132785926870755,1.0,1213,0.999580514792807,17,14,0.9971374582531296,o1r0,0.9971375464896259,0,task00_state17
0.0,12.471659757653061,0.3847921981292526,1.0,10.958074245323129,3.205277423469388,1.0,1213,0.9998711787091734,17,14,0.9972427098561462,o0r1,0.999874980516169,0,task00_state17
1.0,12.367499734268707,0.30672034438775597,1.0,9.409917091836734,4.630168473639456,1.0,1213,1.0001372458334052,17,14,0.9975855216977875,o1r1,0.0024183758786925995,0,task00_state17
0.0,12.274792729591837,0.6958838222789101,1.0,5.78081818664966,2.8052455357142856,1.0,1217,0.999142481492905,17,14,0.9971130393464047,o0r0,1.4115665452108253,0,task00_state17
0.0,12.2244034332483,0.5535448554421762,1.0,5.718437765731292,2.9132785926870755,1.0,1217,0.9991129809049303,17,14,0.9969268091905557,o1r0,0.9969272038046397,0,task00_state17
0.0,12.471659757653061,0.3847921981292526,1.0,10.958074245323129,3.205277423469388,1.0,1217,0.9998763374503251,17,14,0.997545807538013,o0r1,0.9998793493485686,0,task00_state17
1.0,12.367499734268707,0.30672034438775597,1.0,9.409917091836734,4.630168473639456,1.0,1217,0.9996208637005317,17,14,0.9974961132646702,o1r1,0.0025324283044016846,0,task00_state17
0.0,12.378534226190476,1.221619897959183,1.0,6.41412893282313,3.277629411139455,1.0,1201,0.9971707218376125,35,13,0.9955703840073317,o0r0,1.4090812034807116,0,task00_state35
0.0,12.336282950680273,1.2202248086734677,1.0,6.1756483843537415,3.54823687287415,1.0,1201,0.9973544308177392,35,13,0.9958644945674744,o1r0,0.9958680086117986,0,task00_state35
0.0,12.480641475340136,0.4589777317176882,1.0,10.5517578125,2.877424798044217,1.0,1201,0.997568390964911,35,13,0.9962164197385912,o0r1,0.9975755661261537,0,task00_state35
1.0,12.501627604166666,0.35705649447278986,1.0,9.606405452806122,3.733704028486395,1.0,1201,0.9976764134677012,35,13,0.9962044159582193,o1r1,0.004450338480531651,0,task00_state35
0.0,12.378534226190476,1.221619897959183,1.0,6.41412893282313,3.277629411139455,1.0,1213,0.9980643100659621,35,13,0.9959327796045421,o0r0,1.4099696693611088,0,task00_state35
0.0,12.336282950680273,1.2202248086734677,1.0,6.1756483843537415,3.54823687287415,1.0,1213,0.9982857558009474,35,13,0.996142534967703,o1r0,0.9961440099729835,0,task00_state35
0.0,12.480641475340136,0.4589777317176882,1.0,10.5517578125,2.877424798044217,1.0,1213,0.9988919411860494,35,13,0.9968320762811103,o0r1,0.9988969646100255,0,task00_state35
1.0,12.501627604166666,0.35705649447278986,1.0,9.606405452806122,3.733704028486395,1.0,1213,0.9988134995000203,35,13,0.9968122282622529,o1r1,0.0034014220685517987,0,task00_state35
0.0,12.378534226190476,1.221619897959183,1.0,6.41412893282313,3.277629411139455,1.0,1217,0.9976883325150054,35,13,0.9960786572409784,o0r0,1.4098066180322615,0,task00_state35
0.0,12.336282950680273,1.2202248086734677,1.0,6.1756483843537415,3.54823687287415,1.0,1217,0.9975663797289465,35,13,0.9957688822363869,o1r0,0.9957718560684105,0,task00_state35
0.0,12.480641475340136,0.4589777317176882,1.0,10.5517578125,2.877424798044217,1.0,1217,0.9986639092971576,35,13,0.9970150819156571,o0r1,0.9986683701152509,0,task00_state35
1.0,12.501627604166666,0.35705649447278986,1.0,9.606405452806122,3.733704028486395,1.0,1217,0.9982848139188126,35,13,0.9966529901017304,o1r1,0.003760895977318944,0,task00_state35
0.0,12.833193824404763,0.42907631802721014,1.0,10.364264455782314,1.3949431335034,1.0,1201,0.9982902871753806,17,11,0.9962103170208201,o0r0,1.4103256692010633,1,task01_state17
0.0,13.161511479591837,0.13177614795918302,1.0,9.296223958333334,2.12557132227891,1.0,1201,0.9982521465637321,17,11,0.9961321908425712,o1r0,0.9961337242682106,1,task01_state17
0.0,12.603734853316327,0.5993170705782305,1.0,10.271238573554422,2.863181600765305,1.0,1201,0.9986116884563461,17,11,0.9964391490721339,o0r1,0.998618037079726,1,task01_state17
1.0,12.56434018920068,0.475566007653061,1.0,10.649825946003402,2.449305112670068,1.0,1201,0.9987180391944244,17,11,0.9965730415359205,o1r1,0.003658888878000819,1,task01_state17
0.0,12.833193824404763,0.42907631802721014,1.0,10.364264455782314,1.3949431335034,1.0,1213,0.9972892120781457,17,11,0.9951469128426617,o0r0,1.4088659093993752,1,task01_state17
0.0,13.161511479591837,0.13177614795918302,1.0,9.296223958333334,2.12557132227891,1.0,1213,0.9976265354725403,17,11,0.9955348459696972,o1r0,0.9955376752658696,1,task01_state17
0.0,12.603734853316327,0.5993170705782305,1.0,10.271238573554422,2.863181600765305,1.0,1213,0.9981073485527645,17,11,0.9959189414045053,o0r1,0.9981156918285022,1,task01_state17
1.0,12.56434018920068,0.475566007653061,1.0,10.649825946003402,2.449305112670068,1.0,1213,0.9979397791136715,17,11,0.9957371222599685,o1r1,0.004734621075325944,1,task01_state17
0.0,12.833193824404763,0.42907631802721014,1.0,10.364264455782314,1.3949431335034,1.0,1217,0.9976598903713663,17,11,0.9955403254853333,o0r0,1.4094061857829523,1,task01_state17
0.0,13.161511479591837,0.13177614795918302,1.0,9.296223958333334,2.12557132227891,1.0,1217,0.9977749411381629,17,11,0.995618592022676,o1r0,0.9956210783566981,1,task01_state17
0.0,12.603734853316327,0.5993170705782305,1.0,10.271238573554422,2.863181600765305,1.0,1217,0.9978168964717447,17,11,0.9956699447708869,o0r1,0.9978262916273511,1,task01_state17
1.0,12.56434018920068,0.475566007653061,1.0,10.649825946003402,2.449305112670068,1.0,1217,0.9978472195392134,17,11,0.99570046371621,o1r1,0.004808375605957914,1,task01_state17
0.0,13.86262356505102,0.5612045599489797,1.0,7.213853900935374,3.1314373405612246,1.0,1201,0.9977649820747441,35,5,0.9956629197561051,o0r0,1.4095671708832702,1,task01_state35
0.0,13.892352253401361,0.6426777742346932,1.0,5.871532206632653,4.408209768282313,1.0,1201,0.9979074667088405,35,5,0.9957936770591849,o1r0,0.995795875652549,1,task01_state35
0.0,12.831141050170068,0.4770474596088441,1.0,10.513844600340136,3.7071441857993204,1.0,1201,0.9981455692268607,35,5,0.9960221773284136,o0r1,0.9981534954306479,1,task01_state35
1.0,12.526167889030612,0.7153287096088441,1.0,10.57481000212585,3.960080516581632,1.0,1201,0.9981764787990185,35,5,0.996063566049468,o1r1,0.004338287890093282,1,task01_state35
0.0,13.86262356505102,0.5612045599489797,1.0,7.213853900935374,3.1314373405612246,1.0,1213,0.9979934597069694,35,5,0.9958996844070903,o0r0,1.409896140508239,1,task01_state35
0.0,13.892352253401361,0.6426777742346932,1.0,5.871532206632653,4.408209768282313,1.0,1213,0.9978377568721244,35,5,0.9957624321351487,o1r0,0.9957647797281498,1,task01_state35
0.0,12.831141050170068,0.4770474596088441,1.0,10.513844600340136,3.7071441857993204,1.0,1213,0.9983093301467713,35,5,0.9962060227767114,o0r1,0.9983165394409059,1,task01_state35
1.0,12.526167889030612,0.7153287096088441,1.0,10.57481000212585,3.960080516581632,1.0,1213,0.9983143935524753,35,5,0.9962282828131469,o1r1,0.004131237058501949,1,task01_state35
0.0,13.86262356505102,0.5612045599489797,1.0,7.213853900935374,3.1314373405612246,1.0,1217,0.9976999921876288,35,5,0.9956099671559466,o0r0,1.4094837640467732,1,task01_state35
0.0,13.892352253401361,0.6426777742346932,1.0,5.871532206632653,4.408209768282313,1.0,1217,0.9982047995287677,35,5,0.99612100639545,o1r0,0.9961226240413457,1,task01_state35
0.0,12.831141050170068,0.4770474596088441,1.0,10.513844600340136,3.7071441857993204,1.0,1217,0.9978989836716461,35,5,0.9958066887740625,o0r1,0.9979077940731507,1,task01_state35
1.0,12.526167889030612,0.7153287096088441,1.0,10.57481000212585,3.960080516581632,1.0,1217,0.9979816425566407,35,5,0.9958833514860291,o1r1,0.0045848186176491775,1,task01_state35
0.0,14.035893654336734,0.31429368622448983,1.0,13.373186383928571,5.756184895833334,1.0,1201,0.9984604351277363,17,6,0.9980934320284864,o0r0,1.4117768023217663,2,task02_state17
0.0,14.25590587797619,0.029562606292516946,1.0,14.40815662202381,3.76762462797619,1.0,1201,1.0041151982001588,17,6,0.9957175129370907,o1r0,0.9957260167465003,2,task02_state17
0.0,13.916952327806122,-0.20824032738095255,0.0,12.2638778167517,5.663278592687076,1.0,1201,1.0088757795967442,17,6,0.9987073705003241,o0r1,1.0088766076919229,2,task02_state17
1.0,14.142059948979592,-0.1900310905612237,0.0,13.108478156887756,4.755434204931973,1.0,1201,1.003958576213946,17,6,0.9983697503570668,o1r1,0.004281125966367158,2,task02_state17
0.0,14.035893654336734,0.31429368622448983,1.0,13.373186383928571,5.756184895833334,1.0,1213,1.0085109413108675,17,6,0.9981692079343809,o0r0,1.4189559846634008,2,task02_state17
0.0,14.25590587797619,0.029562606292516946,1.0,14.40815662202381,3.76762462797619,1.0,1213,0.9994046855866542,17,6,0.9988549871353446,o1r0,0.9988551645380827,2,task02_state17
0.0,13.916952327806122,-0.20824032738095255,0.0,12.2638778167517,5.663278592687076,1.0,1213,1.0080368357704945,17,6,1.001970060192199,o0r1,1.0080387608655492,2,task02_state17
1.0,14.142059948979592,-0.1900310905612237,0.0,13.108478156887756,4.755434204931973,1.0,1213,1.00572727918008,17,6,1.001402832671576,o1r1,0.005896580900065628,2,task02_state17
0.0,14.035893654336734,0.31429368622448983,1.0,13.373186383928571,5.756184895833334,1.0,1217,1.0015426589057674,17,6,0.9964245136687303,o0r0,1.4127807717576002,2,task02_state17
0.0,14.25590587797619,0.029562606292516946,1.0,14.40815662202381,3.76762462797619,1.0,1217,1.004832514725785,17,6,0.9963938299605187,o1r0,0.9964055487510927,2,task02_state17
0.0,13.916952327806122,-0.20824032738095255,0.0,12.2638778167517,5.663278592687076,1.0,1217,1.0077199254019884,17,6,0.9995406844647288,o0r1,1.0077200300792626,2,task02_state17
1.0,14.142059948979592,-0.1900310905612237,0.0,13.108478156887756,4.755434204931973,1.0,1217,1.0044021499884255,17,6,0.998842448000573,o1r1,0.004551796475236112,2,task02_state17
0.0,14.574723639455783,0.38639987244897966,1.0,14.059809470663266,5.449849861819727,1.0,1201,0.9980805611004895,35,4,0.9924105412383343,o0r0,1.4074954667094426,2,task02_state35
0.0,14.880919164540817,0.027543048469386378,1.0,13.48126594387755,6.703676392431975,1.0,1201,0.9990423961104558,35,4,0.9933354169600945,o1r0,0.9933358785388224,2,task02_state35
0.0,14.598347151360544,-0.10962080144557795,0.0,13.87945099914966,6.112025669642859,1.0,1201,1.0009482570780366,35,4,0.9952682455561475,o0r1,1.000959441160168,2,task02_state35
1.0,14.83491443452381,-0.0678345556972797,0.0,14.452620110544217,5.785481770833336,1.0,1201,0.9995750582163514,35,4,0.9938557463978898,o1r1,0.006158930738897386,2,task02_state35
0.0,14.574723639455783,0.38639987244897966,1.0,14.059809470663266,5.449849861819727,1.0,1213,0.9974574335320854,35,4,0.9917276891824472,o0r0,1.4065721244214857,2,task02_state35
0.0,14.880919164540817,0.027543048469386378,1.0,13.48126594387755,6.703676392431975,1.0,1213,0.9986672550459109,35,4,0.9929580138602345,o1r0,0.9929589082627611,2,task02_state35
0.0,14.598347151360544,-0.10962080144557795,0.0,13.87945099914966,6.112025669642859,1.0,1213,1.0009613394302301,35,4,0.9952296616946459,o0r1,1.0009727065017846,2,task02_state35
1.0,14.83491443452381,-0.0678345556972797,0.0,14.452620110544217,5.785481770833336,1.0,1213,0.999430697590379,35,4,0.9936586401836068,o1r1,0.00636686340002409,2,task02_state35
0.0,14.574723639455783,0.38639987244897966,1.0,14.059809470663266,5.449849861819727,1.0,1217,1.0001501458796431,35,4,0.9944265070292937,o0r0,1.4103844838148047,2,task02_state35
0.0,14.880919164540817,0.027543048469386378,1.0,13.48126594387755,6.703676392431975,1.0,1217,1.0012584962817963,35,4,0.995502265102492,o1r0,0.9955030605864974,2,task02_state35
0.0,14.598347151360544,-0.10962080144557795,0.0,13.87945099914966,6.112025669642859,1.0,1217,1.0032474230455977,35,4,0.997559396423312,o0r1,1.0032503916737092,2,task02_state35
1.0,14.83491443452381,-0.0678345556972797,0.0,14.452620110544217,5.785481770833336,1.0,1217,1.0018511895124962,35,4,0.9961815291560933,o1r1,0.004243538876567731,2,task02_state35
0.0,15.324730282738095,0.5507015306122458,1.0,6.736660289115647,-0.12038956207483054,0.0,1201,1.004451285656069,17,12,0.9991238867755029,o0r0,1.4167465992129706,3,task03_state17
0.0,14.773450786564625,0.9712080144557831,1.0,6.600439785289115,0.3301844175170068,1.0,1201,1.0046854914764616,17,12,0.9990847999915416,o1r0,0.9990957869015937,3,task03_state17
0.0,16.284531781462587,0.1656635310374135,1.0,4.801810958758503,27.014708227040813,1.0,1201,1.0076482206763622,17,12,0.999037588802613,o0r1,1.0076486802787723,3,task03_state17
1.0,15.92623299319728,0.264834449404761,1.0,6.30988919005102,0.8572358630952381,1.0,1201,1.004298756806033,17,12,0.9992322031862991,o1r1,0.004366786235270168,3,task03_state17
0.0,15.324730282738095,0.5507015306122458,1.0,6.736660289115647,-0.12038956207483054,0.0,1213,1.0040735101430283,17,12,0.9984814850154533,o0r0,1.4160257376508405,3,task03_state17
0.0,14.773450786564625,0.9712080144557831,1.0,6.600439785289115,0.3301844175170068,1.0,1213,1.0054444617938976,17,12,0.9987068158245006,o1r0,0.998721655987562,3,task03_state17
0.0,16.284531781462587,0.1656635310374135,1.0,4.801810958758503,27.014708227040813,1.0,1213,1.0040701469812228,17,12,0.9987925455568673,o0r1,1.004070872999076,3,task03_state17
1.0,15.92623299319728,0.264834449404761,1.0,6.30988919005102,0.8572358630952381,1.0,1213,1.0036838445354996,17,12,0.9980995587770529,o1r1,0.004145164339758693,3,task03_state17
0.0,15.324730282738095,0.5507015306122458,1.0,6.736660289115647,-0.12038956207483054,0.0,1217,1.0044725461008346,17,12,0.9999803490140238,o0r0,1.4173657940999218,3,task03_state17
0.0,14.773450786564625,0.9712080144557831,1.0,6.600439785289115,0.3301844175170068,1.0,1217,0.9997151865761935,17,12,0.9985341711549861,o1r0,0.9985342117738688,3,task03_state17
0.0,16.284531781462587,0.1656635310374135,1.0,4.801810958758503,27.014708227040813,1.0,1217,1.005674756234008,17,12,0.9996422336334645,o0r1,1.0056748198712666,3,task03_state17
1.0,15.92623299319728,0.264834449404761,1.0,6.30988919005102,0.8572358630952381,1.0,1217,0.9997181775690948,17,12,0.9988953580630768,o1r1,0.0011400253029519598,3,task03_state17
0.0,15.371445843962585,1.1956313775510221,1.0,6.786557982568027,2.675562021683673,1.0,1201,1.0000459144749534,35,13,0.9995546086606037,o0r0,1.413931132252451,3,task03_state35
0.0,14.325069090136054,1.8439625850340136,1.0,6.316326530612245,9.371611926020407,1.0,1201,0.9995821031425173,35,13,0.9999962492149045,o1r0,0.9999963365341199,3,task03_state35
0.0,15.928863732993197,0.6291121917517017,1.0,15.059058779761905,25.52695843962585,1.0,1201,0.9995569615030815,35,13,0.9978379134531142,o0r1,0.9995592998454413,3,task03_state35
1.0,15.310420652636054,0.689512914540817,1.0,6.796728847789115,1.4890585140306118,1.0,1201,0.9995877136053403,35,13,0.9989347806907055,o1r1,0.00114222250376857,3,task03_state35
0.0,15.371445843962585,1.1956313775510221,1.0,6.786557982568027,2.675562021683673,1.0,1213,0.9993502951919582,35,13,0.997722333417781,o0r0,1.412144067402783,3,task03_state35
0.0,14.325069090136054,1.8439625850340136,1.0,6.316326530612245,9.371611926020407,1.0,1213,0.9996920611229816,35,13,1.000622267413801,o1r0,1.0006223147974906,3,task03_state35
0.0,15.928863732993197,0.6291121917517017,1.0,15.059058779761905,25.52695843962585,1.0,1213,0.9996980375327154,35,13,0.996244920404783,o0r1,0.9997050899487953,3,task03_state35
1.0,15.310420652636054,0.689512914540817,1.0,6.796728847789115,1.4890585140306118,1.0,1213,1.000613637451526,35,13,0.9994121714495359,o1r1,0.0008497607467140768,3,task03_state35
0.0,15.371445843962585,1.1956313775510221,1.0,6.786557982568027,2.675562021683673,1.0,1217,1.0002316999932217,35,13,1.000077965348554,o0r0,1.414432533013517,3,task03_state35
0.0,14.325069090136054,1.8439625850340136,1.0,6.316326530612245,9.371611926020407,1.0,1217,1.000192362917886,35,13,1.0000399990342508,o1r0,1.0000400175352566,3,task03_state35
0.0,15.928863732993197,0.6291121917517017,1.0,15.059058779761905,25.52695843962585,1.0,1217,0.9999832691453182,35,13,0.9997921933053404,o0r1,0.9999832907374904,3,task03_state35
1.0,15.310420652636054,0.689512914540817,1.0,6.796728847789115,1.4890585140306118,1.0,1217,0.9995038025695039,35,13,0.9982701796475637,o1r1,0.0017995806016218824,3,task03_state35
0.0,11.36248405612245,1.773703231292517,1.0,10.920141103316327,26.338176286139458,1.0,1201,0.9983291907846561,17,12,0.9955154048940303,o0r0,1.4098624381669551,4,task04_state17
0.0,11.860863095238095,1.4342580782312933,1.0,4.828370801445578,33.669011745323125,1.0,1201,1.0000630012535563,17,12,0.9978189125364487,o1r0,0.9978189145253656,4,task04_state17
0.0,10.29496837797619,2.2693585246598644,1.0,6.889661724064626,7.675003985969387,1.0,1201,0.9982779034187168,17,12,0.9963830417323828,o0r1,0.9982844558747664,4,task04_state17
1.0,10.596905559098639,1.9728422619047628,1.0,8.114224596088436,7.186762595663264,1.0,1201,0.9977925612337551,17,12,0.9958242872571215,o1r1,0.004723278820666716,4,task04_state17
0.0,11.36248405612245,1.773703231292517,1.0,10.920141103316327,26.338176286139458,1.0,1213,0.9983743577744095,17,12,0.995298665279492,o0r0,1.409741391663238,4,task04_state17
0.0,11.860863095238095,1.4342580782312933,1.0,4.828370801445578,33.669011745323125,1.0,1213,1.0003985210471131,17,12,0.9974707749007233,o1r0,0.9974708545115865,4,task04_state17
0.0,10.29496837797619,2.2693585246598644,1.0,6.889661724064626,7.675003985969387,1.0,1213,0.9986164228647525,17,12,0.9961435181521928,o0r1,0.9986238693659574,4,task04_state17
1.0,10.596905559098639,1.9728422619047628,1.0,8.114224596088436,7.186762595663264,1.0,1213,0.9978440246522663,17,12,0.9952051484906995,o1r1,0.005257264564036754,4,task04_state17
0.0,11.36248405612245,1.773703231292517,1.0,10.920141103316327,26.338176286139458,1.0,1217,0.9967943389777995,17,12,0.9936161940760205,o0r0,1.4074345794204093,4,task04_state17
0.0,11.860863095238095,1.4342580782312933,1.0,4.828370801445578,33.669011745323125,1.0,1217,0.9984180109669021,17,12,0.9958459487442703,o1r0,0.9958472053079612,4,task04_state17
0.0,10.29496837797619,2.2693585246598644,1.0,6.889661724064626,7.675003985969387,1.0,1217,0.9970223864393396,17,12,0.994525771187273,o0r1,0.997037414665212,4,task04_state17
1.0,10.596905559098639,1.9728422619047628,1.0,8.114224596088436,7.186762595663264,1.0,1217,0.9967270284134776,17,12,0.9939374417993827,o1r1,0.006889626618479043,4,task04_state17
0.0,11.294390412414966,1.581785448554422,1.0,8.05507281037415,7.24691087372449,1.0,1201,0.9978009054497199,35,12,0.995944663038818,o0r0,1.4097916224576543,4,task04_state35
0.0,11.463289221938776,1.4749083227040813,1.0,7.16633450255102,7.529356664540817,1.0,1201,0.9978638511637357,35,12,0.9959799068992038,o1r0,0.9959821976716237,4,task04_state35
0.0,9.212272799744898,2.394351881377551,1.0,7.350393282312925,7.045041454081632,1.0,1201,0.9992720532025823,35,12,0.9975527028618525,o0r1,0.9992750500112503,4,task04_state35
1.0,9.343975871598639,1.684038849914966,1.0,8.329613095238095,7.064798575680273,1.0,1201,0.9992143454713477,35,12,0.9975880415362393,o1r1,0.002536690101155239,4,task04_state35
0.0,11.294390412414966,1.581785448554422,1.0,8.05507281037415,7.24691087372449,1.0,1213,0.9995112363735338,35,12,0.9972003025679487,o0r0,1.4118892148743678,4,task04_state35
0.0,11.463289221938776,1.4749083227040813,1.0,7.16633450255102,7.529356664540817,1.0,1213,0.9996144459449027,35,12,0.9974406314033302,o1r0,0.9974407059200078,4,task04_state35
0.0,9.212272799744898,2.394351881377551,1.0,7.350393282312925,7.045041454081632,1.0,1213,1.0011069604529788,35,12,0.9991242681864652,o0r1,1.0011073434820121,4,task04_state35
1.0,9.343975871598639,1.684038849914966,1.0,8.329613095238095,7.064798575680273,1.0,1213,1.0009120739644677,35,12,0.9987771525438283,o1r1,0.0015255277177834209,4,task04_state35
0.0,11.294390412414966,1.581785448554422,1.0,8.05507281037415,7.24691087372449,1.0,1217,0.99892038166556,35,12,0.9967358518681908,o0r0,1.4111429010933925,4,task04_state35
0.0,11.463289221938776,1.4749083227040813,1.0,7.16633450255102,7.529356664540817,1.0,1217,0.9990735995064983,35,12,0.9968953797038487,o1r0,0.9968958101490621,4,task04_state35
0.0,9.212272799744898,2.394351881377551,1.0,7.350393282312925,7.045041454081632,1.0,1217,1.0002648980439675,35,12,0.9982990507520857,o0r1,1.00026634427399,4,task04_state35
1.0,9.343975871598639,1.684038849914966,1.0,8.329613095238095,7.064798575680273,1.0,1217,1.0001958799005262,35,12,0.9982155828349606,o1r1,0.0017951360823952657,4,task04_state35
0.0,10.830563084608844,1.0764907525510203,1.0,8.406721673044217,6.346101721938776,1.0,1201,0.9990406353964328,17,5,0.9957340105769961,o0r0,1.4105206170038982,5,task05_state17
0.0,10.423901201105442,1.3578470450680271,1.0,7.6261293579931975,7.017285820578231,1.0,1201,0.9991933157951828,17,5,0.9958920362575996,o1r0,0.9958923629693694,5,task05_state17
0.0,9.903805272108844,0.6044058248299322,1.0,6.547320099914966,8.778652476615646,1.0,1201,0.9992426451042815,17,5,0.9961187383517917,o0r1,0.9992501828806353,5,task05_state17
1.0,9.675674957482993,0.8591889880952372,1.0,6.572405133928571,8.689619207057824,1.0,1201,0.9991806634048269,17,5,0.9964631257882807,o1r1,0.0036305359997822724,5,task05_state17
0.0,10.830563084608844,1.0764907525510203,1.0,8.406721673044217,6.346101721938776,1.0,1213,0.9998239485317643,17,5,0.9964364687916092,o0r0,1.411571310418124,5,task05_state17
0.0,10.423901201105442,1.3578470450680271,1.0,7.6261293579931975,7.017285820578231,1.0,1213,1.000043830204037,17,5,0.9964392143056962,o1r0,0.996439215269672,5,task05_state17
0.0,9.903805272108844,0.6044058248299322,1.0,6.547320099914966,8.778652476615646,1.0,1213,0.9999193226320794,17,5,0.996507880170251,o0r1,0.9999254205559042,5,task05_state17
1.0,9.675674957482993,0.8591889880952372,1.0,6.572405133928571,8.689619207057824,1.0,1213,0.9998314667079243,17,5,0.9965495134738719,o1r1,0.003454599938853924,5,task05_state17
0.0,10.830563084608844,1.0764907525510203,1.0,8.406721673044217,6.346101721938776,1.0,1217,0.9990990207233205,17,5,0.9958888892127525,o0r0,1.41067130575046,5,task05_state17
0.0,10.423901201105442,1.3578470450680271,1.0,7.6261293579931975,7.017285820578231,1.0,1217,0.9996655722006742,17,5,0.9963641674439105,o1r0,0.9963642235689467,5,task05_state17
0.0,9.903805272108844,0.6044058248299322,1.0,6.547320099914966,8.778652476615646,1.0,1217,0.9992561938685879,17,5,0.9962322013773884,o0r1,0.99926329728015,5,task05_state17
1.0,9.675674957482993,0.8591889880952372,1.0,6.572405133928571,8.689619207057824,1.0,1217,0.9996056084752813,17,5,0.9965794735923503,o1r1,0.003443188287067477,5,task05_state17
0.0,11.547479538690476,0.9155572385204085,1.0,8.31840587797619,8.088701105442176,1.0,1201,0.99818312286216,35,5,0.9961531669296251,o0r0,1.4102094449941738,5,task05_state35
0.0,11.26287468112245,1.3024354272959187,1.0,7.075494260204081,9.837146577380953,1.0,1201,0.9974830925268494,35,5,0.9952823634508302,o1r0,0.9952855458708817,5,task05_state35
0.0,9.873445471938776,0.6609401573129237,1.0,6.238480548469388,8.64228582057823,1.0,1201,0.9987915595060229,35,5,0.9966163579218029,o0r1,0.9987972909325429,5,task05_state35
1.0,9.796569409013605,1.039407950680273,1.0,6.6580303996598635,8.472470238095237,1.0,1201,0.9977136815090268,35,5,0.9955123962013621,o1r1,0.005036451141003451,5,task05_state35
0.0,11.547479538690476,0.9155572385204085,1.0,8.31840587797619,8.088701105442176,1.0,1213,0.9986076952152961,35,5,0.9966623785600524,o0r0,1.4108696700192356,5,task05_state35
0.0,11.26287468112245,1.3024354272959187,1.0,7.075494260204081,9.837146577380953,1.0,1213,0.9986696938951211,35,5,0.9967944406118553,o1r0,0.9967953283142102,5,task05_state35
0.0,9.873445471938776,0.6609401573129237,1.0,6.238480548469388,8.64228582057823,1.0,1213,0.9987911582336645,35,5,0.9969434190253217,o0r1,0.9987958352200913,5,task05_state35
1.0,9.796569409013605,1.039407950680273,1.0,6.6580303996598635,8.472470238095237,1.0,1213,0.9986132149477918,35,5,0.9969120670602346,o1r1,0.003385041007361114,5,task05_state35
0.0,11.547479538690476,0.9155572385204085,1.0,8.31840587797619,8.088701105442176,1.0,1217,1.0002120938175407,35,5,0.9976679425153926,o0r0,1.4127156671254713,5,task05_state35
0.0,11.26287468112245,1.3024354272959187,1.0,7.075494260204081,9.837146577380953,1.0,1217,0.9997817909596333,35,5,0.9973308456013629,o1r0,0.9973308694726715,5,task05_state35
0.0,9.873445471938776,0.6609401573129237,1.0,6.238480548469388,8.64228582057823,1.0,1217,1.0005590932266921,35,5,0.9980240762434128,o0r1,1.0005610442713189,5,task05_state35
1.0,9.796569409013605,1.039407950680273,1.0,6.6580303996598635,8.472470238095237,1.0,1217,1.0004584324395518,35,5,0.9980514920684003,o1r1,0.0020017101341454177,5,task05_state35
0.0,10.093510841836734,2.597895408163266,1.0,9.144949776785714,13.30646125637755,1.0,1201,0.9961906330443313,17,4,0.994233591000207,o0r0,1.4074431465741102,6,task06_state17
0.0,10.141448767006803,2.2674851190476186,1.0,4.261745323129252,18.151393760629254,1.0,1201,0.9960104725409854,17,4,0.9940534081033747,o1r0,0.9940614138428675,6,task06_state17
0.0,9.4704971832483,1.995588860544217,1.0,8.302010257227892,10.903898278061224,1.0,1201,0.9973225701128493,17,4,0.995370313028083,o0r1,0.9973333158267386,6,task06_state17
1.0,9.358903326955783,1.9188988095238084,1.0,11.755580357142858,8.298416241496597,1.0,1201,0.9980963541435907,17,4,0.9962501554587446,o1r1,0.004205377703632243,6,task06_state17
0.0,10.093510841836734,2.597895408163266,1.0,9.144949776785714,13.30646125637755,1.0,1213,0.9968482019718489,17,4,0.9946803090241056,o0r0,1.4082241493934118,6,task06_state17
0.0,10.141448767006803,2.2674851190476186,1.0,4.261745323129252,18.151393760629254,1.0,1213,0.9968358355889241,17,4,0.9947386029520026,o1r0,0.9947436353851791,6,task06_state17
0.0,9.4704971832483,1.995588860544217,1.0,8.302010257227892,10.903898278061224,1.0,1213,0.9985323622299855,17,4,0.9961632817918774,o0r1,0.9985397332240734,6,task06_state17
1.0,9.358903326955783,1.9188988095238084,1.0,11.755580357142858,8.298416241496597,1.0,1213,0.999157831571382,17,4,0.9968993805172854,o1r1,0.00321295640162607,6,task06_state17
0.0,10.093510841836734,2.597895408163266,1.0,9.144949776785714,13.30646125637755,1.0,1217,0.9964290996293987,17,4,0.9946569975785635,o0r0,1.4079110388871368,6,task06_state17
0.0,10.141448767006803,2.2674851190476186,1.0,4.261745323129252,18.151393760629254,1.0,1217,0.9965002849111523,17,4,0.9948907389024527,o1r0,0.9948968943360772,6,task06_state17
0.0,9.4704971832483,1.995588860544217,1.0,8.302010257227892,10.903898278061224,1.0,1217,0.9984650806023461,17,4,0.996822529238573,o0r1,0.9984701365101959,6,task06_state17
1.0,9.358903326955783,1.9188988095238084,1.0,11.755580357142858,8.298416241496597,1.0,1217,0.998273103721585,17,4,0.9965844001797979,o1r1,0.0038273349589719075,6,task06_state17
0.0,10.247103528911564,3.302654655612246,1.0,7.789162149234694,8.246771364795919,1.0,1201,0.9970777650250915,35,5,0.9950052199946355,o0r0,1.4086161497455596,6,task06_state35
0.0,10.209701849489797,3.0283535289115644,1.0,5.106790763180272,10.33715986394558,1.0,1201,0.997141851083529,35,5,0.995020725418202,o1r0,0.9950248303570085,6,task06_state35
0.0,9.819149925595237,2.9225393282312933,1.0,7.766847363945578,9.969022374574829,1.0,1201,0.9979915298005415,35,5,0.9957679352790607,o0r1,0.9980005029685243,6,task06_state35
1.0,9.501601031037415,2.8780824829931966,1.0,10.670539700255102,7.591285342261905,1.0,1201,0.9982190822711808,35,5,0.9960480748244283,o1r1,0.004334671908015668,6,task06_state35
0.0,10.247103528911564,3.302654655612246,1.0,7.789162149234694,8.246771364795919,1.0,1213,0.9981102051803608,35,5,0.9960287434964713,o0r0,1.4100699413704063,6,task06_state35
0.0,10.209701849489797,3.0283535289115644,1.0,5.106790763180272,10.33715986394558,1.0,1213,0.9980917056053533,35,5,0.995894543285691,o1r0,0.9958963715837666,6,task06_state35
0.0,9.819149925595237,2.9225393282312933,1.0,7.766847363945578,9.969022374574829,1.0,1213,0.9986242310121454,35,5,0.9963928979643437,o0r1,0.9986307455459672,6,task06_state35
1.0,9.501601031037415,2.8780824829931966,1.0,10.670539700255102,7.591285342261905,1.0,1213,0.999262008284687,35,5,0.996981779326739,o1r1,0.0031071349832877296,6,task06_state35
0.0,10.247103528911564,3.302654655612246,1.0,7.789162149234694,8.246771364795919,1.0,1217,0.9979634833671689,35,5,0.9954370481432965,o0r0,1.4095481655305622,6,task06_state35
0.0,10.209701849489797,3.0283535289115644,1.0,5.106790763180272,10.33715986394558,1.0,1217,0.997814906585933,35,5,0.995399034541658,o1r0,0.9954014328901145,6,task06_state35
0.0,9.819149925595237,2.9225393282312933,1.0,7.766847363945578,9.969022374574829,1.0,1217,0.9990183839366547,35,5,0.9964307826732329,o0r1,0.999024759831172,6,task06_state35
1.0,9.501601031037415,2.8780824829931966,1.0,10.670539700255102,7.591285342261905,1.0,1217,0.9992276130180202,35,5,0.9967072916159943,o1r1,0.003382086656493828,6,task06_state35
0.0,10.92496412627551,0.5862895939625847,1.0,5.102897799744898,2.6721673044217686,1.0,1201,0.9988594943000081,17,4,0.9968234021745069,o0r0,1.4111616436383276,7,task07_state17
0.0,11.095829347363946,0.40156648596938815,1.0,5.462611607142857,2.1238440688775517,1.0,1201,0.9987860533475373,17,4,0.9967584269105831,o1r0,0.996759166139813,7,task07_state17
0.0,11.738181600765307,0.6082124255952372,1.0,8.962213010204081,2.9524606717687085,1.0,1201,0.9992090475485486,17,4,0.9972421660155114,o0r1,0.9992128533756777,7,task07_state17
1.0,11.85551525297619,0.46020009566326614,1.0,7.095962213010204,4.597981770833333,1.0,1201,0.9996350397479595,17,4,0.997635291161001,o1r1,0.0023927063921027423,7,task07_state17
0.0,10.92496412627551,0.5862895939625847,1.0,5.102897799744898,2.6721673044217686,1.0,1213,0.9982389389274621,17,4,0.9964762175617244,o0r0,1.4104771644224328,7,task07_state17
0.0,11.095829347363946,0.40156648596938815,1.0,5.462611607142857,2.1238440688775517,1.0,1213,0.9986980828421086,17,4,0.9969324397437518,o1r0,0.9969332898452711,7,task07_state17
0.0,11.738181600765307,0.6082124255952372,1.0,8.962213010204081,2.9524606717687085,1.0,1213,0.9985750544837079,17,4,0.9967482544572055,o0r1,0.9985803489385394,7,task07_state17
1.0,11.85551525297619,0.46020009566326614,1.0,7.095962213010204,4.597981770833333,1.0,1213,0.9987354956386889,17,4,0.9969135329673358,o1r1,0.0033354534959279497,7,task07_state17
0.0,10.92496412627551,0.5862895939625847,1.0,5.102897799744898,2.6721673044217686,1.0,1217,0.9981029554698969,17,4,0.9963295878703361,o0r0,1.4102773334999101,7,task07_state17
0.0,11.095829347363946,0.40156648596938815,1.0,5.462611607142857,2.1238440688775517,1.0,1217,0.9981547053971067,17,4,0.9964020394432421,o1r0,0.9964037481457121,7,task07_state17
0.0,11.738181600765307,0.6082124255952372,1.0,8.962213010204081,2.9524606717687085,1.0,1217,0.9985952841161873,17,4,0.9967892655975065,o0r1,0.9986004457612124,7,task07_state17
1.0,11.85551525297619,0.46020009566326614,1.0,7.095962213010204,4.597981770833333,1.0,1217,0.99843507497197,17,4,0.9965838017373115,o1r1,0.0037575791293531337,7,task07_state17
0.0,12.318000637755102,0.6291586947278915,1.0,5.5177109906462585,2.149334343112245,1.0,1201,0.9980602895200582,35,5,0.9963467309366497,o0r0,1.4102592491329426,7,task07_state35
0.0,12.373917144982993,0.5554714073129254,1.0,5.8282777954931975,1.8673270089285712,1.0,1201,0.9978479873155118,35,5,0.9961226542218393,o1r0,0.9961249788116732,7,task07_state35
0.0,11.20746306335034,0.5828550170068016,1.0,8.473287361819727,2.078125,1.0,1201,0.998627845396376,35,5,0.9968294324808181,o0r1,0.9986328785391566,7,task07_state35
1.0,11.130487351190476,0.6075946003401356,1.0,6.9727891156462585,3.69569781037415,1.0,1201,0.998675217190048,35,5,0.9968915867033358,o1r1,0.003378946983369697,7,task07_state35
0.0,12.318000637755102,0.6291586947278915,1.0,5.5177109906462585,2.149334343112245,1.0,1213,0.9963682893865043,35,5,0.994508858805156,o0r0,1.4077633459985108,7,task07_state35
0.0,12.373917144982993,0.5554714073129254,1.0,5.8282777954931975,1.8673270089285712,1.0,1213,0.9963111220169998,35,5,0.994451139421651,o1r0,0.9944579812731121,7,task07_state35
0.0,11.20746306335034,0.5828550170068016,1.0,8.473287361819727,2.078125,1.0,1213,0.997310007144385,35,5,0.9954302526775968,o0r1,0.9973204765474957,7,task07_state35
1.0,11.130487351190476,0.6075946003401356,1.0,6.9727891156462585,3.69569781037415,1.0,1213,0.9966359772000772,35,5,0.9947765884972526,o1r1,0.00621294432016207,7,task07_state35
0.0,12.318000637755102,0.6291586947278915,1.0,5.5177109906462585,2.149334343112245,1.0,1217,0.9965259194081763,35,5,0.9949092712027993,o0r0,1.4081577915764967,7,task07_state35
0.0,12.373917144982993,0.5554714073129254,1.0,5.8282777954931975,1.8673270089285712,1.0,1217,0.9968278742722172,35,5,0.9952281818945219,o1r0,0.9952332371955372,7,task07_state35
0.0,11.20746306335034,0.5828550170068016,1.0,8.473287361819727,2.078125,1.0,1217,0.9967898143810985,35,5,0.9951211678795903,o0r1,0.9968017541400918,7,task07_state35
1.0,11.130487351190476,0.6075946003401356,1.0,6.9727891156462585,3.69569781037415,1.0,1217,0.9975632001660616,35,5,0.9959215306291097,o1r1,0.004750989985252811,7,task07_state35
0.0,15.51719281462585,1.9298137223639458,1.0,5.746193399234694,3.7845118516156466,1.0,1201,0.9946614717052397,17,21,0.9921554134953685,o0r0,1.4048928100830322,8,task08_state17
0.0,15.15002524447279,2.2800209927721085,1.0,8.912414965986395,12.62329931972789,1.0,1201,0.9952268691066108,17,21,0.9926912030518421,o1r0,0.9927026782451224,8,task08_state17
0.0,13.392392113095237,1.7230282738095255,1.0,6.56061330782313,13.493416507227892,1.0,1201,0.9968808683016438,17,21,0.9943032204173519,o0r1,0.9968971455889782,8,task08_state17
1.0,12.925223214285714,2.240433673469388,1.0,5.811569940476191,3.140764508928572,1.0,1201,0.9975060644158505,17,21,0.9949404533057308,o1r1,0.005640809113006529,8,task08_state17
0.0,15.51719281462585,1.9298137223639458,1.0,5.746193399234694,3.7845118516156466,1.0,1213,0.9939556508082104,17,21,0.9915054821381835,o0r0,1.4039340999077004,8,task08_state17
0.0,15.15002524447279,2.2800209927721085,1.0,8.912414965986395,12.62329931972789,1.0,1213,0.99498706666128,17,21,0.9925327072894713,o1r0,0.9925453664896259,8,task08_state17
0.0,13.392392113095237,1.7230282738095255,1.0,6.56061330782313,13.493416507227892,1.0,1213,0.9966948637497384,17,21,0.9941765495226407,o0r1,0.9967118761209639,8,task08_state17
1.0,12.925223214285714,2.240433673469388,1.0,5.811569940476191,3.140764508928572,1.0,1213,0.9965718909312549,17,21,0.9940318058271302,o1r1,0.0068826792364811784,8,task08_state17
0.0,15.51719281462585,1.9298137223639458,1.0,5.746193399234694,3.7845118516156466,1.0,1217,0.9947161782198307,17,21,0.9921244102669103,o0r0,1.4049096485752137,8,task08_state17
0.0,15.15002524447279,2.2800209927721085,1.0,8.912414965986395,12.62329931972789,1.0,1217,0.9951727331693273,17,21,0.9925980710454204,o1r0,0.9926098091134018,8,task08_state17
0.0,13.392392113095237,1.7230282738095255,1.0,6.56061330782313,13.493416507227892,1.0,1217,0.9971394434402301,17,21,0.994468236510961,o0r1,0.9971547874184782,8,task08_state17
1.0,12.925223214285714,2.240433673469388,1.0,5.811569940476191,3.140764508928572,1.0,1217,0.9977036046007082,17,21,0.995007892066463,o1r1,0.005494958912491673,8,task08_state17
0.0,13.109381643282314,2.099529655612244,1.0,6.258862138605442,8.596194727891156,1.0,1201,0.9977921272532169,35,20,0.9957587319877521,o0r0,1.4096540644918367,8,task08_state35
0.0,12.893501541241497,2.44006430697279,1.0,7.994167198129252,39.947431707057824,1.0,1201,0.996791273765206,35,20,0.9947314236032041,o1r0,0.9947365988178514,8,task08_state35
0.0,13.962817548894558,2.085611979166666,1.0,8.425269717261905,6.549731611394558,1.0,1201,0.9974109854387291,35,20,0.9953000853465612,o0r1,0.9974220586449882,8,task08_state35
1.0,13.375949989370747,2.652297247023812,1.0,8.255919164540817,6.370655293367346,1.0,1201,0.9973233093650645,35,20,0.9949253210496015,o1r1,0.005737337292226134,8,task08_state35
0.0,13.109381643282314,2.099529655612244,1.0,6.258862138605442,8.596194727891156,1.0,1213,0.9969399499300573,35,20,0.9955796304639929,o0r0,1.4089244352914623,8,task08_state35
0.0,12.893501541241497,2.44006430697279,1.0,7.994167198129252,39.947431707057824,1.0,1213,0.9956910977305851,35,20,0.9942714393068633,o1r0,0.9942807760688673,8,task08_state35
0.0,13.962817548894558,2.085611979166666,1.0,8.425269717261905,6.549731611394558,1.0,1213,0.9965723677808226,35,20,0.9946258221820532,o0r1,0.9965868582374012,8,task08_state35
1.0,13.375949989370747,2.652297247023812,1.0,8.255919164540817,6.370655293367346,1.0,1213,0.9962733398921776,35,20,0.994612513168634,o1r1,0.006550802234640984,8,task08_state35
0.0,13.109381643282314,2.099529655612244,1.0,6.258862138605442,8.596194727891156,1.0,1217,0.999089975679841,35,20,0.9970521856863508,o0r0,1.4114863940137272,8,task08_state35
0.0,12.893501541241497,2.44006430697279,1.0,7.994167198129252,39.947431707057824,1.0,1217,0.997788963850578,35,20,0.9956061584778177,o1r0,0.9956086136026604,8,task08_state35
0.0,13.962817548894558,2.085611979166666,1.0,8.425269717261905,6.549731611394558,1.0,1217,0.9983585634187354,35,20,0.9960538803710681,o0r1,0.9983663621194612,8,task08_state35
1.0,13.375949989370747,2.652297247023812,1.0,8.255919164540817,6.370655293367346,1.0,1217,0.9986345821827893,35,20,0.9962417884821355,o1r1,0.003998564696058527,8,task08_state35
0.0,15.359846673044217,0.0,1.0,9.71180112670068,2.468789859693878,1.0,1201,0.7372265924551051,17,16,0.7481548922667715,o0r0,1.0503517465333554,9,task09_state17
0.0,15.349137701955783,0.0,1.0,9.298814838435375,1.9940874787414966,1.0,1201,0.7419833159178134,17,16,0.7497393786331666,o1r0,0.7928945359491474,9,task09_state17
0.0,14.634406887755102,-0.17762808248299322,0.0,8.000305590986395,1.7539992559523814,1.0,1201,0.7859299337372673,17,16,0.8227124401454643,o0r1,0.8056778137837984,9,task09_state17
1.0,14.613766209608844,-0.17832562712585087,0.0,8.02103263180272,1.6340215773809526,1.0,1201,0.7854729060159784,17,16,0.8202435555757186,o1r1,0.27988257067078864,9,task09_state17
0.0,15.359846673044217,0.0,1.0,9.71180112670068,2.468789859693878,1.0,1213,0.7840477709421543,17,16,0.7318751274403833,o0r0,1.0725540122927322,9,task09_state17
0.0,15.349137701955783,0.0,1.0,9.298814838435375,1.9940874787414966,1.0,1213,0.7815266982130687,17,16,0.7362291069960162,o1r0,0.7679608594074537,9,task09_state17
0.0,14.634406887755102,-0.17762808248299322,0.0,8.000305590986395,1.7539992559523814,1.0,1213,0.7953171883468376,17,16,0.8410419066733039,o0r1,0.8110469194282028,9,task09_state17
1.0,14.613766209608844,-0.17832562712585087,0.0,8.02103263180272,1.6340215773809526,1.0,1213,0.7934795633616294,17,16,0.8365544993916296,o1r1,0.2633725923827763,9,task09_state17
0.0,15.359846673044217,0.0,1.0,9.71180112670068,2.468789859693878,1.0,1217,0.7452120767139251,17,16,0.6579511148177088,o0r0,0.9941029668852954,9,task09_state17
0.0,15.349137701955783,0.0,1.0,9.298814838435375,1.9940874787414966,1.0,1217,0.777959025093398,17,16,0.6695206343940285,o1r0,0.7053793833228021,9,task09_state17
0.0,14.634406887755102,-0.17762808248299322,0.0,8.000305590986395,1.7539992559523814,1.0,1217,0.7811389597180244,17,16,0.7929259118534557,o0r1,0.8081198873750602,9,task09_state17
1.0,14.613766209608844,-0.17832562712585087,0.0,8.02103263180272,1.6340215773809526,1.0,1217,0.7885669767398525,17,16,0.7965694306568496,o1r1,0.29340742981084234,9,task09_state17
0.0,12.379962531887756,5.896723533163264,1.0,12.004889455782314,17.4552309204932,1.0,1201,0.9997880664694195,35,14,0.9974331186270732,o0r0,1.4122496252393872,9,task09_state35
0.0,12.237696641156463,5.253600659013605,1.0,8.796177455357142,22.089172778486397,1.0,1201,1.000052732591998,35,14,0.9982043116809358,o1r0,0.9982043130738001,9,task09_state35
0.0,14.024360916241497,5.149739583333334,1.0,11.856677827380953,16.251713966836736,1.0,1201,0.9996696171775427,35,14,0.9998803659772939,o0r1,0.9996696243360573,9,task09_state35
1.0,13.879158694727892,4.373392325680271,1.0,8.12406994047619,19.334263392857142,1.0,1201,0.9997945232605963,35,14,1.0002445725204014,o1r1,0.00031943138257144936,9,task09_state35
0.0,12.379962531887756,5.896723533163264,1.0,12.004889455782314,17.4552309204932,1.0,1213,1.0000231605780896,35,14,0.9951307591142478,o0r0,1.4107911076512676,9,task09_state35
0.0,12.237696641156463,5.253600659013605,1.0,8.796177455357142,22.089172778486397,1.0,1213,0.9999628658978151,35,14,0.9960851867455761,o1r0,0.9960851874377566,9,task09_state35
0.0,14.024360916241497,5.149739583333334,1.0,11.856677827380953,16.251713966836736,1.0,1213,0.9999509357602266,35,14,0.9986123725218653,o0r1,0.9999518985620113,9,task09_state35
1.0,13.879158694727892,4.373392325680271,1.0,8.12406994047619,19.334263392857142,1.0,1213,0.9997156622023473,35,14,0.9989428090904551,o1r1,0.001094760522853472,9,task09_state35
0.0,12.379962531887756,5.896723533163264,1.0,12.004889455782314,17.4552309204932,1.0,1217,0.9999054911984703,35,14,0.9970424694809329,o0r0,1.4120568959066384,9,task09_state35
0.0,12.237696641156463,5.253600659013605,1.0,8.796177455357142,22.089172778486397,1.0,1217,0.9997873153011116,35,14,0.9987855715230454,o1r0,0.9987855941679363,9,task09_state35
0.0,14.024360916241497,5.149739583333334,1.0,11.856677827380953,16.251713966836736,1.0,1217,0.9999399789144336,35,14,1.0016420490436564,o0r1,0.9999413271569786,9,task09_state35
1.0,13.879158694727892,4.373392325680271,1.0,8.12406994047619,19.334263392857142,1.0,1217,0.9998627282970919,35,14,1.0017871829452292,o1r1,0.0017924470424917182,9,task09_state35
