future_noise_seed,goal_endpoint_donor_steering__interaction,goal_endpoint_donor_steering__o1r1_minus_gaussian,goal_endpoint_donor_steering__object_main_effect,goal_endpoint_donor_steering__robot_main_effect,initial_state_index,modality,native_action_similarity__interaction,native_action_similarity__o1r1_minus_gaussian,native_action_similarity__object_main_effect,native_action_similarity__robot_main_effect,prefix_chunks,robot_endpoint_donor_steering__interaction,robot_endpoint_donor_steering__o1r1_minus_gaussian,robot_endpoint_donor_steering__object_main_effect,robot_endpoint_donor_steering__robot_main_effect,task_id,unit_id
1201,0.00018366934923386147,0.0006194336855052107,2.2126960416923858e-05,0.00031175132366101366,17,all,-0.0004082949250483296,0.003517678411898482,-0.0002672867027313161,0.0033275813738814688,14,-3.930435751553496e-05,0.0005745512765940042,-9.506794030988974e-05,0.0002864031086213803,0,task00_state17
1201,,,,,17,wrist,0.0012034157066465323,,-0.0008977066801984738,-0.00020091772842129388,14,,,,,0,task00_state17
1201,,,,,17,primary,0.004248241574282607,,0.0008552270379678052,-0.00047924796777409125,14,,,,,0,task00_state17
1201,,,,,17,proprio,0.0,,0.0,0.00039634528782675135,14,,,,,0,task00_state17
1213,0.0002872142925747223,0.001356753500780683,0.00012245997794446684,0.00041312389431091834,17,all,-0.0028578538526278577,-0.007357865121006255,0.0036010561994101707,-0.004086859911869266,14,0.00032550622379778904,0.001186020682901856,0.0001800587297424161,0.0002853103327589701,0,task00_state17
1213,,,,,17,wrist,-0.0013872244797942784,,0.0003512640076819241,0.0021382194869477298,14,,,,,0,task00_state17
1213,,,,,17,primary,0.0014975008136451189,,0.0035298966669195598,-0.0012537276410813656,14,,,,,0,task00_state17
1213,,,,,17,proprio,0.0,,0.0,-0.0006219158855554699,14,,,,,0,task00_state17
1217,-0.00022597316181871552,0.0013533737329758377,-0.00014248716888404234,0.0006208693765107909,17,all,0.006498053688221504,-0.003530747633743824,0.0023126167906662616,-0.0045563550416309155,14,0.00013653588250628346,0.001312192685241187,-0.0001179622145959236,0.0005010361328614543,0,task00_state17
1217,,,,,17,wrist,-0.0028027504541218353,,0.0018358590115985464,0.0006771852044407797,14,,,,,0,task00_state17
1217,,,,,17,primary,-0.0015208822699154974,,-0.0030052310518191207,-3.274088379390076e-05,14,,,,,0,task00_state17
1217,,,,,17,proprio,0.0,,0.0,-0.0011580988954839246,14,,,,,0,task00_state17
1201,-7.56864773365784e-05,0.0006281762250565093,0.00014586574145847298,0.00035982588863026077,35,all,-0.00037881804338749624,-0.000260124212024598,0.000146153160241508,0.0006409326069552598,13,-0.0003061143405146405,0.0008047163029891724,0.00014105338988540383,0.0004929785610022219,0,task00_state35
1201,,,,,35,wrist,0.001814231386087507,,0.00019869294866875064,-0.003267107215099309,13,,,,,0,task00_state35
1201,,,,,35,primary,0.00012221896138526686,,0.0014672726350848028,0.00012490725126970172,13,,,,,0,task00_state35
1201,,,,,35,proprio,0.0,,0.0,-0.002255600608344307,13,,,,,0,task00_state35
1213,-0.0002998874210143887,0.0008673245530437246,7.150202447808729e-05,0.00067768740958013,35,all,0.0022925591114771257,0.002948106866817988,-0.0006697258963962796,0.001967800481575733,13,-0.00022960338201827302,0.0011114765240272106,9.49536721517874e-05,0.0007844949855590477,0,task00_state35
1213,,,,,35,wrist,-0.0010603446388492248,,0.0004478096335331673,0.002250676397561128,13,,,,,0,task00_state35
1213,,,,,35,primary,0.00024751118680303545,,-0.0008057866369264076,-0.0013250142998070666,13,,,,,0,task00_state35
1213,,,,,35,proprio,0.0,,0.0,-0.00021259094376940846,13,,,,,0,task00_state35
1217,-0.0002571425922860415,0.0006911180372879411,-0.0002505240822019972,0.0008470054860091891,35,all,0.0015232491109089964,0.001664524715961133,-0.00017811620042711054,0.0011019984779403668,13,-5.231680933526217e-05,0.0009274034379321838,-0.00033593340925913706,0.000910266270011062,0,task00_state35
1217,,,,,35,wrist,0.0016675436931317036,,-0.0008597188804934782,-0.00029128407091144875,13,,,,,0,task00_state35
1217,,,,,35,primary,-0.000795529381134601,,-0.0008432158033069423,-0.0016309364659341718,13,,,,,0,task00_state35
1217,,,,,35,proprio,0.0,,0.0,0.0007581153752206889,13,,,,,0,task00_state35
1201,0.00014449134972682742,0.0007341991787550572,3.410506321488427e-05,0.00039364695582888576,17,all,-0.0030077270555690615,-0.0076002683836834915,-0.0005542321989673114,-0.0031649309675393974,11,0.00021201864203546084,0.0006753727241850527,2.7883142768858615e-05,0.0003348413723315846,1,task01_state17
1201,,,,,17,wrist,-0.005906526472209704,,-0.0011019529422292337,-0.004564733927270153,11,,,,,1,task01_state17
1201,,,,,17,primary,0.0025015136383912083,,-0.0005296205741462164,-0.005053615012115462,11,,,,,1,task01_state17
1201,,,,,17,proprio,0.0,,0.0,-0.0005961539592170256,11,,,,,1,task01_state17
1213,-0.0005048928334876468,0.0006693228103304971,8.487697765080515e-05,0.0005656900578749902,17,all,-0.00244850743806164,-0.0035881361211478058,-0.00016800952766932078,-0.005714610455057678,11,-0.0005697522715724102,0.0005570756821264844,0.00010305699124935064,0.0004871524260574578,1,task01_state17
1213,,,,,17,wrist,0.003765857859183517,,0.0014129485199782105,-0.0037354088771179694,11,,,,,1,task01_state17
1213,,,,,17,primary,0.00461803742411084,,0.004814915123243096,-0.001947629643795334,11,,,,,1,task01_state17
1213,,,,,17,proprio,0.0,,0.0,-0.003464253483024888,11,,,,,1,task01_state17
1217,-8.472769932788005e-05,0.000686997759736796,7.26869171326916e-05,0.00011464225071444734,17,all,-0.00012544704543729704,-0.006032042499133618,-0.0009761412759098781,-0.0048772175043431,11,-4.774759201953138e-05,0.0006536824047292944,5.4392741332898176e-05,0.00010574548954378482,1,task01_state17
1217,,,,,17,wrist,-0.002744418103295126,,-0.00024718581751911623,0.0005271849550821462,11,,,,,1,task01_state17
1217,,,,,17,primary,0.004850367946357037,,-0.00219169113879059,-0.0022778197174345297,11,,,,,1,task01_state17
1217,,,,,17,proprio,0.0,,0.0,0.0006432765348959712,11,,,,,1,task01_state17
1201,-0.00011157506193859579,0.001032151877232601,8.66971031270869e-05,0.0003247996211473425,35,all,0.000763652491155389,0.000747523593083976,-0.0006012249249000888,-0.00021001260359772376,5,-8.936858202535092e-05,0.0010088119621576297,8.60730120670894e-05,0.00031457328129580464,1,task01_state35
1201,,,,,35,wrist,0.0002598000955824197,,0.00029788056893449277,0.0005183323699138884,5,,,,,1,task01_state35
1201,,,,,35,primary,-0.0003910841262228307,,0.0009228247068266276,0.0003320986125834851,5,,,,,1,task01_state35
1201,,,,,35,proprio,0.0,,0.0,-0.0025275802059863822,5,,,,,1,task01_state35
1213,0.00016076624054905952,0.0008952498943894938,-7.531971457047648e-05,0.00039625356007638723,35,all,0.0035586919952338737,0.0044399204678429414,0.0018529398422243836,0.0009415144860785117,5,0.00015951230837707442,0.0008986987389033585,-5.749611775307528e-05,0.0003860945238096658,1,task01_state35
1213,,,,,35,wrist,-0.0010464189257433417,,-9.22711935790561e-05,0.0017756110242951395,5,,,,,1,task01_state35
1213,,,,,35,primary,0.0023145805778493553,,0.0011157581225018382,-0.0003184256628339325,5,,,,,1,task01_state35
1213,,,,,35,proprio,0.0,,0.0,0.0007871957311152769,5,,,,,1,task01_state35
1217,-0.0004221484561443001,0.000914356359084767,0.0002937331130667409,-1.208274405489762e-05,35,all,0.0037795393137851976,0.003233083629162588,0.0003646438482011096,8.648603431565122e-05,5,-0.0004343765275367506,0.0008867585091639762,0.0002938509757349772,-2.0466645652472693e-05,1,task01_state35
1217,,,,,35,wrist,-0.000884859070226951,,-0.0009121599828094372,0.002120583841746796,5,,,,,1,task01_state35
1217,,,,,35,primary,0.0024848094274448652,,-0.0003069662750464896,-0.0010017707313099804,5,,,,,1,task01_state35
1217,,,,,35,proprio,0.0,,0.0,0.0011965387684753966,5,,,,,1,task01_state35
1201,-0.010571966455220738,0.002548049897766802,0.0003687798448121504,0.0051293612413975676,17,all,0.0024961110177863424,-0.007100087397585731,0.0017831471680596388,-0.007692086376710413,6,0.0020382989481384506,0.001030786379055737,-0.0013567696173265587,0.0016330879459068859,2,task02_state17
1201,,,,,17,wrist,-0.0016535891410464944,,0.0017759066203705143,-0.006448469848351119,6,,,,,2,task02_state17
1201,,,,,17,primary,-0.0008050104619465297,,-0.0005209602719750068,0.00022720865384137385,6,,,,,2,task02_state17
1201,,,,,17,proprio,0.0,,0.0,-0.0011908047254275047,6,,,,,2,task02_state17
1213,0.006796699133798656,0.003114548325279909,-0.0057079061573139245,0.0029242440265264125,17,all,-0.0011043476497423158,-0.010373793728743336,-0.0004713472989606336,-0.013874771195182552,6,-0.0012530067215866802,0.0023240220244818977,5.927584017034748e-05,0.0031743488970247813,2,task02_state17
1213,,,,,17,wrist,0.0025899307381200033,,0.00013328339303837582,-0.009255151453156198,6,,,,,2,task02_state17
1213,,,,,17,primary,-5.412568771900536e-05,,0.00032101127098989324,-0.0014610002732284907,6,,,,,2,task02_state17
1213,,,,,17,proprio,0.0,,0.0,-0.0029442327508501284,6,,,,,2,task02_state17
1217,-0.0066076312335805465,-0.0046046706285463035,-1.3959796772655686e-05,0.0028734508794306945,17,all,0.0018168986589281316,-0.011889848840586211,-0.00031236619682328826,-0.013128244910461585,6,-0.0006675527559442118,0.003154701519315295,-0.0003644600861836822,0.002782394418026357,2,task02_state17
1217,,,,,17,wrist,-0.0006839835617584358,,0.0012560857682250874,-0.0053261204554132585,6,,,,,2,task02_state17
1217,,,,,17,primary,0.002149032337690605,,0.0017340191758824577,-0.0008145565046785317,6,,,,,2,task02_state17
1217,,,,,17,proprio,0.0,,0.0,-0.0019615790796707524,6,,,,,2,task02_state17
1201,-0.0023350338716514596,0.0017737652563694084,-0.00020568192585945777,0.0017001790417213725,35,all,-0.01514109700049699,0.003485001608480389,0.0016089971631744783,0.0021864715757720365,4,-0.0023373748800179506,0.0017260386042553533,-0.00024381171824872094,0.0016890168778042058,2,task02_state35
1201,,,,,35,wrist,-0.01721166802629421,,0.0006540381390966995,0.006060272193119386,4,,,,,2,task02_state35
1201,,,,,35,primary,0.0025479022619135823,,0.0004051719090257099,-0.0003868582710277648,4,,,,,2,task02_state35
1201,,,,,35,proprio,0.0,,0.0,-0.0003450456998192013,4,,,,,2,task02_state35
1213,-0.0027404633536767253,0.0018882660323787936,-0.00016041016301282518,0.002133674221306392,35,all,-0.021826715133017628,0.004186101953771931,0.0005526650376530759,0.006288744462703871,4,-0.002801346188826326,0.001860791733311884,-0.0001703484166258873,0.002101299417785474,2,task02_state35
1213,,,,,35,wrist,-0.021884362597782623,,6.193146117497265e-05,0.008166950390360842,4,,,,,2,task02_state35
1213,,,,,35,primary,0.0015842925304401269,,-0.001622802675447772,-0.0007201069491019115,4,,,,,2,task02_state35
1213,,,,,35,proprio,0.0,,0.0,-0.001340813316367255,4,,,,,2,task02_state35
1217,-0.002504583935254656,0.0013259209741647293,-0.00014394156547414827,0.0018449851983272092,35,all,-0.005951155316544804,-0.003873218097276563,0.0027835034087212197,-0.0036672599952782756,4,-0.0024536253404170427,0.0013848899514387059,-0.00015105459701025836,0.0019060767238098242,2,task02_state35
1217,,,,,35,wrist,-0.01075413942605637,,0.0021349616795603415,0.0005357620949881462,4,,,,,2,task02_state35
1217,,,,,35,primary,-0.0013845475860592114,,-0.0007308429547377045,0.00017108964328882426,4,,,,,2,task02_state35
1217,,,,,35,proprio,0.0,,0.0,0.00030140231272920114,4,,,,,2,task02_state35
1201,-0.003583669690721658,1.411032495068909e-06,-0.0015576290249682545,0.0014051001749323389,17,all,0.004786485283458843,0.00268270534346288,0.0012793727172135897,-0.001607822771636418,12,0.00023370116764742654,0.0005141998363741296,7.776379986246251e-05,3.0552610933765045e-05,3,task03_state17
1201,,,,,17,wrist,0.00037672785517200817,,0.00032773205989375994,-0.001283590187733579,12,,,,,3,task03_state17
1201,,,,,17,primary,-0.0005318205075477925,,0.0014086244129945828,0.0019352161971570745,12,,,,,3,task03_state17
1201,,,,,17,proprio,0.0,,0.0,-0.0010804300597110818,12,,,,,3,task03_state17
1213,-0.0017572540965924421,-0.0002636609465054285,0.000492324602573091,-0.000881990210101713,17,all,0.0020327559326817277,0.0015167903241262836,0.00039694507862258425,8.34033862950655e-05,12,-0.000918317588861628,-0.00048684260181830474,-0.0002338279853835168,-0.00014809825301687063,3,task03_state17
1213,,,,,17,wrist,0.005490079622015979,,0.0013601436543679724,-0.0011783695064211917,12,,,,,3,task03_state17
1213,,,,,17,primary,0.00041640717592923183,,0.0018589873957151294,0.0020519602199050814,12,,,,,3,task03_state17
1213,,,,,17,proprio,0.0,,0.0,0.0028603855271723596,12,,,,,3,task03_state17
1217,-0.001199219140272323,-0.0054706783384056434,-0.005356969094777175,0.0006026005630373477,17,all,0.0007562665990212391,-0.0031347623208202446,0.002415984684944324,-0.003377994466856173,12,0.0006993022886500055,-0.0004997774816354328,-0.0010965267147126645,1.1535763765724294e-05,3,task03_state17
1217,,,,,17,wrist,0.0024872882951530954,,0.0011985812773739899,-0.004188325688780693,12,,,,,3,task03_state17
1217,,,,,17,primary,0.0005344936672511715,,0.001649251534514732,0.0016363169612383169,12,,,,,3,task03_state17
1217,,,,,17,proprio,0.0,,0.0,8.630316441591429e-05,12,,,,,3,task03_state17
1201,0.0004945634346948946,-6.103475622964982e-05,-0.00021652961508866753,-0.00024167125452445593,35,all,0.0026742794321934875,0.002054815785950112,0.0014555272154656174,1.978710723530945e-05,13,0.000655226683290544,-0.001534723987448916,0.0007692538959460093,-0.0013890818658442439,3,task03_state35
1201,,,,,35,wrist,0.005281251726346371,,0.0014616984439039292,-0.0003939217919347862,13,,,,,3,task03_state35
1201,,,,,35,primary,-0.001303567122099815,,-0.0011907953726331445,-0.003368503708321785,13,,,,,3,task03_state35
1201,,,,,35,proprio,0.0,,0.0,-0.0007724757505788576,13,,,,,3,task03_state35
1213,0.000573833987787209,0.0004702460748660098,0.0006286829249170234,0.0006346593346507889,35,all,-0.003626091295510798,-0.0011885658938034747,7.090748052933186e-05,-0.00011762405613950817,13,0.00026731704873295126,-0.0018626144029014746,0.00303359252038643,-0.00134375448863161,3,task03_state35
1213,,,,,35,wrist,0.0038485472382567484,,-0.0019927071808451997,-0.0016045609425501383,13,,,,,3,task03_state35
1213,,,,,35,primary,-0.004485855490610891,,-0.0012427207281766458,0.00260978727963987,13,,,,,3,task03_state35
1213,,,,,35,proprio,0.0,,0.0,-0.0017125389538196374,13,,,,,3,task03_state35
1217,-0.0004401295004785588,-0.0005708718190379214,-0.0002594018255750452,-0.00046849559814277075,35,all,0.00046137021994389037,-0.0028066883246227955,-0.0035403470287000407,-0.00012409799757336342,13,-0.0014840473434734047,-0.0017215128262533241,-0.0007799899860400084,-0.0010277957149503747,3,task03_state35
1217,,,,,35,wrist,-0.0011363537273110132,,-0.000684753350879962,0.0028198699992930693,13,,,,,3,task03_state35
1217,,,,,35,primary,0.0009527995092809168,,-0.0008363383676705501,0.002819301469001354,13,,,,,3,task03_state35
1217,,,,,35,proprio,0.0,,0.0,-0.00041359452493410637,13,,,,,3,task03_state35
1201,-0.0022191526538617445,0.0003873251139737688,0.000624234141969271,-0.0011608636928702176,17,all,-0.0022562557867369867,0.006201759482907377,0.0011609742824125408,0.007566199635046165,12,-0.0028622621176797036,0.0010980000466430662,0.0008723765835785269,-0.0005634942204874038,4,task04_state17
1201,,,,,17,wrist,0.010294705177658917,,-0.0023118112360119257,0.004586728975577402,12,,,,,4,task04_state17
1201,,,,,17,primary,-0.0015703752905374055,,-0.001308560643697488,0.003267168811983334,12,,,,,4,task04_state17
1201,,,,,17,proprio,0.0,,0.0,-0.001940537430591525,12,,,,,4,task04_state17
1213,-0.002796561485189697,-0.0001147450840546238,0.0006258825301087012,-0.0011562156522519351,17,all,-0.0011865600759840451,0.002836393227115437,-0.0002602033088104517,0.006206751148802014,12,-0.0031104792827246763,0.0004258531542111754,0.0006168699798690391,-0.0007103867686614751,4,task04_state17
1213,,,,,17,wrist,-0.0018259881083352164,,0.00024571002692055314,0.0030017724309676095,12,,,,,4,task04_state17
1213,,,,,17,primary,-0.0011348193693619772,,0.000142442728639584,0.0026296145857611485,12,,,,,4,task04_state17
1213,,,,,17,proprio,0.0,,0.0,-0.002508399466350765,12,,,,,4,task04_state17
1217,-0.0019190300149646289,0.0001979385712567172,0.0006641569816203119,-0.000731467545942166,17,all,-0.007464002667753301,0.009919743253647337,0.0030209377556287102,0.00546537612699648,12,-0.0028180840561401466,0.0010594474936671539,0.0008207126401797438,-0.0004994649168175713,4,task04_state17
1217,,,,,17,wrist,-0.005773009178913668,,0.0006872929035360766,0.0028361645131550015,12,,,,,4,task04_state17
1217,,,,,17,primary,-0.001588380027187128,,0.0011501460677489448,-0.0010447541265532871,12,,,,,4,task04_state17
1217,,,,,17,proprio,0.0,,0.0,-0.0004406632296862726,12,,,,,4,task04_state17
1201,-0.0001206534452503627,0.0017987805122333667,2.6189913905905193e-06,0.0014108210302372082,35,all,0.001646817909831129,0.0007613337132613002,0.000431201127638706,-0.0018043404695316928,12,9.481400098376724e-08,0.0017305762853977447,3.529126738627264e-05,0.0016080872300349713,4,task04_state35
1201,,,,,35,wrist,0.0012793594343763655,,-0.0006035312001635897,-0.0041412319023587975,12,,,,,4,task04_state35
1201,,,,,35,primary,0.001826584664838201,,0.0007457137379444957,0.0025258085406978555,12,,,,,4,task04_state35
1201,,,,,35,proprio,0.0,,0.0,0.0006359713253600817,12,,,,,4,task04_state35
1213,-0.0002980960598799598,0.001972629939394621,-4.583845857109026e-05,0.0014466760495049913,35,all,0.002797449847309067,-0.0035935227767923267,0.0005753699181353465,-0.0065351166738080065,12,-0.0005874444780183952,0.0022566825282699376,-5.339340362769951e-05,0.0016302433795072901,4,task04_state35
1213,,,,,35,wrist,-0.0012826001644962483,,0.0008785336036621124,-0.0021217847136712556,12,,,,,4,task04_state35
1213,,,,,35,primary,-0.0008968296660599451,,-0.0011614293479302474,-0.0024697994113754666,12,,,,,4,task04_state35
1213,,,,,35,proprio,0.0,,0.0,0.0012731246482021504,12,,,,,4,task04_state35
1217,-0.00022223598437964842,0.0016279597886319497,4.2099848748533564e-05,0.0012333983862176656,35,all,0.003612312753167115,-0.005722277356809807,0.00048418581682902785,-0.006191334778842202,12,-0.0002429957527829707,0.002063471214076351,3.802995926638353e-05,0.0014417010075034042,4,task04_state35
1217,,,,,35,wrist,0.0029304819577769207,,0.001209561400688318,-0.004328937925769215,12,,,,,4,task04_state35
1217,,,,,35,primary,-5.620372392176748e-05,,-0.00012918782638033852,0.000499915995142642,12,,,,,4,task04_state35
1217,,,,,35,proprio,0.0,,0.0,0.0009523755720483237,12,,,,,4,task04_state35
1201,-0.0002146620982045322,0.0004490726398189704,4.534934964767201e-05,9.467865874640546e-05,17,all,-0.0026938392168336586,0.0010771604519112746,0.00042917760398262714,0.0006497701940836337,5,0.0001863617558854891,0.000959361823822058,0.0002512065585462686,0.0004779086527383347,5,task05_state17
1201,,,,,17,wrist,0.0028049108151599316,,0.001132847867891554,-0.00041022995307967835,5,,,,,5,task05_state17
1201,,,,,17,primary,0.0012785115224984728,,0.00113564745389452,-8.525223070882625e-06,5,,,,,5,task05_state17
1201,,,,,17,proprio,0.0,,0.0,-8.505750129544042e-05,5,,,,,5,task05_state17
1213,-0.0003077375964278817,0.0008060372056210019,6.601287405888501e-05,-5.849469789881434e-05,17,all,-4.1411043570138695e-05,-0.0024525411603651213,0.0004405060871448853,-0.0021286258295187856,5,3.8887789533870176e-05,0.0009318064518271107,2.218940885390097e-05,9.08552734087964e-05,5,task05_state17
1213,,,,,17,wrist,0.0006370187771812287,,0.0022256517430691534,-0.0011279217526506315,5,,,,,5,task05_state17
1213,,,,,17,primary,-0.00033275579770782396,,0.001465169197639631,0.0010620147840398261,5,,,,,5,task05_state17
1213,,,,,17,proprio,0.0,,0.0,-0.0017024411928032454,5,,,,,5,task05_state17
1217,-0.00021713687066027276,0.0009538788141680854,0.00045798304202360196,4.8604709937283275e-05,17,all,-0.00021356095604268058,-0.0015887635171819466,-0.0010482375015113208,5.83371782817161e-05,5,-0.00012800601619611385,0.0010320284329361495,0.0004112752230599481,0.0002793091565378436,5,task05_state17
1217,,,,,17,wrist,-0.002500315898557681,,2.1981118140474744e-05,0.00024133078777969792,5,,,,,5,task05_state17
1217,,,,,17,primary,0.0007303515540483859,,-0.0010894252204187048,-0.00011686740715203658,5,,,,,5,task05_state17
1217,,,,,17,proprio,0.0,,0.0,-0.0010778404336749935,5,,,,,5,task05_state17
1201,-0.0003778476616854709,0.0006517851116769613,-0.0008889541661533662,0.00041951281302016197,35,all,0.0013980495277825383,-0.0006899007425168538,-0.0005791094054776527,0.0018949965658597023,5,-0.00023315824164593657,0.0006138039348801971,-0.0009873825996178365,0.0003466118713548738,5,task05_state35
1201,,,,,35,wrist,0.0011074983029585525,,-0.001534712474128121,-0.0009854019555880222,5,,,,,5,task05_state35
1201,,,,,35,primary,-0.0016801325152396487,,-0.0005071731361111836,0.0006213951175622493,5,,,,,5,task05_state35
1201,,,,,35,proprio,0.0,,0.0,-0.0019294436878852994,5,,,,,5,task05_state35
1213,-0.00023994196569765425,0.0008511980223829818,-5.7972303023900995e-05,6.349203551953009e-05,35,all,0.0010485362587417113,0.0032141967828257824,-0.002225117627213723,0.007521870532898089,5,-0.00016341401689001778,0.0010071819349555255,5.0355043357930285e-05,0.00019933345682432435,5,task05_state35
1213,,,,,35,wrist,0.0060674870064453025,,-0.0012002073384148795,0.0042755790512751645,5,,,,,5,task05_state35
1213,,,,,35,primary,0.0030691207340461067,,0.0004667315189239747,0.0019710782639890366,5,,,,,5,task05_state35
1213,,,,,35,proprio,0.0,,0.0,-0.0012801802578286496,5,,,,,5,task05_state35
1217,0.00032964207076713326,0.0006755759178650456,-0.0002654818225238942,0.0005118204445349606,35,all,0.002367194440012734,-0.0017644358623467964,-0.0017380815748340214,0.00034041279105680687,5,0.0003645127390171643,0.0006892553968639303,-0.00015484054452113982,0.0005383900975288181,5,task05_state35
1217,,,,,35,wrist,0.0038246540238194085,,-0.0019334192491627412,-0.00012549379557634348,5,,,,,5,task05_state35
1217,,,,,35,primary,0.005485764155060181,,0.001109109864510338,0.0008029354089092089,5,,,,,5,task05_state35
1217,,,,,35,proprio,0.0,,0.0,0.00014162427192494428,5,,,,,5,task05_state35
1201,0.0009539445340872588,0.002096738487120331,0.0002968117636977241,0.0016089093355616257,17,all,0.0004949136759854374,0.0016322066646227082,-0.0013634956343542195,0.0023603713438558015,4,0.0010600253274939408,0.0023782213140497444,0.0003498297669146666,0.0016667346916229286,6,task06_state17
1201,,,,,17,wrist,0.000164158983782723,,0.0012121524080240635,0.0033909785557364926,4,,,,,6,task06_state17
1201,,,,,17,primary,-0.0007547899957630524,,0.0009425151229168626,0.002483257722108071,4,,,,,6,task06_state17
1201,,,,,17,proprio,0.0,,0.0,0.0010251927551238812,4,,,,,6,task06_state17
1213,0.0006378357243213006,0.0029463256221093914,0.00030655147923586146,0.002003078120297319,17,all,-0.0012263814050032969,0.002105401698636291,-0.0005091228891227501,0.0013509651742919099,4,0.0006778047975111168,0.002788023935817008,0.0003971963266524714,0.0018218751665273203,6,task06_state17
1213,,,,,17,wrist,-0.00336772759613458,,-9.756036987345652e-05,0.00021345194357175537,4,,,,,6,task06_state17
1213,,,,,17,primary,0.0011638146631259075,,0.0007279643193631806,0.0018197312102904493,4,,,,,6,task06_state17
1213,,,,,17,proprio,0.0,,0.0,0.000381025937220926,4,,,,,6,task06_state17
1217,-0.00026316216251465185,0.0019875839231879855,-6.039579950378737e-05,0.0019043998916900007,17,all,0.0016271571231261158,0.00030825320985622753,-1.7077714854142785e-05,-0.0007554196229277175,4,-0.0004718703826642745,0.0019182356782967425,-2.193867442934483e-06,0.001929596468677297,6,task06_state17
1217,,,,,17,wrist,0.0012470513023513496,,-0.00013560000762247951,0.00011724451404588384,4,,,,,6,task06_state17
1217,,,,,17,primary,0.0019883834939255253,,-0.0005556534664315511,0.0011710680604393106,4,,,,,6,task06_state17
1217,,,,,17,proprio,0.0,,0.0,-0.00024562473484566853,4,,,,,6,task06_state17
1201,0.00016346641220177371,0.001647671469380052,0.0001458192645384382,0.000995497981550908,35,all,-0.0006278137485881911,0.0016120873714028337,-0.0008849489658015802,0.001253572649381006,5,0.00026463412180111057,0.0014306060924644814,0.0001478224844669862,0.0008950323453257303,6,task06_state35
1201,,,,,35,wrist,-0.0015878113177365035,,0.00022625608906171133,0.0013035439123881892,5,,,,,6,task06_state35
1201,,,,,35,primary,-0.0005648042676660026,,-0.0007846032636808168,-0.0002815745688867794,5,,,,,6,task06_state35
1201,,,,,35,proprio,0.0,,0.0,0.0001429032660402764,5,,,,,6,task06_state35
1213,0.0006562768475490977,0.0015610214140945322,0.0003096388487671131,0.0008421642555591635,35,all,-0.0010001267690198795,0.0022783725060461276,-0.0008050312365897715,0.0008254079786267719,5,0.0007230815731755769,0.0014795595584132792,0.00022734057580753309,0.0007256952544602013,6,task06_state35
1213,,,,,35,wrist,0.003105046123579874,,0.0011214620425866566,0.0019508220495100467,5,,,,,6,task06_state35
1213,,,,,35,primary,0.0024099704088508516,,1.399753563796841e-05,0.0011174170593910991,5,,,,,6,task06_state35
1213,,,,,35,proprio,0.0,,0.0,0.0006128875757395328,5,,,,,6,task06_state35
1217,0.00035780586260147906,0.0013802443966898226,3.032615006481887e-05,0.0012338035007865011,35,all,0.0013048347744889655,-0.0024724018023716404,-0.0008061806710587703,-0.001510101732912176,5,0.0003145225443997868,0.0013748411241781833,0.00011924767056142871,0.0011509958021363453,6,task06_state35
1217,,,,,35,wrist,-0.0015300106350670736,,-0.000247052130046211,-0.0014046971467388553,5,,,,,6,task06_state35
1217,,,,,35,primary,0.0018426309121438618,,-0.0001961392023055175,0.00038429385153729984,5,,,,,6,task06_state35
1217,,,,,35,proprio,0.0,,0.0,0.0006654107816535864,5,,,,,6,task06_state35
1201,0.000499433151881723,0.001414055017188054,0.00017627562347011239,0.0005992698244813299,17,all,-0.001339611073783352,-0.0012793276185758973,-0.0012584129281345887,-0.0004942728041216933,4,0.0004581004094134089,0.0014199671750586562,0.00016407494078291007,0.0006478140457111814,7,task07_state17
1201,,,,,17,wrist,4.6436091963189194e-05,,0.0014083328176583343,0.0018477615646426719,4,,,,,7,task07_state17
1201,,,,,17,primary,0.001601263540520063,,-0.0005464934975960697,-0.0011311277590594646,4,,,,,7,task07_state17
1201,,,,,17,proprio,0.0,,0.0,-0.00046483221648874196,4,,,,,7,task07_state17
1213,-0.0002987027596654812,0.0009558836971459428,0.0003097925348137798,0.00018676417641305676,17,all,0.004751740622001548,0.0017832309157381713,-0.0012299810772883448,0.001611308968938816,4,-0.0002909436718970815,0.0009375942818304894,0.00031075034607880303,0.00012656505953251296,7,task07_state17
1213,,,,,17,wrist,0.0004775062310930396,,-0.0010515470925377673,0.00021816967837414228,4,,,,,7,task07_state17
1213,,,,,17,primary,0.0003312342650322389,,-0.0015674870794589128,0.0009967827291217785,4,,,,,7,task07_state17
1213,,,,,17,proprio,0.0,,0.0,0.0018767845771409664,4,,,,,7,task07_state17
1217,-0.00021195907142701476,0.0010224730800061366,-5.4229608503708615e-05,0.0003863491105768335,17,all,0.0006441062339659909,-0.0005333865688300719,-0.001263255496704128,0.0007315904643456989,4,-0.00027791543310096145,0.0009981984037752412,-6.65061436444514e-05,0.0003207200106198904,7,task07_state17
1217,,,,,17,wrist,0.0015575965020694412,,-0.000536380643624111,0.001151846599320965,4,,,,,7,task07_state17
1217,,,,,17,primary,-0.0014096191757055967,,-0.0003982229851676889,0.0003822865827699095,4,,,,,7,task07_state17
1217,,,,,17,proprio,0.0,,0.0,0.001839283418120949,4,,,,,7,task07_state17
1201,0.00025967399821846815,0.0012767895715498634,-8.246520543714331e-05,0.000697392875426972,35,all,0.001169270470426028,0.007165371236090266,0.0002472650211577127,0.004191911433288514,5,0.00028623093732804694,0.0012161070386813577,-8.096124614637157e-05,0.0006258170128324303,7,task07_state35
1201,,,,,35,wrist,-0.001288328842763229,,-0.0005605073887020359,0.009093287009092907,5,,,,,7,task07_state35
1201,,,,,35,primary,-0.0010941063339126745,,-0.0015906673410062246,-0.0018199021175992905,5,,,,,7,task07_state35
1201,,,,,35,proprio,0.0,,0.0,2.0822374797729512e-05,5,,,,,7,task07_state35
1213,-0.0006168625748032008,0.0008205094122126777,-0.0003655986569061631,0.0006332864704790553,35,all,-0.0003887556484158533,0.01001752810110508,0.0008657843070487975,0.010866235134330528,5,-0.0005959447968391096,0.0008423542597333356,-0.00035569178192462747,0.0006234214740211685,7,task07_state35
1213,,,,,35,wrist,0.00028780199527592143,,0.0012151777966584384,0.005830949475482176,5,,,,,7,task07_state35
1213,,,,,35,primary,0.002268834100000139,,4.16027331593535e-05,0.003361973047422524,5,,,,,7,task07_state35
1213,,,,,35,proprio,0.0,,0.0,0.0008648133515466918,5,,,,,7,task07_state35
1217,0.00047143092092216676,0.0013642371141983078,0.0005376703245020265,0.0004996104333833129,35,all,-0.010118467635844116,0.007763448549619162,0.002457954883211407,0.010218890251543466,5,0.0004814520577968162,0.0013343554894019727,0.0005596367206210373,0.00045262270568940943,7,task07_state35
1217,,,,,35,wrist,-0.0046738851353156745,,-0.0015287679265663014,0.010849239178303579,5,,,,,7,task07_state35
1217,,,,,35,primary,-0.0038276344786903425,,-0.0007779423169518044,0.0014042277732425569,5,,,,,7,task07_state35
1217,,,,,35,proprio,0.0,,0.0,0.0009901778098891437,5,,,,,7,task07_state35
1201,5.9798712835568146e-05,0.0030330746490727645,0.0005952967577889656,0.002249295952821917,17,all,-0.0025903451082173005,0.00037792437771782227,-0.0015407719224300974,0.000893972300253669,21,0.0001014433319053154,0.002967573955131586,0.0005865112224262559,0.0021985285879360106,8,task08_state17
1201,,,,,17,wrist,0.0018084169133629046,,0.0011369075012480955,0.001042449207578647,21,,,,,8,task08_state17
1201,,,,,17,primary,-0.001979526321551673,,-0.0007195760455354378,0.0003254800710541135,21,,,,,8,task08_state17
1201,,,,,17,proprio,0.0,,0.0,0.0010462829172954245,21,,,,,8,task08_state17
1213,-0.0011543886715531526,0.0023741416714618824,0.00045422151729307414,0.002162018605751437,17,all,-0.00451650993464927,0.0008724428835959093,-0.0007740169160781376,0.0018444021014441016,21,-0.0011719688467982659,0.0022247162558824973,0.00044124072788870317,0.0020850829610580823,8,task08_state17
1213,,,,,17,wrist,-0.00119079407952335,,0.00023680181027058936,0.0011833317540353603,21,,,,,8,task08_state17
1213,,,,,17,primary,-0.0001088904249642586,,-0.0008833442849629,0.0006297275454052453,21,,,,,8,task08_state17
1213,,,,,17,proprio,0.0,,0.0,-0.0012398512879981567,21,,,,,8,task08_state17
1217,0.00010760621098149237,0.003301889290150739,0.0005103580549873366,0.0024770683258901194,17,all,-0.0012255836445126626,0.002400548365732948,-0.00026416381525631773,0.0017695271130600898,21,6.599477699198442e-05,0.003162969443072705,0.0005066581670060688,0.0023768236325465986,8,task08_state17
1217,,,,,17,wrist,-0.00018996408377516295,,-0.0002968856853177446,0.0022810695452366936,21,,,,,8,task08_state17
1217,,,,,17,primary,0.0034797569139993663,,8.258680643512088e-05,0.0013594489729472099,21,,,,,8,task08_state17
1217,,,,,17,proprio,0.0,,0.0,0.0006558950177255832,21,,,,,8,task08_state17
1201,0.0009131774143462668,-9.004019741776226e-05,-0.0005442647808376888,7.54468926853491e-05,35,all,-0.0011035024713075253,-0.0016417532250711572,-0.002557213056784759,0.001474092256833059,20,0.0006525440875883026,-0.0004908061549429021,-0.0007010363407538578,-0.00013237459739673385,8,task08_state35
1201,,,,,35,wrist,0.0017806511491083536,,0.0014254824268833182,0.00021841591898688357,20,,,,,8,task08_state35
1201,,,,,35,primary,-0.002639075435743819,,0.0006731094083346446,0.0012935279745878306,20,,,,,8,task08_state35
1201,,,,,35,proprio,0.0,,0.0,0.0010082517076297325,20,,,,,8,task08_state35
1213,0.0009498243108272408,-0.00043420807558958163,-0.0007739400440586186,0.00010733000617890731,35,all,0.004606221205631181,0.001621915003554462,-0.0021058748195687546,0.0028321928214468757,20,0.0012948821437103186,-0.0007150601677671231,-0.0006607500852743864,-0.00030636721008453494,8,task08_state35
1213,,,,,35,wrist,0.0008601588200760017,,0.00028796264616415355,0.0013041199775832768,20,,,,,8,task08_state35
1213,,,,,35,primary,-0.00026971466451978544,,5.57479033884015e-05,-3.9398216547407126e-05,20,,,,,8,task08_state35
1213,,,,,35,proprio,0.0,,0.0,-0.0005497856948168175,20,,,,,8,task08_state35
1217,0.0015770305933169304,-0.0004439302471244133,-0.000512496532604545,5.710303555284124e-05,35,all,-0.004248882648384942,0.0018318838018969528,0.0005962911550823017,0.0009707296360429302,20,0.0016339353196004325,-0.0008980641096961728,-0.0006290595487328243,-0.00018133765548244973,8,task08_state35
1217,,,,,35,wrist,0.00018771180824303686,,-0.0013933584411940309,0.002097054085063451,20,,,,,8,task08_state35
1217,,,,,35,primary,-0.0005598155841237771,,-0.00030496875501703335,-0.00037212151805888095,20,,,,,8,task08_state35
1217,,,,,35,proprio,0.0,,0.0,-0.0003701810865647977,20,,,,,8,task08_state35
1201,-0.0052137511839971395,-0.006498033000681969,0.002149847870709709,0.04609646569016357,17,all,-0.011083159814128385,0.05977987498663445,0.00762485370989438,0.16964668200974584,16,-0.004053370936140888,0.0012621451350065538,-0.0004421991016752558,0.0725308624106224,9,task09_state17
1201,,,,,17,wrist,-0.00798863944898448,,0.006368849588957032,0.08814914002750843,16,,,,,9,task09_state17
1201,,,,,17,primary,-0.0026637834238634056,,0.0015359562083439027,-0.001926597263786911,16,,,,,9,task09_state17
1201,,,,,17,proprio,0.0,,0.0,0.026405843964205766,16,,,,,9,task09_state17
1213,0.0006834477438772968,-0.005587121677990803,-0.002179348857146879,0.011611141276621995,17,all,-0.01932822815297941,0.1211043567130255,0.004153451361759181,0.20419837188580633,16,-0.008841386837307175,0.05853294367017714,-6.671386302070648e-05,0.10474608581426703,9,task09_state17
1213,,,,,17,wrist,-0.005278861655581446,,0.004642533162299789,0.11039936618904744,16,,,,,9,task09_state17
1213,,,,,17,primary,0.0005128045420221272,,0.003070260508651085,0.019263667635223636,16,,,,,9,task09_state17
1213,,,,,17,proprio,0.0,,0.0,0.028857730895337958,16,,,,,9,task09_state17
1217,-0.025318931357644736,0.013552944291370883,0.020087482700650527,0.02326741732527693,17,all,-0.015730061304809806,0.1511363253417095,0.0017486365770780776,0.23403587456135794,16,-0.007926000772925823,0.09890025005991077,0.007606519189856775,0.13101179664928397,9,task09_state17
1217,,,,,17,wrist,-0.006540854205139002,,0.00021132767769180272,0.11111713026067668,16,,,,,9,task09_state17
1217,,,,,17,primary,0.001470670030260371,,0.0005719022648066688,0.026595705351636738,16,,,,,9,task09_state17
1217,,,,,17,proprio,0.0,,0.0,0.029217614813797404,16,,,,,9,task09_state17
1201,-0.00013976003952476113,4.9426166288779605e-05,0.0001947861028159803,-0.00018832931163925704,35,all,-0.0011453516922737932,-0.001459624529025011,-0.0015025816441141347,-0.000818633873338687,14,-0.00040698651075510295,0.0038039624071010136,0.0005676997984850884,0.0022437540948431756,9,task09_state35
1201,,,,,35,wrist,0.01106436667222932,,-0.0006884686103761179,0.007905297189490405,14,,,,,9,task09_state35
1201,,,,,35,primary,-0.0019739972896556744,,-0.0015381984298242874,-0.006404861497066708,14,,,,,9,task09_state35
1201,,,,,35,proprio,0.0,,0.0,-5.419578782962092e-06,14,,,,,9,task09_state35
1213,-0.00017497887760486996,-0.0004647922228022683,-0.00014778411907689915,-0.00015971425666538863,35,all,-0.003020489138143543,0.006486830245689319,-0.0017241441504182607,0.004467919067363684,14,-0.0006239910627385825,0.004541490887976396,0.0006424320999590671,0.003169617876248254,9,task09_state35
1213,,,,,35,wrist,0.0013790140681241084,,-0.0012629098110279883,0.005980469224510708,14,,,,,9,task09_state35
1213,,,,,35,primary,0.000339582753022925,,-0.0016570011135717067,0.0010715451559386397,14,,,,,9,task09_state35
1213,,,,,35,proprio,0.0,,0.0,0.0005969881610538713,14,,,,,9,task09_state35
1217,4.0925280016868015e-05,-0.00025311201488620316,-9.771325735019598e-05,5.495035597180564e-05,35,all,0.008138811897401128,-0.0003914623809748302,-0.0008288769593935361,-0.00026455044306670714,14,-0.0015979681405396962,0.004639485752234829,0.0009441179718426285,0.003800595492453651,9,task09_state35
1217,,,,,35,wrist,0.0021833719558835216,,0.0008244253142218362,0.001868049909119391,14,,,,,9,task09_state35
1217,,,,,35,primary,0.00030142377736706687,,0.0008173651440777823,-0.0023194912636886637,14,,,,,9,task09_state35
1217,,,,,35,proprio,0.0,,0.0,-0.00016036260365898808,14,,,,,9,task09_state35
