branches,candidate_rank,common_recipients,eligible,initial_state_index,joint_pairs,maximum_action_l2,maximum_object_goal_l2,maximum_robot_gripper_l2,maximum_robot_orientation_angle_rad,maximum_robot_position_l2_m,median_action_l2,median_object_goal_l2,median_robot_gripper_l2,median_robot_orientation_angle_rad,median_robot_position_l2_m,object_pairs,prefix_chunks,robot_pairs,task_id,unit_id
64,1,0,False,17,0,0.05967518027840402,0.002074584050318293,4.709711422089786e-06,0.004488965858705074,0.002073609688077667,0.037141380348703096,0.0005596029873902375,8.897954803288714e-07,0.0016148286329574742,0.0005559607885030128,0,14,0,0,task00_state17
64,2,0,False,17,0,0.04859895394454927,0.0013974730507869152,1.6721425326671447e-06,0.0032623083897841423,0.001383231812073338,0.028625880583945336,0.00032890768405583035,3.427043722653531e-07,0.0009417987538734716,0.0003277838821290563,0,6,0,0,task00_state17
64,3,0,False,17,16,0.09348163345504608,0.0037329440542375044,7.37454772731604e-06,0.0058149371391795854,0.0037201211838641768,0.04938566852141128,0.0010944976150773136,1.5324860178462905e-06,0.0017428309811259141,0.0010926048540928065,0,5,0,0,task00_state17
64,1,0,False,35,0,0.07362982098385346,0.0014421787673553864,3.09702389314256e-06,0.003619262299344696,0.0014237855995109401,0.0401264152179672,0.0004830109186009517,6.470723039913593e-07,0.0014854681421200325,0.0004823670774230087,0,13,0,0,task00_state35
64,2,0,False,35,49,0.14526878513362484,0.0049013000563142275,6.477669816170136e-06,0.00528561935224345,0.0048628402017108045,0.05215747911634838,0.001207789182084275,1.2186429708887505e-06,0.001835381870715234,0.001197382155775804,1,4,0,0,task00_state35
64,3,0,False,35,29,0.11610249304221167,0.004244552253433842,2.2423607614279153e-06,0.004344692518827326,0.004181647273572846,0.038081527819296565,0.0009083879125868196,5.141561193969185e-07,0.0013366412444810911,0.0008964462604074954,2,6,0,0,task00_state35
64,1,0,False,17,0,0.05780153335997597,0.0014759864285697857,1.3300886038996003e-06,0.00415144336130426,0.0014740366864503178,0.0363101560075931,0.00045255561231993206,3.010902686637162e-07,0.0010324026141942096,0.0004512531427458534,0,11,0,1,task01_state17
32,2,2,True,17,6,2.025395048788145,0.0037824622299964467,0.00013095326740459673,0.006261681431364108,0.005118332066822749,0.30318955518902935,0.00044448118649217136,2.8001487062062194e-06,0.0019007483760491606,0.0013804140417600771,8,13,1,1,task01_state17
64,1,0,False,35,0,0.048173000940649635,0.001145955368457869,2.7236393003930986e-06,0.0027517645291909114,0.0011380997869718005,0.032990745469024405,0.00042232423611510974,6.135455870961171e-07,0.0010012732311778195,0.0004218219680903276,0,5,0,1,task01_state35
64,2,0,False,35,0,0.054058387734193934,0.0009259258431555064,1.8018804503021672e-06,0.00323334939654307,0.0009239392312187457,0.03239854302949692,0.00034152635462771287,3.9075060977525475e-07,0.001086689653003038,0.00034046688473655733,0,6,0,1,task01_state35
64,3,0,False,35,0,0.06798507399426948,0.0012994462809048084,2.2926823311746807e-06,0.004828981552878308,0.0013016945680751858,0.04060318061969944,0.000506133579542546,4.889545150114262e-07,0.0013471840513898541,0.0005052134580113143,0,12,0,1,task01_state35
64,1,0,False,17,0,0.06015788976260923,0.013212990209613973,0.0003657576678429457,0.0048487334793881716,0.0008047405145795086,0.03833646285732925,0.0022497720911912045,0.00010628904911401687,0.0016244603421036305,0.00020851880342895448,737,6,0,2,task02_state17
32,2,24,True,17,51,0.31375977755885354,0.008237447150668542,2.388083528749212e-05,0.016324733945577825,0.010478126760814823,0.09919325039652563,0.0017115190912382894,4.480055768564162e-06,0.004888534176099375,0.0024824260150283486,73,7,27,2,task02_state17
64,1,0,False,35,0,0.07265450571043504,0.004031460156822875,0.000622299261915606,0.004078592223077419,0.00017672034020866425,0.04081536768870106,0.0010661797085870228,0.00011949791408317017,0.0013167743713133448,4.7005060821168104e-05,80,4,0,2,task02_state35
64,2,0,False,35,64,1.7457393349967276,0.02106073198359959,0.005770340617870302,0.011528695454714173,0.006470002788442523,0.06386660110129916,0.0027521409846352762,7.327435797912623e-05,0.0025306244407801767,0.0006534514043020606,870,5,0,2,task02_state35
64,3,0,False,35,0,0.08510632497096941,0.0,1.0348047590166293e-05,0.006272822778131934,0.001730026883016599,0.055389184403549285,0.0,1.9111168422666423e-06,0.002597835744172246,0.0005850101659283355,0,6,0,2,task02_state35
64,1,0,False,17,0,0.06015070771896629,0.0018819054579230657,8.97142111505787e-06,0.0029599152654609796,0.0009265893185132088,0.03699431201775252,0.0003762257944482134,1.928646208417968e-06,0.0009959617112236829,0.00029320035144605376,0,12,0,3,task03_state17
64,2,0,False,17,0,0.05802219806707828,0.0015302405497601452,1.9248624010950874e-06,0.004491723122515784,0.0015247908812573935,0.03773960631669808,0.0004738152075029257,4.3588850750395904e-07,0.0015878858104318508,0.0004631170552963265,0,6,0,3,task03_state17
64,3,0,False,17,0,0.057208367865455724,0.0012937600494741517,2.8567150782695026e-06,0.005269539590036447,0.0011650729307176773,0.03623297390689158,0.0005140445354602579,6.018267464419561e-07,0.0018319600429658094,0.00047117865821914444,0,7,0,3,task03_state17
64,1,0,False,35,0,0.07731276030680284,0.0005566853339508983,0.0008328576497066769,0.02898407705545496,0.00398297488313601,0.0498265574478607,0.00014884910265684038,0.00024261462316199812,0.007679380165399249,0.0010066734930997815,0,13,41,3,task03_state35
64,2,0,False,35,0,0.07048648039968122,0.0036784771746189715,7.308691552799475e-05,0.00394267801171978,0.0018568803780891065,0.04555993799790947,0.000788043452797523,1.248541405782536e-05,0.0015117982480783512,0.00045404120630570036,13,12,0,3,task03_state35
64,3,0,False,35,1021,0.39948028207032504,0.015941822617750713,6.246575592376384e-06,0.007614200863254306,0.015757594756707575,0.09270077666675744,0.0030624929762194776,1.981354396581869e-06,0.0022718433408563726,0.0030365656985298153,10,6,0,3,task03_state35
64,1,0,False,17,0,0.08051199501662547,0.00199910975398856,2.125410981991416e-06,0.004055020183213219,0.001818170816030509,0.04232786951046577,0.0006899967648910308,4.1417557978852327e-07,0.001453578626972115,0.0006814711289427869,0,12,0,4,task04_state17
64,2,0,False,17,0,0.06185511194608331,0.001493370508919471,2.7417665801297117e-06,0.004141874996303144,0.0014877587392736543,0.04124792278680135,0.0005220155550250408,6.17658916754335e-07,0.0013694512108425262,0.0004828727546614882,0,4,0,4,task04_state17
64,3,0,False,17,0,0.055662706748976255,0.0012007494004248815,1.4662527195645728e-06,0.0025497024238979745,0.001118664006612998,0.03379985261152474,0.00046509418924530014,3.3189394223564414e-07,0.0009545457036972294,0.0004516429319356784,0,13,0,4,task04_state17
64,1,0,False,35,0,0.06393217312632478,0.0012133903063103238,2.373999849634083e-06,0.00571664971075028,0.00113377129920822,0.036086883344135505,0.0004011101399500188,4.4218799719016557e-07,0.0015378774846216102,0.0003871999424170386,0,12,0,4,task04_state35
64,2,0,False,35,0,0.06203450991481153,0.0016547619930100406,1.944427180832382e-06,0.003948153543320661,0.0016429918888086188,0.039039239965456635,0.00047728016326611787,6.232503136047593e-07,0.001458614758380708,0.0004661123657592948,0,4,0,4,task04_state35
64,3,0,False,35,704,0.2629393407610607,0.009754183491681537,2.0202351688954144e-05,0.004757244298689498,0.009742683267151405,0.07445385325974731,0.0022792147596644493,4.486504016614227e-06,0.0017503885129991834,0.0022543639751211176,16,3,0,4,task04_state35
64,1,0,False,17,0,0.05635622612273945,0.0012804210695817803,1.8228677874989254e-06,0.004026044201666214,0.0012754896043955298,0.03562380110085253,0.0004441610121333002,4.197240469175372e-07,0.0012239651955511513,0.00042223991603923116,0,5,0,5,task05_state17
64,2,0,False,17,0,0.04763774472961019,0.001025358234084095,1.4858401388959355e-06,0.0030839788399438842,0.0009478626556071358,0.031179864811339386,0.00042397645880163607,2.783018821829081e-07,0.0009658946001078817,0.0003963242145874698,0,7,0,5,task05_state17
64,3,0,False,17,0,0.06366932598706478,0.000993878612160625,2.657596020722409e-06,0.004151799799382091,0.0010026411083417315,0.0346459731078473,0.0004062381385676175,4.068281404535087e-07,0.0011218276090163887,0.0003770148425821262,0,8,0,5,task05_state17
64,1,0,False,35,0,0.07843268141960126,0.0018908269283891043,2.2627439988060976e-06,0.00450657362434097,0.0020131846891711597,0.04212471364360733,0.0006161975003416062,5.82514383774105e-07,0.001310314807128515,0.0005974447514471791,0,5,0,5,task05_state35
64,2,0,False,35,0,0.05202714184844922,0.0013015912358593411,1.1125337441824132e-06,0.0032837118700808276,0.0013008075376725447,0.032436253261655834,0.00043364834060824893,2.549877326363264e-07,0.0010074963767949603,0.0004268985652184543,0,6,0,5,task05_state35
64,3,0,False,35,0,0.07556262183646256,0.0014801346714233903,2.143971158311396e-06,0.004327921776686568,0.0013614969077748863,0.04587251454424064,0.0004980596582396845,3.3798904334038103e-07,0.0012402990973789572,0.0004905698269770729,0,9,0,5,task05_state35
64,1,0,False,17,0,0.042174329348893265,0.0010767462344610007,1.4236161023778353e-06,0.0029162513525293424,0.0010688279173882004,0.028453406809835054,0.00044183057309868574,2.589099500584375e-07,0.0010476345106156283,0.00042640485987140283,0,4,0,6,task06_state17
64,2,0,False,17,0,0.0470216033183553,0.0012634971540097294,6.309247942565253e-07,0.0021716500948585665,0.0011932840744471823,0.026251771667602588,0.0005337355765138458,1.4571561298544628e-07,0.0008133608206978368,0.0004259272347525161,0,12,0,6,task06_state17
64,3,0,False,17,0,0.04331032678077709,0.0010603530742732126,1.1520449911422018e-06,0.0027182175094185544,0.0010027622715022373,0.028954235631729053,0.00038820804822443835,2.771689127183731e-07,0.0010408304114783848,0.0003606327340439738,0,5,0,6,task06_state17
64,1,0,False,35,0,0.043532920852619963,0.0012587789174013536,1.5617372952783743e-06,0.00335450765997237,0.00115882558673309,0.027514873745449454,0.0004230389375541393,3.4558841070989727e-07,0.0012966829777552175,0.000396549080406012,0,5,0,6,task06_state35
64,2,0,False,35,0,0.04633184322293535,0.001396366693844772,1.4189448815166977e-06,0.0033006479484558337,0.0012820275075391553,0.029000790984664862,0.0004223722740203571,2.9390162222919453e-07,0.0010715865036342084,0.0003906709703060704,0,6,0,6,task06_state35
64,3,0,False,35,0,0.06543564192717219,0.0016535575075084582,1.7988992210290105e-06,0.0033915720542736015,0.0016256504101098419,0.034815894398719766,0.0005180790793544484,3.9596604895764923e-07,0.0010912864370396834,0.0005137780632644171,0,13,0,6,task06_state35
64,1,0,False,17,0,0.05102807136835038,0.0010288039477545216,2.9019190658036523e-06,0.003342160653781937,0.001017136223424585,0.03448033074155,0.00038982101134840837,5.172754320307864e-07,0.0012757622264072677,0.00038977429490260143,0,4,0,7,task07_state17
64,2,0,False,17,0,0.07609883181975723,0.0022126039932203376,2.2364166050443852e-06,0.0033610829646324903,0.0022110778746654734,0.04511457709229947,0.0007069205270092906,4.299339751150618e-07,0.001011922919628953,0.0007050322127577584,0,12,0,7,task07_state17
64,3,0,False,17,0,0.057779284829740866,0.0011933270759987727,1.5761819906171496e-06,0.0031847831799888516,0.0011826720837944816,0.03615439731703652,0.00038695557992626665,3.2610913937698276e-07,0.001069695185085433,0.0003841919638353609,0,5,0,7,task07_state17
64,1,0,False,35,0,0.05355774492351072,0.0015671030659112873,2.873105500977617e-06,0.004519929388703685,0.0015538059952593599,0.036350908312683866,0.0005969381839491394,7.113984890877882e-07,0.0013033243856401774,0.0005927503678293683,0,5,0,7,task07_state35
64,2,0,False,35,180,0.17862852350832006,0.005215488618536407,2.197018027671485e-05,0.007171021089393384,0.005172464333410139,0.06976248694807964,0.0016659596338026309,4.839928670638222e-06,0.0022211512051348928,0.0016669784808037305,3,13,0,7,task07_state35
64,3,0,False,35,0,0.09231601898352297,0.0019371722342545641,7.703762237535335e-05,0.005219106237946708,0.0019276229649047112,0.048001036522028806,0.0006122444008634853,1.7918148524621103e-05,0.001507367612890441,0.0006045316861644339,0,14,0,7,task07_state35
64,1,0,False,17,0,0.055758497801493896,0.0013947714032014195,3.7283851913674437e-06,0.00396700070290899,0.0013777443127968845,0.036536859925622354,0.0005259366012427666,7.048012415668929e-07,0.0014320775431912057,0.0005033301297152558,0,21,0,8,task08_state17
64,2,0,False,17,194,0.14799237518249855,0.005903739530469355,7.412471954153392e-05,0.007404449869813838,0.005885723666964855,0.0529607260099275,0.0013637105478032285,1.42068871721496e-05,0.0022167020863776326,0.0013729170869138155,0,10,0,8,task08_state17
64,3,0,False,17,0,0.0628355236607989,0.0013221686113002416,1.571953792277649e-05,0.004362840710404699,0.0011857220526434711,0.0350269958369564,0.0004799633203372208,4.282206710418475e-06,0.0013591259985069734,0.00044825269010134543,0,11,0,8,task08_state17
64,1,0,False,35,0,0.054473450604546045,0.0011996956673239025,1.9069371304724556e-06,0.003547438908714612,0.0011986500137627604,0.03436263024990154,0.00048824728835231753,3.9160791904106105e-07,0.0012789118599131463,0.0004730890844820289,0,20,0,8,task08_state35
64,2,0,False,35,0,0.04568167077124886,0.0012527521451152273,1.5186063077091293e-06,0.0024291240848304156,0.001283701026156989,0.030048757395501093,0.00045637392940644725,4.024814303204039e-07,0.0010338695488288203,0.0004415038627883556,0,9,0,8,task08_state35
64,3,0,False,35,0,0.0825851286465409,0.00408496007567674,0.000295192914163649,0.004427564233066257,0.002925975320071889,0.045568021381068954,0.0014566471079674667,6.368001490952878e-05,0.0018166897651503834,0.0008175816442052758,79,19,0,8,task08_state35
64,1,0,False,17,0,0.09935996626845817,0.007228564152159445,1.911225163470852e-06,0.00636862934604732,0.0010252399964495867,0.05552718042143662,0.0016103846915389575,4.2111379516970214e-07,0.002192363399268603,0.0003228588393342901,382,23,0,9,task09_state17
64,2,0,False,17,0,0.1469540605756819,0.001792077930867872,0.0006671825450958933,0.009736052033455928,0.004019058831624612,0.08680941355765842,0.0004502242118011109,0.0001237592689604071,0.0035375406810865045,0.0009810024999477147,0,26,6,9,task09_state17
32,3,2,True,17,92,1.9724016544491483,0.010289503210862822,0.012485032124375923,0.014231860805537773,0.004418855140060609,0.09132504481190437,0.00299915539869691,3.5175118907518287e-05,0.005092107696532509,0.0010425254619118223,156,16,1,9,task09_state17
64,1,4,True,35,163,0.28203733339828974,0.020210783765185255,0.005420903674869936,0.019205275911825217,0.00433379893564593,0.09166032502816496,0.007831101220000105,0.0013129994927730377,0.0049040212215213175,0.0011047016192084552,1754,14,2,9,task09_state35
