suite,task_id,condition,n_tasks,n_states,n_rows,valid_axes,degenerate_axes,invalid_rows,correct_donor_retrieval_rate,donor_distance_reduction,donor_projection,cosine_alignment,orthogonal_residual,orthogonal_residual_ratio,distance_to_donor
libero_10,0,first_frame,,3,36,36,0,0,0.25,-0.7653552180556598,0.40278460857407516,0.24670987615846943,0.7648710314761046,1.6004734916243823,0.8505380037566569
libero_10,0,wrong_latent,,3,36,36,0,0,0.0,-0.043257514771547566,0.44230518520147794,0.4603695813620072,0.37446529871283474,0.8045058486699279,0.5014789120289661
libero_10,0,shuffled_cache,,3,36,36,0,0,0.2222222222222222,-18.26225010285492,0.4603074550381497,0.033374767580536445,9.370305832098786,19.231636440057727,9.386949270601368
libero_10,0,donor_latent,,3,36,36,0,0,1.0,0.6996967937502835,0.8861716485601301,0.9499869443779806,0.13390811148306106,0.2762028075491832,0.14499448886802427
libero_10,0,donor_cache,,3,36,36,0,0,1.0,0.6996967937502835,0.8861716485601301,0.9499869443779806,0.13390811148306106,0.2762028075491832,0.14499448886802427
libero_10,1,first_frame,,3,36,36,0,0,0.2222222222222222,-0.347599073787941,0.3631993679065218,0.2992768215870878,0.7442692254336275,1.148721669534108,0.882456179148578
libero_10,1,wrong_latent,,3,36,36,0,0,0.0,0.027872508794957677,0.42743121573778714,0.4919636657430533,0.4861554295310752,0.7591187785870964,0.638208005594672
libero_10,1,shuffled_cache,,3,36,36,0,0,0.2222222222222222,-17.14472963839594,0.425236732141615,0.024218077294037535,11.827019661147533,18.12778615368724,11.838693178719877
libero_10,1,donor_latent,,3,36,36,0,0,1.0,0.6721845923455319,0.8498715175436161,0.9427708891487927,0.1892627891745595,0.29000631956793194,0.21442921378171956
libero_10,1,donor_cache,,3,36,36,0,0,1.0,0.6721845923455319,0.8498715175436161,0.9427708891487927,0.1892627891745595,0.29000631956793194,0.21442921378171956
libero_10,2,first_frame,,3,36,36,0,0,0.13888888888888887,-0.6074273896761068,0.36736228835485374,0.28386143142523934,0.6867741881228598,1.4372089429525967,0.7818263290224611
libero_10,2,wrong_latent,,3,36,36,0,0,0.0,-0.012931813971598176,0.4311408435449829,0.4645900829523821,0.39231698843846297,0.7979044941236589,0.5080624576153802
libero_10,2,shuffled_cache,,3,36,36,0,0,0.25,-22.920209904569074,0.4468603724352209,0.02004796012389087,11.724244623015274,23.88343781075511,11.742185266743673
libero_10,2,donor_latent,,3,36,36,0,0,1.0,0.6546622027973616,0.859210946048169,0.9337458590161757,0.15365476324635982,0.313534355491596,0.16939891499173987
libero_10,2,donor_cache,,3,36,36,0,0,1.0,0.6546622027973616,0.859210946048169,0.9337458590161757,0.15365476324635982,0.313534355491596,0.16939891499173987
libero_10,3,first_frame,,3,36,36,0,0,0.19444444444444442,-0.28335476355274986,0.36695643447467496,0.30497163056468657,0.6691208792866806,1.0785114955580426,0.79974370138557
libero_10,3,wrong_latent,,3,36,36,0,0,0.0,0.05090779056493968,0.43621170893396677,0.4970384681822669,0.4642449356712816,0.7492654267672935,0.5928046651034101
libero_10,3,shuffled_cache,,3,36,36,0,0,0.25,-17.70519210653902,0.44551855883822467,0.02374459658954291,11.62254099946503,18.67842700079426,11.639527872496132
libero_10,3,donor_latent,,3,36,36,0,0,1.0,0.7113395857092355,0.8729029156259194,0.9573133369460822,0.16001013548955456,0.258329431936005,0.17902573731449947
libero_10,3,donor_cache,,3,36,36,0,0,1.0,0.7113395857092355,0.8729029156259194,0.9573133369460822,0.16001013548955456,0.258329431936005,0.17902573731449947
libero_10,4,first_frame,,3,36,36,0,0,0.2222222222222222,-0.3282252319442999,0.3846485547475124,0.31619074414419107,0.6481116207897175,1.1308050308726296,0.7669610297341061
libero_10,4,wrong_latent,,3,36,36,0,0,0.0,-0.022107674811264914,0.4363415162066655,0.45488097550109446,0.47683227057588723,0.8246802487007169,0.5950089966055051
libero_10,4,shuffled_cache,,3,36,36,0,0,0.25,-18.432336420953277,0.42926482828779955,0.022958769100337017,10.91716297631237,19.40255543827275,10.93395073628575
libero_10,4,donor_latent,,3,36,36,0,0,1.0,0.6849786119294926,0.8754382805197601,0.9466499555944575,0.16324933732917804,0.28716479267015127,0.17810225918524022
libero_10,4,donor_cache,,3,36,36,0,0,1.0,0.6849786119294926,0.8754382805197601,0.9466499555944575,0.16324933732917804,0.28716479267015127,0.17810225918524022
libero_10,5,first_frame,,3,36,36,0,0,0.19444444444444445,-0.8420383162661592,0.36820850532963284,0.20196833172316517,0.5656547624382559,1.5879884494128709,0.6608910206812247
libero_10,5,wrong_latent,,3,36,36,0,0,0.0,-0.1088645892604579,0.4409217205277333,0.4215525037765671,0.3159824003365807,0.9166629710968971,0.3903141425200587
libero_10,5,shuffled_cache,,3,36,36,0,0,0.2222222222222222,-31.630568141241707,0.4144357605754955,0.013395938092428311,11.59250141321774,32.61690443452256,11.597323080931822
libero_10,5,donor_latent,,3,36,36,0,0,1.0,0.6483303428489852,0.8801963867364452,0.9331119762836823,0.11667753148119457,0.3283685738125512,0.12503903161760258
libero_10,5,donor_cache,,3,36,36,0,0,1.0,0.6483303428489852,0.8801963867364452,0.9331119762836823,0.11667753148119457,0.3283685738125512,0.12503903161760258
libero_10,6,first_frame,,3,36,36,0,0,0.19444444444444442,-0.12624667495096495,0.40942640478574227,0.38419122267979294,0.42388370765501343,0.925115734196849,0.5222329956393491
libero_10,6,wrong_latent,,3,36,36,0,0,0.0,-0.05267374054061346,0.44384165781526996,0.44730112077601,0.37602104844912954,0.8468958560566114,0.4775493531099108
libero_10,6,shuffled_cache,,3,36,36,0,0,0.25,-21.809811666649882,0.42528251458224714,0.020193703882385904,10.35287732308899,22.77019698070001,10.372376989212901
libero_10,6,donor_latent,,3,36,36,0,0,1.0,0.7145621932411846,0.8880382230950509,0.9566782845749028,0.11735169387767275,0.2583217350800296,0.1293393353573624
libero_10,6,donor_cache,,3,36,36,0,0,1.0,0.7145621932411846,0.8880382230950509,0.9566782845749028,0.11735169387767275,0.2583217350800296,0.1293393353573624
libero_10,7,first_frame,,3,36,36,0,0,0.2222222222222222,-0.5314561087020522,0.38558205401044027,0.2565536007312827,0.9128882336213172,1.3491751806061547,1.039322820607876
libero_10,7,wrong_latent,,3,36,36,0,0,0.0,-0.0020306314562662142,0.43047217467431703,0.4668262580345286,0.5491025419133005,0.8161278880677815,0.6767801796703528
libero_10,7,shuffled_cache,,3,36,36,0,0,0.25,-16.107054399460377,0.4487726167081682,0.026043604199303686,11.469830973710186,17.078573334467304,11.487258180892821
libero_10,7,donor_latent,,3,36,36,0,0,1.0,0.6601172206922007,0.8589371193851935,0.9395334166223615,0.20714431738883043,0.3075182212580625,0.22886186120857058
libero_10,7,donor_cache,,3,36,36,0,0,1.0,0.6601172206922007,0.8589371193851935,0.9395334166223615,0.20714431738883043,0.3075182212580625,0.22886186120857058
libero_10,8,first_frame,,3,36,36,0,0,0.13888888888888887,-0.6156913361933277,0.21512347669573362,0.14105259346569718,0.5597982378875059,1.3504658078486358,0.6711145391344814
libero_10,8,wrong_latent,,3,36,36,0,0,0.0,0.005532221841562763,0.3957122059915346,0.43806225568703844,0.3061744139414562,0.75127912246877,0.4075913976182283
libero_10,8,shuffled_cache,,3,36,36,0,0,0.27777777777777773,-27.418522981768735,0.39016610072103813,0.01619432180996861,11.521747069459439,28.343880528958934,11.552111680083895
libero_10,8,donor_latent,,3,36,36,0,0,1.0,0.6293927332806168,0.7928715885904275,0.931105272075777,0.12449219176328093,0.3048294953838744,0.15104162394372297
libero_10,8,donor_cache,,3,36,36,0,0,1.0,0.6293927332806168,0.7928715885904275,0.931105272075777,0.12449219176328093,0.3048294953838744,0.15104162394372297
libero_10,9,first_frame,,3,36,36,0,0,0.2222222222222222,-0.4009944904181309,0.45871191376524395,0.33534614160442455,0.9328110233106862,1.2289198963499084,1.0702523330339113
libero_10,9,wrong_latent,,3,36,36,0,0,0.0,-0.05960075323719984,0.47583418411185185,0.46193657988178743,0.6538221803417691,0.875137532492111,0.8042570411201156
libero_10,9,shuffled_cache,,3,36,36,0,0,0.2222222222222222,-14.348014023875821,0.4396388325779612,0.032618368739379365,11.465592434706485,15.322607290309145,11.484922041826463
libero_10,9,donor_latent,,3,36,36,0,0,1.0,0.7359971315615709,0.9488356785638027,0.9635353176672342,0.1925057877493679,0.256944110735892,0.19785684889733024
libero_10,9,donor_cache,,3,36,36,0,0,1.0,0.7359971315615709,0.9488356785638027,0.9635353176672342,0.1925057877493679,0.256944110735892,0.19785684889733024
libero_goal,0,first_frame,,3,36,36,0,0,0.1111111111111111,-0.36977032252233144,0.33389911652287957,0.2590814984192101,0.6583009527555067,1.140193738257581,0.7975181477044956
libero_goal,0,wrong_latent,,3,36,36,0,0,0.0,-0.01084952588860656,0.4270894149561912,0.45986233526880943,0.45209153165751353,0.799671907068503,0.579848673923694
libero_goal,0,shuffled_cache,,3,36,36,0,0,0.2222222222222222,-7.602476182348962,0.34557811365131336,0.051290325932416614,4.756319302043451,8.49137761452946,4.822888862996472
libero_goal,0,donor_latent,,3,36,36,0,0,1.0,0.6478804463691029,0.8541246087793665,0.9359239515839195,0.1798892719421791,0.3138463114465577,0.20175314195363991
libero_goal,0,donor_cache,,3,36,36,0,0,1.0,0.6478804463691029,0.8541246087793665,0.9359239515839195,0.1798892719421791,0.3138463114465577,0.20175314195363991
libero_goal,1,first_frame,,3,36,36,0,0,0.2222222222222222,-0.3449361718218025,0.3420765387703495,0.25041483715513585,0.6588094662948379,1.1076808133738794,0.804127361929248
libero_goal,1,wrong_latent,,3,36,36,0,0,0.0,0.014484021461956357,0.4164608463693902,0.4646769338595935,0.454282580112781,0.767400130397578,0.5868525863897635
libero_goal,1,shuffled_cache,,3,36,36,0,0,0.19444444444444442,-18.985016143620353,0.4061658211193957,0.01984806660442434,11.806035320050595,19.9115280537622,11.851485379071457
libero_goal,1,donor_latent,,3,36,36,0,0,1.0,0.6255545792234387,0.8317377679475967,0.9272700788356709,0.19745888045706572,0.3312533538038484,0.22291252016377072
libero_goal,1,donor_cache,,3,36,36,0,0,1.0,0.6255545792234387,0.8317377679475967,0.9272700788356709,0.19745888045706572,0.3312533538038484,0.22291252016377072
libero_goal,2,first_frame,,3,36,36,0,0,0.1111111111111111,-1.3610617497601176,0.32729853771639705,0.25594575516137374,1.671740581097503,2.1297418620010613,2.2043635153981627
libero_goal,2,wrong_latent,,3,36,36,0,0,0.0,-0.5994427337938423,0.42648561137372054,0.3975340536255376,1.0424491623055043,1.3306905579990078,1.574600126981356
libero_goal,2,shuffled_cache,,3,36,36,0,0,0.25,-9.032797501413329,0.31609796175097066,0.04492836725424975,9.232594194768575,9.94115321324693,9.38303608020747
libero_goal,2,donor_latent,,3,36,36,0,0,1.0,0.7139338049546993,0.8523047712543607,0.9414171778643334,0.22142031151368416,0.23929579948801286,0.2494612964338382
libero_goal,2,donor_cache,,3,36,36,0,0,1.0,0.7139338049546993,0.8523047712543607,0.9414171778643334,0.22142031151368416,0.23929579948801286,0.2494612964338382
libero_goal,3,first_frame,,3,36,36,0,0,0.19444444444444442,-0.524281371689643,0.3157237713767689,0.22791985500434433,0.8551246157102329,1.3352083655776612,0.9822379904935198
libero_goal,3,wrong_latent,,3,36,36,0,0,0.0,-0.036004799466992976,0.39430964040355376,0.4138688245790918,0.5232471040815594,0.8089630934550261,0.6741143094590422
libero_goal,3,shuffled_cache,,3,36,36,0,0,0.2222222222222222,-16.151743761886213,0.38458571800489544,0.02309970634065984,10.707148155835164,17.118490912357398,10.729219296221133
libero_goal,3,donor_latent,,3,36,36,0,0,1.0,0.6003679108355421,0.7868894575316047,0.9112009376447233,0.2135928186280974,0.33563683170897146,0.2521522132309043
libero_goal,3,donor_cache,,3,36,36,0,0,1.0,0.6003679108355421,0.7868894575316047,0.9112009376447233,0.2135928186280974,0.33563683170897146,0.2521522132309043
libero_goal,4,first_frame,,3,36,36,0,0,0.27777777777777773,-1.4811967486592235,0.47472061840032914,0.32411784100827384,1.9891494241426162,2.3749344723121344,2.1707729892464878
libero_goal,4,wrong_latent,,3,36,36,0,0,0.027777777777777776,-0.40075750170974,0.44419493319564934,0.3997979780863228,1.0232561598566146,1.1500443159259346,1.4310758356902973
libero_goal,4,shuffled_cache,,3,36,36,0,0,0.27777777777777773,-11.29367115390096,0.45255028808719855,0.05976996686753353,11.338108087363556,12.247891919245317,11.399125274463477
libero_goal,4,donor_latent,,3,36,36,0,0,0.9722222222222222,0.7171304434268323,0.8705151087686765,0.9438753626794304,0.2583484354426966,0.24416468394245353,0.2940714567497889
libero_goal,4,donor_cache,,3,36,36,0,0,0.9722222222222222,0.7171304434268323,0.8705151087686765,0.9438753626794304,0.2583484354426966,0.24416468394245353,0.2940714567497889
libero_goal,5,first_frame,,3,36,36,0,0,0.2222222222222222,-0.21797046053010907,0.3451244973251102,0.3025656220978211,0.6057345336879995,0.9925469153299363,0.7475382162087959
libero_goal,5,wrong_latent,,3,36,36,0,0,0.0,-0.02675979637421573,0.4107085418488676,0.438047896187126,0.4718329568999579,0.7970882482734938,0.6177158824219863
libero_goal,5,shuffled_cache,,3,36,36,0,0,0.19444444444444442,-5.86977776045599,0.40230387718432675,0.063595141565685,4.117539648399096,6.824171720610561,4.146076028526389
libero_goal,5,donor_latent,,3,36,36,0,0,1.0,0.6335298834094386,0.8178055792316655,0.9293394096719608,0.19004953840070116,0.31623877620052876,0.22071548749732625
libero_goal,5,donor_cache,,3,36,36,0,0,1.0,0.6335298834094386,0.8178055792316655,0.9293394096719608,0.19004953840070116,0.31623877620052876,0.22071548749732625
libero_goal,6,first_frame,,3,36,36,0,0,0.19444444444444445,-0.8596382099087211,0.3436948392467745,0.18893216101179053,0.8854048982048717,1.6870982767836724,0.981553986302168
libero_goal,6,wrong_latent,,3,36,36,0,0,0.0,0.025410663572208624,0.40472465468853397,0.45569204762455234,0.3898531980321865,0.7452731190471575,0.5167462543003472
libero_goal,6,shuffled_cache,,3,36,36,0,0,0.25,-21.995121071459252,0.35660611707983786,0.01656972637891233,12.027978956704084,22.953472450963105,12.048802430617018
libero_goal,6,donor_latent,,3,36,36,0,0,1.0,0.5459799354677529,0.8032887447296838,0.8941282995229858,0.21009231108892856,0.39983222410595615,0.24001534228218316
libero_goal,6,donor_cache,,3,36,36,0,0,1.0,0.5459799354677529,0.8032887447296838,0.8941282995229858,0.21009231108892856,0.39983222410595615,0.24001534228218316
libero_goal,7,first_frame,,3,36,36,0,0,0.16666666666666666,-0.660763048748859,0.31519840243689373,0.2149418105495001,0.8931566655240806,1.468624818234125,1.0132877158578806
libero_goal,7,wrong_latent,,3,36,36,0,0,0.0,0.05820364565675859,0.4164157179173398,0.4887537900008729,0.44815487684992367,0.7247602913243506,0.5834049872493944
libero_goal,7,shuffled_cache,,3,36,36,0,0,0.2222222222222222,-18.33740915785034,0.4112375484758144,0.02525781706512677,11.82280955088698,19.292616694832503,11.851555292988321
libero_goal,7,donor_latent,,3,36,36,0,0,1.0,0.6621187796208279,0.8274816262303735,0.9444911043975514,0.17700876247916986,0.28554524687661403,0.2086355208112117
libero_goal,7,donor_cache,,3,36,36,0,0,1.0,0.6621187796208279,0.8274816262303735,0.9444911043975514,0.17700876247916986,0.28554524687661403,0.2086355208112117
libero_goal,8,first_frame,,3,36,36,0,0,0.19444444444444442,-0.22849953114605723,0.3394738366881314,0.31929138985613353,0.6172751180130094,1.014838508427535,0.754982457256174
libero_goal,8,wrong_latent,,3,36,36,0,0,0.0,0.006470380532731179,0.40835491613669933,0.45552791844863316,0.46976972639665515,0.7680773644835664,0.6142560868121643
libero_goal,8,shuffled_cache,,3,36,36,0,0,0.2222222222222222,-18.13831421843589,0.28539049230558583,0.012155052336299292,11.644195937224659,19.062700239426253,11.690509476900601
libero_goal,8,donor_latent,,3,36,36,0,0,1.0,0.6188613305395877,0.812697983868623,0.9244592293248176,0.2015216651868689,0.3268729863564516,0.2343310193282553
libero_goal,8,donor_cache,,3,36,36,0,0,1.0,0.6188613305395877,0.812697983868623,0.9244592293248176,0.2015216651868689,0.3268729863564516,0.2343310193282553
libero_goal,9,first_frame,,3,36,36,0,0,0.19444444444444442,-0.5033051385049853,0.3736958948676807,0.27950007377872416,0.8719959587709777,1.2328518136600588,1.090997440389773
libero_goal,9,wrong_latent,,3,36,36,0,0,0.0,-0.06654029501612678,0.43931664527832454,0.44041837117517096,0.5578790189531105,0.805882891364979,0.7825375156691831
libero_goal,9,shuffled_cache,,3,36,36,0,0,0.2222222222222222,-13.297617676719357,0.41414956557068733,0.03401500961494377,10.35810556837668,14.268522838297224,10.37915418571742
libero_goal,9,donor_latent,,3,36,36,0,0,1.0,0.6650368041133096,0.8774178586954742,0.9380608895598681,0.22288564410588105,0.3078995152415829,0.24224904290181817
libero_goal,9,donor_cache,,3,36,36,0,0,1.0,0.6650368041133096,0.8774178586954742,0.9380608895598681,0.22288564410588105,0.3078995152415829,0.24224904290181817
libero_object,0,first_frame,,3,36,36,0,0,0.27777777777777773,-0.0506695208484513,0.47814202646030085,0.4582525264018595,0.7039752511541466,0.881662613108316,0.8462607599655886
libero_object,0,wrong_latent,,3,36,36,0,0,0.0,-0.02860860642472417,0.47633926007957245,0.4853663846677469,0.6830979086597128,0.865938803548298,0.819569103666848
libero_object,0,shuffled_cache,,3,36,36,0,0,0.25,-10.240013221679993,0.4278536251616735,0.02987337169357847,8.914132611878317,11.133278597800064,8.998368599585872
libero_object,0,donor_latent,,3,36,36,0,0,1.0,0.7539060564281242,0.9516708472042522,0.9687213893476683,0.19079630857531896,0.2391690516569641,0.1963190414261582
libero_object,0,donor_cache,,3,36,36,0,0,1.0,0.7539060564281242,0.9516708472042522,0.9687213893476683,0.19079630857531896,0.2391690516569641,0.1963190414261582
libero_object,1,first_frame,,3,36,36,0,0,0.19444444444444442,-0.22702276435431537,0.41728075590869995,0.3368389356093218,0.9995979613657401,1.007068236128129,1.2399205436610217
libero_object,1,wrong_latent,,3,36,36,0,0,0.0,-0.03080793808778616,0.46600478936072015,0.4668542043506749,0.8572578205894822,0.8518864150094366,1.0516350308016778
libero_object,1,shuffled_cache,,3,36,36,0,0,0.2222222222222222,-10.612516913457405,0.4366500980587868,0.04106998407377982,11.605066232791225,11.578269525459973,11.64248232976219
libero_object,1,donor_latent,,3,36,36,0,0,1.0,0.7918080549409735,0.9296633306930165,0.9773695372095044,0.19535237448766082,0.19445152397449159,0.208412498317721
libero_object,1,donor_cache,,3,36,36,0,0,1.0,0.7918080549409735,0.9296633306930165,0.9773695372095044,0.19535237448766082,0.19445152397449159,0.208412498317721
libero_object,2,first_frame,,3,36,36,0,0,0.16666666666666666,-0.4151443391261789,0.40015142887836697,0.31699550709888324,0.7994598823803919,1.2348559171481641,0.9168160993267752
libero_object,2,wrong_latent,,3,36,36,0,0,0.0,0.028780027903900763,0.4534836817963274,0.49260771387074254,0.5023903295509565,0.7911977702834353,0.6201722454377165
libero_object,2,shuffled_cache,,3,36,36,0,0,0.25,-16.279982374596447,0.44863729883105546,0.026008174293307124,10.976296915668037,17.23646392014611,11.005077727596351
libero_object,2,donor_latent,,3,36,36,0,0,1.0,0.7262796705692628,0.9040167954881265,0.9613456741305675,0.1628524194091469,0.25557365879144117,0.17446883649510103
libero_object,2,donor_cache,,3,36,36,0,0,1.0,0.7262796705692628,0.9040167954881265,0.9613456741305675,0.1628524194091469,0.25557365879144117,0.17446883649510103
libero_object,3,first_frame,,3,36,36,0,0,0.13888888888888887,-0.060733043193800705,0.40251588884576983,0.4244241138886904,0.6792562513994178,0.8347983512173499,0.8759201535634379
libero_object,3,wrong_latent,,3,36,36,0,0,0.0,-0.08972205615948059,0.45921456796596066,0.44831841203386086,0.697908795348113,0.8845697798991491,0.8819742690421517
libero_object,3,shuffled_cache,,3,36,36,0,0,0.19444444444444442,-13.745940108097122,0.430961710225421,0.03246928993879927,11.47073106759476,14.71984230805681,11.492195508473495
libero_object,3,donor_latent,,3,36,36,0,0,1.0,0.7605799068674242,0.919025934818318,0.9696478992140422,0.17758084489818318,0.2232761973390001,0.1897473220311231
libero_object,3,donor_cache,,3,36,36,0,0,1.0,0.7605799068674242,0.919025934818318,0.9696478992140422,0.17758084489818318,0.2232761973390001,0.1897473220311231
libero_object,4,first_frame,,3,36,36,0,0,0.25,-0.1760818883617428,0.46335837446152683,0.4011830914512104,0.6732099325827049,1.0099354893003043,0.789892767455199
libero_object,4,wrong_latent,,3,36,36,0,0,0.0,-0.0860936224600189,0.47042123820124626,0.46122851305183205,0.59730210924738,0.9221095829176459,0.7141076190383487
libero_object,4,shuffled_cache,,3,36,36,0,0,0.25,-13.868064918681226,0.43763078988047016,0.030660706956143965,9.79970407075974,14.789203626345328,9.855605104949666
libero_object,4,donor_latent,,3,36,36,0,0,1.0,0.747120679674565,0.9344995272106438,0.9666394343598919,0.16196855546907493,0.2425076022259727,0.1686630150745246
libero_object,4,donor_cache,,3,36,36,0,0,1.0,0.747120679674565,0.9344995272106438,0.9666394343598919,0.16196855546907493,0.2425076022259727,0.1686630150745246
libero_object,5,first_frame,,3,36,36,0,0,0.19444444444444442,-0.11549916459974247,0.4251520175883143,0.4143933171544343,0.8394314897219481,0.9279805227004382,1.0281344018353173
libero_object,5,wrong_latent,,3,36,36,0,0,0.0,0.003883010449397463,0.4721420771681311,0.4794393613386116,0.769878307453042,0.8083600867160906,0.9534984027433815
libero_object,5,shuffled_cache,,3,36,36,0,0,0.2222222222222222,-11.996969502484433,0.46172255603620443,0.03875932057352074,11.754765309801662,12.961631667707811,11.78559679418421
libero_object,5,donor_latent,,3,36,36,0,0,1.0,0.7939018283962237,0.9432649943902245,0.9770423218141263,0.17882094950519023,0.19624573754533717,0.18716162070035466
libero_object,5,donor_cache,,3,36,36,0,0,1.0,0.7939018283962237,0.9432649943902245,0.9770423218141263,0.17882094950519023,0.19624573754533717,0.18716162070035466
libero_object,6,first_frame,,3,36,36,0,0,0.2222222222222222,-0.17433724205193735,0.4653448348013555,0.4045206920450763,0.9656093979865533,1.021158596865801,1.1174072637277346
libero_object,6,wrong_latent,,3,36,36,0,0,0.0,0.005832638253134788,0.47676943719542936,0.49189847482047827,0.7542613950363813,0.8061912705362082,0.9414679039703616
libero_object,6,shuffled_cache,,3,36,36,0,0,0.25,-10.858769465608427,0.4497895054635787,0.04952472304277319,11.204282880414043,11.801992791766251,11.258276790635847
libero_object,6,donor_latent,,3,36,36,0,0,1.0,0.7846664333378173,0.953647530450716,0.9761594730703393,0.1991426878482022,0.20905609574105247,0.20484740410088878
libero_object,6,donor_cache,,3,36,36,0,0,1.0,0.7846664333378173,0.953647530450716,0.9761594730703393,0.1991426878482022,0.20905609574105247,0.20484740410088878
libero_object,7,first_frame,,3,36,36,0,0,0.25,-0.21430929159920933,0.4294677668223427,0.34673315783883124,0.8376198967528051,1.0004824923813802,1.0240938643626862
libero_object,7,wrong_latent,,3,36,36,0,0,0.0,-0.08090187644801522,0.46243659514711993,0.4340677763244831,0.7290106272540592,0.883652452539962,0.9060065817935962
libero_object,7,shuffled_cache,,3,36,36,0,0,0.25,-10.798350886162169,0.4619186615992721,0.05079195874885148,9.743014434329986,11.751984322494813,9.782332951701996
libero_object,7,donor_latent,,3,36,36,0,0,1.0,0.7651796065401784,0.9283531923905292,0.9711889622662603,0.1857651302816559,0.22238054734854837,0.19592607506230322
libero_object,7,donor_cache,,3,36,36,0,0,1.0,0.7651796065401784,0.9283531923905292,0.9711889622662603,0.1857651302816559,0.22238054734854837,0.19592607506230322
libero_object,8,first_frame,,3,36,36,0,0,0.25,-0.3852888942951074,0.43211034703405854,0.3157296775682724,0.9068553531936852,1.2150345891128949,1.0378261929669967
libero_object,8,wrong_latent,,3,36,36,0,0,0.0,0.01316668886970213,0.4664429132880635,0.4896767925555838,0.601688306349884,0.8069281662824679,0.7396517940748
libero_object,8,shuffled_cache,,3,36,36,0,0,0.25,-11.005804464773638,0.4634708473821574,0.04554465621919781,9.049135941195331,11.932690490511355,9.104642809841977
libero_object,8,donor_latent,,3,36,36,0,0,1.0,0.7416027411597769,0.9299384061965666,0.9650247601718777,0.18527211862101167,0.24763463160386867,0.19321741524702396
libero_object,8,donor_cache,,3,36,36,0,0,1.0,0.7416027411597769,0.9299384061965666,0.9650247601718777,0.18527211862101167,0.24763463160386867,0.19321741524702396
libero_object,9,first_frame,,3,36,36,0,0,0.16666666666666666,0.011394322573098007,0.42025135566334476,0.4605098334438376,0.6291446947770936,0.7659871137567135,0.8144310550969647
libero_object,9,wrong_latent,,3,36,36,0,0,0.0,0.03653835316179644,0.4666856746250086,0.4963255455522027,0.6386898269934129,0.7851426244233944,0.786818177472855
libero_object,9,shuffled_cache,,3,36,36,0,0,0.25,-12.953163813220593,0.4663709064367325,0.03943724186229997,11.173650126667257,13.911094823595343,11.207703675537223
libero_object,9,donor_latent,,3,36,36,0,0,1.0,0.7701370368056586,0.9309563143469357,0.9726632621380777,0.1767447338171241,0.21823528161265085,0.18593992585753896
libero_object,9,donor_cache,,3,36,36,0,0,1.0,0.7701370368056586,0.9309563143469357,0.9726632621380777,0.1767447338171241,0.21823528161265085,0.18593992585753896
libero_spatial,0,first_frame,,3,36,36,0,0,0.08333333333333333,-0.12834336974260263,0.3224144226525499,0.3433013445830058,0.5883247436280147,0.8894058835776013,0.7500483608720435
libero_spatial,0,wrong_latent,,3,36,36,0,0,0.0,0.031204762460911622,0.388764872231198,0.4525036867673277,0.4770981690711295,0.7263782162436625,0.6427870941201843
libero_spatial,0,shuffled_cache,,3,36,36,0,0,0.3055555555555556,-17.880760741864048,0.38263615128711254,0.020799501418723717,12.4320994448613,18.856137431981185,12.449235441770492
libero_spatial,0,donor_latent,,3,36,36,0,0,1.0,0.53634460421872,0.7733334217656068,0.8850421904462206,0.26522202961716884,0.39778188161731215,0.30782844754350985
libero_spatial,0,donor_cache,,3,36,36,0,0,1.0,0.53634460421872,0.7733334217656068,0.8850421904462206,0.26522202961716884,0.39778188161731215,0.30782844754350985
libero_spatial,1,first_frame,,3,36,36,0,0,0.19444444444444442,-0.4597028110124268,0.33205959563857484,0.2587810813013344,0.566730779509511,1.2489272566896528,0.6720883511307404
libero_spatial,1,wrong_latent,,3,36,36,0,0,0.0,0.014187567058192102,0.4080748691880471,0.46247456181158747,0.35607876786715575,0.7654624562355954,0.46404651952039994
libero_spatial,1,shuffled_cache,,3,36,36,0,0,0.24999999999999997,-24.291389234879656,0.2988687317137563,0.012161057103810326,11.672223280962925,25.252427010588065,11.69024847188411
libero_spatial,1,donor_latent,,3,36,36,0,0,1.0,0.6369717868882508,0.815008255728976,0.9331200548312447,0.14556608821321473,0.31055743703147837,0.17077163331683243
libero_spatial,1,donor_cache,,3,36,36,0,0,1.0,0.6369717868882508,0.815008255728976,0.9331200548312447,0.14556608821321473,0.31055743703147837,0.17077163331683243
libero_spatial,2,first_frame,,3,36,36,0,0,0.19444444444444442,-0.6752942522567977,0.37043965503857706,0.2337776037664505,0.9446216190943949,1.5165379204008544,1.0464293689027484
libero_spatial,2,wrong_latent,,3,36,36,0,0,0.0,-0.004597652009816871,0.4185570311804421,0.46409519223588086,0.4969670103265109,0.79996562418924,0.6285549503904505
libero_spatial,2,shuffled_cache,,3,36,36,0,0,0.2222222222222222,-18.10935653063603,0.3879737962409495,0.02098180618848886,11.91426322761034,19.071982382910445,11.937259339128365
libero_spatial,2,donor_latent,,3,36,36,0,0,1.0,0.6182367948486152,0.8322636335432789,0.9209097757305119,0.2125928508650823,0.34029105500834217,0.23728118500597384
libero_spatial,2,donor_cache,,3,36,36,0,0,1.0,0.6182367948486152,0.8322636335432789,0.9209097757305119,0.2125928508650823,0.34029105500834217,0.23728118500597384
libero_spatial,3,first_frame,,3,36,36,0,0,0.1111111111111111,-0.23978950476138247,0.3180676646553822,0.2939627917753252,0.6245269132356629,1.009899338431306,0.7718045239882797
libero_spatial,3,wrong_latent,,3,36,36,0,0,0.0,0.0333068960669106,0.392343677499102,0.47306182376634176,0.44167155165909766,0.7268365702801831,0.5981570419032449
libero_spatial,3,shuffled_cache,,3,36,36,0,0,0.2222222222222222,-18.24734936031146,0.35858653890007025,0.021956120581955077,11.893127134474971,19.210902070854047,11.9150143450769
libero_spatial,3,donor_latent,,3,36,36,0,0,1.0,0.5687662208997534,0.7843757224111724,0.9011093263835447,0.22930942087567807,0.3689147245800162,0.26861904733656267
libero_spatial,3,donor_cache,,3,36,36,0,0,1.0,0.5687662208997534,0.7843757224111724,0.9011093263835447,0.22930942087567807,0.3689147245800162,0.26861904733656267
libero_spatial,4,first_frame,,3,36,36,0,0,0.19444444444444442,-0.5925903024307604,0.3722187849296575,0.23982724982497747,1.08045188555571,1.41064919502588,1.2234799878829998
libero_spatial,4,wrong_latent,,3,36,36,0,0,0.0,-0.03842064472366318,0.4453531011326703,0.4535778687394321,0.6582011139441964,0.8605102434669294,0.799770295603719
libero_spatial,4,shuffled_cache,,3,36,36,0,0,0.25,-14.514836453546698,0.39569289681982384,0.02582868113107019,11.862719612185979,15.471408586714958,11.896767437736536
libero_spatial,4,donor_latent,,3,36,36,0,0,1.0,0.6773603742516606,0.887609051225918,0.9459895380901931,0.23048260263589873,0.29889169553501627,0.24842096538567926
libero_spatial,4,donor_cache,,3,36,36,0,0,1.0,0.6773603742516606,0.887609051225918,0.9459895380901931,0.23048260263589873,0.29889169553501627,0.24842096538567926
libero_spatial,5,first_frame,,3,36,36,0,0,0.27777777777777773,-0.6543877319345005,0.4633258590465495,0.345035703062833,1.839163496028391,1.5018442203910336,2.087211495781061
libero_spatial,5,wrong_latent,,3,36,36,0,0,0.0,-0.3574741277565021,0.44599845697338,0.4241690199547936,1.394535287376887,1.1422951706191162,1.785324709378119
libero_spatial,5,shuffled_cache,,3,36,36,0,0,0.25,-10.062417441460981,0.4675159284938685,0.06998005613816488,11.828068930565012,11.01530634912509,11.902198989868893
libero_spatial,5,donor_latent,,3,36,36,0,0,1.0,0.7132235884688057,0.888207841071869,0.9451228390579282,0.314565735122097,0.25802323464474636,0.33659749884566975
libero_spatial,5,donor_cache,,3,36,36,0,0,1.0,0.7132235884688057,0.888207841071869,0.9451228390579282,0.314565735122097,0.25802323464474636,0.33659749884566975
libero_spatial,6,first_frame,,3,36,36,0,0,0.16666666666666666,-0.5958729162175814,0.3174166882277136,0.211044619445647,0.8904137130297869,1.4164778724129043,1.0076635971951617
libero_spatial,6,wrong_latent,,3,36,36,0,0,0.0,0.03491894506387247,0.39101648935288297,0.46568796219742153,0.44814766292095237,0.7223909566538564,0.6072979722580146
libero_spatial,6,shuffled_cache,,3,36,36,0,0,0.25,-17.85319671187588,0.37939891312718926,0.020559255081131326,11.796990982754801,18.833693351574535,11.809856514322876
libero_spatial,6,donor_latent,,3,36,36,0,0,1.0,0.5827154693564098,0.7804672921542624,0.9086858642823867,0.21651608599544228,0.3483160756277481,0.26087610515597626
libero_spatial,6,donor_cache,,3,36,36,0,0,1.0,0.5827154693564098,0.7804672921542624,0.9086858642823867,0.21651608599544228,0.3483160756277481,0.26087610515597626
libero_spatial,7,first_frame,,3,36,36,0,0,0.19444444444444442,-0.22885179325500538,0.39931994690595074,0.34424345078097557,1.2197597183562265,0.9133299916164782,1.9239071235065108
libero_spatial,7,wrong_latent,,3,36,36,0,0,0.0,-0.3839169093720744,0.4706873225750469,0.41270322729224534,1.5043554912622994,1.160471112154308,2.0004610895218673
libero_spatial,7,shuffled_cache,,3,36,36,0,0,0.2222222222222222,-6.975763760509351,0.450206477415746,0.08060114989522514,10.896496160803574,7.922558966632253,11.000911912614294
libero_spatial,7,donor_latent,,3,36,36,0,0,1.0,0.8238978867557507,0.9390455056606637,0.9780418368287315,0.23655861050253366,0.16145856722267957,0.24776124897636234
libero_spatial,7,donor_cache,,3,36,36,0,0,1.0,0.8238978867557507,0.9390455056606637,0.9780418368287315,0.23655861050253366,0.16145856722267957,0.24776124897636234
libero_spatial,8,first_frame,,3,36,36,0,0,0.19444444444444442,-0.2325836258850321,0.3192458412818881,0.2808425726545965,0.6642423861213619,0.9753778475950733,0.8455058365629529
libero_spatial,8,wrong_latent,,3,36,36,0,0,0.0,-0.016655483223187457,0.416647389792875,0.44266860689355864,0.5399188753095673,0.7976213274593252,0.6970848660452701
libero_spatial,8,shuffled_cache,,3,36,36,0,0,0.16666666666666666,-16.338832977517868,0.34619187812028934,0.020275710655142068,11.805472647714007,17.313867364679485,11.822272230273645
libero_spatial,8,donor_latent,,3,36,36,0,0,1.0,0.6251841661710803,0.8284150104050867,0.9267800766668898,0.2250270449273586,0.3294926816237822,0.2561808451333402
libero_spatial,8,donor_cache,,3,36,36,0,0,1.0,0.6251841661710803,0.8284150104050867,0.9267800766668898,0.2250270449273586,0.3294926816237822,0.2561808451333402
libero_spatial,9,first_frame,,3,36,36,0,0,0.16666666666666666,-0.3516886320375809,0.3540951223127387,0.28191419471557894,0.920110928056101,1.1540921399991027,1.0869675106955887
libero_spatial,9,wrong_latent,,3,36,36,0,0,0.0,-0.04127297848500104,0.4332481249024002,0.43601212060795463,0.6721479237655191,0.8391799084682846,0.837150271032593
libero_spatial,9,shuffled_cache,,3,36,36,0,0,0.2222222222222222,-13.492162409986284,0.4104460321264771,0.03130250993833101,11.525818036690081,14.46984466823958,11.544006885671044
libero_spatial,9,donor_latent,,3,36,36,0,0,1.0,0.6539284939602328,0.8592041267526317,0.9375805289749848,0.2500296235897828,0.31188963231486827,0.27691497425941475
libero_spatial,9,donor_cache,,3,36,36,0,0,1.0,0.6539284939602328,0.8592041267526317,0.9375805289749848,0.2500296235897828,0.31188963231486827,0.27691497425941475
