held_out_suite,held_out_task_id,condition,remaining_states,remaining_rows,valid_axes,degenerate_axes,invalid_rows,correct_donor_retrieval_rate,donor_distance_reduction,donor_projection,cosine_alignment,orthogonal_residual,orthogonal_residual_ratio,distance_to_donor
libero_10,0,first_frame,117,1404,1404,0,0,0.19301994301994302,-0.4256731513890933,0.37775649821988033,0.3040624314456158,0.8518592406840242,1.2219522404909953,1.021743334042412
libero_10,0,wrong_latent,117,1404,1404,0,0,0.0007122507122507122,-0.05554706740934005,0.4355538389581538,0.4561812643134153,0.6070275847264226,0.8456926352724904,0.7827503701453963
libero_10,0,shuffled_cache,117,1404,1404,0,0,0.23646723646723644,-15.59861603084344,0.4103170554722675,0.0322699947519441,10.862113108858956,16.553099356074917,10.898724492192798
libero_10,0,donor_latent,117,1404,1404,0,0,0.9992877492877492,0.6824043572539998,0.8685521255655028,0.9431486024110184,0.1958149333846692,0.28409615585006126,0.21680376853647654
libero_10,0,donor_cache,117,1404,1404,0,0,0.9992877492877492,0.6824043572539998,0.8685521255655028,0.9431486024110184,0.1958149333846692,0.28409615585006126,0.21680376853647654
libero_10,1,first_frame,117,1404,1404,0,0,0.19373219373219375,-0.43638484739595784,0.3787715043908432,0.30271456105001016,0.8523874921210107,1.2335356205445922,1.020924919288773
libero_10,1,wrong_latent,117,1404,1404,0,0,0.0007122507122507122,-0.05737091416745556,0.4359352227905562,0.4553711595856962,0.6041637352182627,0.8468564063002553,0.779244495951404
libero_10,1,shuffled_cache,117,1404,1404,0,0,0.23646723646723644,-15.627270401727005,0.41121630477730686,0.03250478168236715,10.799120446575655,16.581403209571597,10.8358592637795
libero_10,1,donor_latent,117,1404,1404,0,0,0.9992877492877492,0.6831097983156602,0.8694828981556697,0.943333629468177,0.19439558267463078,0.2837422196444523,0.2150233909745869
libero_10,1,donor_cache,117,1404,1404,0,0,0.9992877492877492,0.6831097983156602,0.8694828981556697,0.943333629468177,0.19439558267463078,0.2837422196444523,0.2150233909745869
libero_10,2,first_frame,117,1404,1404,0,0,0.19586894586894588,-0.429722582886005,0.378664762840886,0.30310982746441656,0.8538617238469278,1.2261385109697593,1.0235051718561095
libero_10,2,wrong_latent,117,1404,1404,0,0,0.0007122507122507122,-0.056324649481133617,0.43584010412883323,0.4560730463239186,0.6065698490924323,0.8458619007736767,0.7825815612842063
libero_10,2,shuffled_cache,117,1404,1404,0,0,0.2357549857549857,-15.479181164132822,0.41066185246208614,0.032611707763652964,10.801755703963662,16.43382239785191,10.838333825625046
libero_10,2,donor_latent,117,1404,1404,0,0,0.9992877492877492,0.6835590903553569,0.8692434256299119,0.9435650404972185,0.19530860898048205,0.2831389366720507,0.2161780140204838
libero_10,2,donor_cache,117,1404,1404,0,0,0.9992877492877492,0.6835590903553569,0.8692434256299119,0.9435650404972185,0.19530860898048205,0.2831389366720507,0.2161780140204838
libero_10,3,first_frame,117,1404,1404,0,0,0.19444444444444445,-0.4380321374019885,0.37867516935063417,0.3025685403069948,0.8543143727914454,1.2353358814157736,1.0230457520519272
libero_10,3,wrong_latent,117,1404,1404,0,0,0.0007122507122507122,-0.057961562417967925,0.4357100819393721,0.4552410364462292,0.6047255427531293,0.8471090563469169,0.7804086841691286
libero_10,3,shuffled_cache,117,1404,1404,0,0,0.2357549857549857,-15.612899569210516,0.41069625793893216,0.03251692221325163,10.804363489182899,16.56728421349193,10.840966066503187
libero_10,3,donor_latent,117,1404,1404,0,0,0.9992877492877492,0.6821058241268474,0.8688923494868926,0.9429607461913234,0.19514565071783602,0.2845544475324504,0.21593117242246435
libero_10,3,donor_cache,117,1404,1404,0,0,0.9992877492877492,0.6821058241268474,0.8688923494868926,0.9429607461913234,0.19514565071783602,0.2845544475324504,0.21593117242246435
libero_10,4,first_frame,117,1404,1404,0,0,0.19373219373219375,-0.4368816125714359,0.3782215252410742,0.30228087072803317,0.8548530717272649,1.2339950215359123,1.0238863333763237
libero_10,4,wrong_latent,117,1404,1404,0,0,0.0007122507122507122,-0.05608937099806524,0.43570675354776445,0.4563219977970285,0.6044027905760881,0.8451753429640085,0.780352162848562
libero_10,4,shuffled_cache,117,1404,1404,0,0,0.2357549857549857,-15.594254843199892,0.411113020260738,0.03253707163605178,10.822450105161172,16.548716817659148,10.859057787944478
libero_10,4,donor_latent,117,1404,1404,0,0,0.9992877492877492,0.6827817465314561,0.8688273401306403,0.9432341662259803,0.19506259426040978,0.28381507930849803,0.21595485134885561
libero_10,4,donor_cache,117,1404,1404,0,0,0.9992877492877492,0.6827817465314561,0.8688273401306403,0.9432341662259803,0.19506259426040978,0.28381507930849803,0.21595485134885561
libero_10,5,first_frame,117,1404,1404,0,0,0.19444444444444445,-0.42370691810164457,0.3786430649697378,0.30520965053370047,0.8569673501465331,1.22227236977847,1.0266060771981924
libero_10,5,wrong_latent,117,1404,1404,0,0,0.0007122507122507122,-0.053864834730137215,0.4355893124113268,0.45717657399509326,0.6085271462232498,0.8428168116205167,0.7856007488507529
libero_10,5,shuffled_cache,117,1404,1404,0,0,0.23646723646723644,-15.25583864524378,0.41149325276618165,0.03278227243112636,10.805133734984112,16.209887356216846,10.842048240645862
libero_10,5,donor_latent,117,1404,1404,0,0,0.9992877492877492,0.6837214457386486,0.8687053374071356,0.9435812939006157,0.1962567431283068,0.2827585720997185,0.217315446927513
libero_10,5,donor_cache,117,1404,1404,0,0,0.9992877492877492,0.6837214457386486,0.8687053374071356,0.9435812939006157,0.1962567431283068,0.2827585720997185,0.217315446927513
libero_10,6,first_frame,117,1404,1404,0,0,0.19444444444444445,-0.4420605499302394,0.37758619575291447,0.3005372687142998,0.8606025053973856,1.2392691060660603,1.030161411173625
libero_10,6,wrong_latent,117,1404,1404,0,0,0.0007122507122507122,-0.05530562572295374,0.43551444222446695,0.45651635304638966,0.6069876937075434,0.8446057120061653,0.7833639485792183
libero_10,6,shuffled_cache,117,1404,1404,0,0,0.23575498575498574,-15.507652913823057,0.41121513086857264,0.03260797074420437,10.836918968064335,16.46236703451999,10.873457114792501
libero_10,6,donor_latent,117,1404,1404,0,0,0.9992877492877492,0.6820231931644896,0.8685042646799919,0.9429770295854563,0.1962394569130125,0.28455464488773186,0.21720518272905762
libero_10,6,donor_cache,117,1404,1404,0,0,0.9992877492877492,0.6820231931644896,0.8685042646799919,0.9429770295854563,0.1962394569130125,0.28455464488773186,0.21720518272905762
libero_10,7,first_frame,117,1404,1404,0,0,0.19373219373219375,-0.4316705644494423,0.3781975893625376,0.3038100282514411,0.8480639278085059,1.2283957869273603,1.0169026977128937
libero_10,7,wrong_latent,117,1404,1404,0,0,0.0007122507122507122,-0.056604166981526746,0.4358572494844914,0.4560157085012994,0.6025497066956415,0.845394634262289,0.7782554658468993
libero_10,7,shuffled_cache,117,1404,1404,0,0,0.23575498575498574,-15.653877459135607,0.41061282055765164,0.03245797330018084,10.808279130868922,16.608306102372108,10.84487041756994
libero_10,7,donor_latent,117,1404,1404,0,0,0.9992877492877492,0.683419218101643,0.8692504468263985,0.9434166415842394,0.19393708195118792,0.2832931965241926,0.21465332309184712
libero_10,7,donor_cache,117,1404,1404,0,0,0.9992877492877492,0.683419218101643,0.8692504468263985,0.9434166415842394,0.19393708195118792,0.2832931965241926,0.21465332309184712
libero_10,8,first_frame,117,1404,1404,0,0,0.19586894586894588,-0.4295106868214609,0.38256832211419667,0.3067715925403023,0.8571175174427063,1.2283626939211427,1.0263439356993909
libero_10,8,wrong_latent,117,1404,1404,0,0,0.0007122507122507122,-0.056798086296855704,0.43674853073276787,0.45675324702302994,0.6087786330538939,0.8470574231238022,0.7851577423097743
libero_10,8,shuffled_cache,117,1404,1404,0,0,0.23504273504273504,-15.363839803178985,0.4121155517368088,0.03271051900247148,10.806947948926632,16.319452071744113,10.84320750733427
libero_10,8,donor_latent,117,1404,1404,0,0,0.9992877492877492,0.6842070254711708,0.8709444347954951,0.9436327478546647,0.1960563672236379,0.28336213821327433,0.21664871379094577
libero_10,8,donor_cache,117,1404,1404,0,0,0.9992877492877492,0.6842070254711708,0.8709444347954951,0.9436327478546647,0.1960563672236379,0.28336213821327433,0.21664871379094577
libero_10,9,first_frame,117,1404,1404,0,0,0.19373219373219375,-0.43501573414903,0.3763224647534401,0.30178970669059124,0.8475530870472402,1.2314792557544436,1.016109633291713
libero_10,9,wrong_latent,117,1404,1404,0,0,0.0007122507122507122,-0.05512801001278486,0.4346941210373751,0.45614108486419025,0.5998645877615781,0.843881566456537,0.7749868283738286
libero_10,9,shuffled_cache,117,1404,1404,0,0,0.23646723646723644,-15.698981058509572,0.4108470201507339,0.032289389594025046,10.808387811356196,16.653330872735136,10.84493031857164
libero_10,9,donor_latent,117,1404,1404,0,0,0.9992877492877492,0.6814735793614028,0.8669453555654086,0.9428012082241145,0.1943124288650203,0.28458996858886354,0.21544832340751993
libero_10,9,donor_cache,117,1404,1404,0,0,0.9992877492877492,0.6814735793614028,0.8669453555654086,0.9428012082241145,0.1943124288650203,0.28458996858886354,0.21544832340751993
libero_goal,0,first_frame,117,1404,1404,0,0,0.19658119658119655,-0.43581635383866585,0.3795227928878597,0.3037452103620071,0.8545918068050652,1.2337542854491184,1.0231028175309291
libero_goal,0,wrong_latent,117,1404,1404,0,0,0.0007122507122507122,-0.0563780414832616,0.43594398691316116,0.4561942706234973,0.6050371684970719,0.8458165824930398,0.7807408890711726
libero_goal,0,shuffled_cache,117,1404,1404,0,0,0.23646723646723644,-15.871943567266669,0.4132588334565453,0.03181062146087025,10.98042045578345,16.828490608011542,11.015751682131382
libero_goal,0,donor_latent,117,1404,1404,0,0,0.9992877492877492,0.6837329815458251,0.86937384453424,0.9435091919698405,0.19463592927033282,0.28313093780141063,0.21534841845735817
libero_goal,0,donor_cache,117,1404,1404,0,0,0.9992877492877492,0.6837329815458251,0.86937384453424,0.9435091919698405,0.19463592927033282,0.28313093780141063,0.21534841845735817
libero_goal,1,first_frame,117,1404,1404,0,0,0.19373219373219375,-0.4364531269335512,0.3793131153943348,0.30396743244570124,0.8545787679963645,1.2345879501897263,1.022933350499525
libero_goal,1,wrong_latent,117,1404,1404,0,0,0.0007122507122507122,-0.05702761962045553,0.4362165143128227,0.45607081937757976,0.6049809877674498,0.8466440639461403,0.7805613015720426
libero_goal,1,shuffled_cache,117,1404,1404,0,0,0.23717948717948714,-15.580083568259711,0.4117053024958252,0.03261683323851108,10.799658506603782,16.535666237774805,10.835531258642282
libero_goal,1,donor_latent,117,1404,1404,0,0,0.9992877492877492,0.6843054396777652,0.8699478660940291,0.9437310861428725,0.19418542648789985,0.28268460338199297,0.21480587029812404
libero_goal,1,donor_cache,117,1404,1404,0,0,0.9992877492877492,0.6843054396777652,0.8699478660940291,0.9437310861428725,0.19418542648789985,0.28268460338199297,0.21480587029812404
libero_goal,2,first_frame,117,1404,1404,0,0,0.19658119658119658,-0.4103986249351329,0.3796920384982823,0.30382561403528485,0.8286061753091165,1.208381256635183,0.9870298593849376
libero_goal,2,wrong_latent,117,1404,1404,0,0,0.0007122507122507122,-0.04128590794722993,0.43595946905630145,0.45779243169127354,0.5898997933522517,0.8322007196486678,0.7552344415568735
libero_goal,2,shuffled_cache,117,1404,1404,0,0,0.2357549857549857,-15.835268661649636,0.4140147347873233,0.03197374860646427,10.865644176482808,16.791316874711093,10.898824830408026
libero_goal,2,donor_latent,117,1404,1404,0,0,0.9992877492877492,0.6820393056846559,0.8694205070348813,0.9433683400139324,0.19357103081978144,0.28504248939009125,0.2141251324450454
libero_goal,2,donor_cache,117,1404,1404,0,0,0.9992877492877492,0.6820393056846559,0.8694205070348813,0.9433683400139324,0.19357103081978144,0.28504248939009125,0.2141251324450454
libero_goal,3,first_frame,117,1404,1404,0,0,0.19444444444444445,-0.43185453206514507,0.37998882737878553,0.3045442268598241,0.8495450462164824,1.228753910389629,1.0183664113055695
libero_goal,3,wrong_latent,117,1404,1404,0,0,0.0007122507122507122,-0.05573303446843119,0.43678449395297236,0.4573735914104131,0.603212666640045,0.8455783469446673,0.7783238214933432
libero_goal,3,shuffled_cache,117,1404,1404,0,0,0.23646723646723644,-15.652731578047767,0.4122586384731201,0.032533457860658886,10.827835100558023,16.6072825747339,10.864307312048702
libero_goal,3,donor_latent,117,1404,1404,0,0,0.9992877492877492,0.6849512516877112,0.8710978227713623,0.9441431154041788,0.1937717357655657,0.2825722065126308,0.21405613457845396
libero_goal,3,donor_cache,117,1404,1404,0,0,0.9992877492877492,0.6849512516877112,0.8710978227713623,0.9441431154041788,0.1937717357655657,0.2825722065126308,0.21405613457845396
libero_goal,4,first_frame,117,1404,1404,0,0,0.19230769230769232,-0.4073182403479763,0.37591198514741225,0.3020776118340824,0.8204674870259085,1.202094266627207,0.9878911549272882
libero_goal,4,wrong_latent,117,1404,1404,0,0,0.0,-0.046380401077591525,0.4355053838813802,0.45773438234612523,0.590391921620172,0.8368326745736184,0.7589145515899777
libero_goal,4,shuffled_cache,117,1404,1404,0,0,0.23504273504273504,-15.777297542355079,0.4105159571889585,0.03159319477022623,10.811656640775242,16.73216972840344,10.847130235683512
libero_goal,4,donor_latent,117,1404,1404,0,0,1.0,0.6819573405956268,0.8689535753037451,0.9433053096340581,0.19262415584724263,0.2849176461989518,0.21298128218053386
libero_goal,4,donor_cache,117,1404,1404,0,0,1.0,0.6819573405956268,0.8689535753037451,0.9433053096340581,0.19262415584724263,0.2849176461989518,0.21298128218053386
libero_goal,5,first_frame,117,1404,1404,0,0,0.19373219373219375,-0.4397086579923126,0.3792349626108794,0.3026302328317863,0.855939663704232,1.2375401014216223,1.024384354235947
libero_goal,5,wrong_latent,117,1404,1404,0,0,0.0007122507122507122,-0.05597008582978445,0.43636400930052854,0.4567536152153354,0.6045309781062401,0.8458828301544502,0.7797699350071138
libero_goal,5,shuffled_cache,117,1404,1404,0,0,0.23717948717948717,-15.91637173193059,0.4118043266992885,0.03149511336770952,10.99679942126151,16.871239477086384,11.033105857374206
libero_goal,5,donor_latent,117,1404,1404,0,0,0.9992877492877492,0.6841009446986369,0.8703051017021299,0.9436780263778394,0.19437540961755023,0.28306959255130887,0.21486220446905852
libero_goal,5,donor_cache,117,1404,1404,0,0,0.9992877492877492,0.6841009446986369,0.8703051017021299,0.9436780263778394,0.19437540961755023,0.28306959255130887,0.21486220446905852
libero_goal,6,first_frame,117,1404,1404,0,0,0.19444444444444445,-0.4232556387774764,0.3792716205103239,0.3055439113211716,0.84876862871662,1.2197310921535778,1.0183839498745784
libero_goal,6,wrong_latent,117,1404,1404,0,0,0.0007122507122507122,-0.057307789930974816,0.4365174423046396,0.45630120107591415,0.6066330232054137,0.8472114232115358,0.7823588998307456
libero_goal,6,shuffled_cache,117,1404,1404,0,0,0.23575498575498574,-15.502901390622814,0.41297606413786514,0.032700893244293434,10.793967644125487,16.4576676634876,10.83047184706419
libero_goal,6,donor_latent,117,1404,1404,0,0,0.9992877492877492,0.6863458151586802,0.8706773282278217,0.9445808753560182,0.1938614923691341,0.2809261708101441,0.21436733639765196
libero_goal,6,donor_cache,117,1404,1404,0,0,0.9992877492877492,0.6863458151586802,0.8706773282278217,0.9445808753560182,0.1938614923691341,0.2809261708101441,0.21436733639765196
libero_goal,7,first_frame,117,1404,1404,0,0,0.19515669515669515,-0.4283550018841395,0.380002298377244,0.30487699723046113,0.8485698654520248,1.2253329757061304,1.0175702645013551
libero_goal,7,wrong_latent,117,1404,1404,0,0,0.0007122507122507122,-0.05814863562545046,0.43621767145261897,0.45545346409190596,0.6051381083639331,0.8477373931531462,0.7806497015500008
libero_goal,7,shuffled_cache,117,1404,1404,0,0,0.23646723646723644,-15.596688875587146,0.411575258204635,0.032478121688236654,10.799228398120798,16.551535759798643,10.835529465977746
libero_goal,7,donor_latent,117,1404,1404,0,0,0.9992877492877492,0.6833678960778321,0.8700569979329323,0.9432895213848755,0.19470978848733306,0.2838566061237169,0.21517194720459995
libero_goal,7,donor_cache,117,1404,1404,0,0,0.9992877492877492,0.6833678960778321,0.8700569979329323,0.9432895213848755,0.19470978848733306,0.2838566061237169,0.21517194720459995
libero_goal,8,first_frame,117,1404,1404,0,0,0.19444444444444445,-0.43943868182267287,0.37937985134516095,0.3022013669918295,0.8556437512856421,1.2369685221114275,1.0241934762603733
libero_goal,8,wrong_latent,117,1404,1404,0,0,0.0007122507122507122,-0.0568221416479113,0.4364243586777636,0.4563054095163223,0.6045838814524785,0.8466266989695765,0.779858647715058
libero_goal,8,shuffled_cache,117,1404,1404,0,0,0.23646723646723644,-15.601793874033671,0.41480210579874344,0.03281409001461685,10.80380823436855,16.557431053527008,10.83965884587743
libero_goal,8,donor_latent,117,1404,1404,0,0,0.9992877492877492,0.6844770614388896,0.8704360656857978,0.9438031592072533,0.19408125252046896,0.2827969204960288,0.21451308826826546
libero_goal,8,donor_cache,117,1404,1404,0,0,0.9992877492877492,0.6844770614388896,0.8704360656857978,0.9438031592072533,0.19408125252046896,0.2827969204960288,0.21451308826826546
libero_goal,9,first_frame,117,1404,1404,0,0,0.19444444444444445,-0.43239238419808496,0.3785023626738905,0.3032216571476605,0.8491124476764634,1.2313784373618755,1.0155777074620758
libero_goal,9,wrong_latent,117,1404,1404,0,0,0.0007122507122507122,-0.05495007304409442,0.4356304681869527,0.4566928338053855,0.6023246688228259,0.8456573264854379,0.7755437392828267
libero_goal,9,shuffled_cache,117,1404,1404,0,0,0.23646723646723644,-15.72591429818025,0.41150059109963827,0.032253578289523396,10.836784910492854,16.68035867919698,10.873283340523153
libero_goal,9,donor_latent,117,1404,1404,0,0,0.9992877492877492,0.6832930749369992,0.8687765817158785,0.9434543986884059,0.19353345818921228,0.2832834197553844,0.21431006202278952
libero_goal,9,donor_cache,117,1404,1404,0,0,0.9992877492877492,0.6832930749369992,0.8687765817158785,0.9434543986884059,0.19353345818921228,0.2832834197553844,0.21431006202278952
libero_object,0,first_frame,117,1404,1404,0,0,0.19230769230769232,-0.4439984256764576,0.37582425673561803,0.2986382609265545,0.8534206709486898,1.2403832886580741,1.0218530069601317
libero_object,0,wrong_latent,117,1404,1404,0,0,0.0007122507122507122,-0.055922680443873975,0.43468117037153603,0.45554032063890915,0.5991139280611181,0.8441174313012502,0.7745942113854507
libero_object,0,shuffled_cache,117,1404,1404,0,0,0.2357549857549857,-15.804314412412028,0.4111492049562797,0.03235977413366097,10.87380985809538,16.760749557158448,10.908688099141912
libero_object,0,donor_latent,117,1404,1404,0,0,0.9992877492877492,0.6810143761596963,0.866872658933602,0.9426682320271803,0.19435626166435488,0.28504573933447713,0.2154877543683192
libero_object,0,donor_cache,117,1404,1404,0,0,0.9992877492877492,0.6810143761596963,0.866872658933602,0.9426682320271803,0.19435626166435488,0.28504573933447713,0.2154877543683192
libero_object,1,first_frame,117,1404,1404,0,0,0.19444444444444445,-0.4394765476378457,0.3773848021343771,0.30175142992123494,0.8458406014560849,1.2371677598626942,1.0117591663525567
libero_object,1,wrong_latent,117,1404,1404,0,0,0.0007122507122507122,-0.05586628732430829,0.4349461568002246,0.4560149919290905,0.5946482892936882,0.8444777489560927,0.7686438029973781
libero_object,1,shuffled_cache,117,1404,1404,0,0,0.23646723646723644,-15.794763035699788,0.41092365436917416,0.0320726815085276,10.804811560123253,16.749339533372297,10.840890311188675
libero_object,1,donor_latent,117,1404,1404,0,0,0.9992877492877492,0.6800425300439823,0.867436954228762,0.9424464846461074,0.19423943946147434,0.28619234260838666,0.21517766573007405
libero_object,1,donor_cache,117,1404,1404,0,0,0.9992877492877492,0.6800425300439823,0.867436954228762,0.9424464846461074,0.19423943946147434,0.28619234260838666,0.21517766573007405
libero_object,2,first_frame,117,1404,1404,0,0,0.19515669515669515,-0.43465291751549023,0.37782401564797535,0.30226023578047695,0.8509723470710937,1.2313270500929496,1.0200438956944602
libero_object,2,wrong_latent,117,1404,1404,0,0,0.0007122507122507122,-0.05739418388819769,0.43526721084033726,0.4553546455311401,0.6037474557305734,0.8460338680516313,0.7797069513400438
libero_object,2,shuffled_cache,117,1404,1404,0,0,0.23575498575498574,-15.649443408491093,0.41061629024680835,0.03245888175930896,10.820933850305897,16.604257625816242,10.857234018936513
libero_object,2,donor_latent,117,1404,1404,0,0,0.9992877492877492,0.6817227450278723,0.868094557695554,0.9428573529301828,0.1950727716429747,0.28462510838231103,0.21604801603321813
libero_object,2,donor_cache,117,1404,1404,0,0,0.9992877492877492,0.6817227450278723,0.868094557695554,0.9428573529301828,0.1950727716429747,0.28462510838231103,0.21604801603321813
libero_object,3,first_frame,117,1404,1404,0,0,0.19586894586894588,-0.44374038664196147,0.37776338846932406,0.2995056561191998,0.8540544914552213,1.241584936398868,1.021092509688392
libero_object,3,wrong_latent,117,1404,1404,0,0,0.0007122507122507122,-0.05435566891221356,0.4351202650411159,0.4564902686551627,0.5987341617357745,0.8436397139589207,0.7729940789399302
libero_object,3,shuffled_cache,117,1404,1404,0,0,0.23717948717948717,-15.714418851221845,0.41106951046746554,0.03229321212737326,10.808256051538546,16.66878638510058,10.844743819426844
libero_object,3,donor_latent,117,1404,1404,0,0,0.9992877492877492,0.680843251789458,0.8677097079691387,0.9426444753639398,0.19469511970735837,0.2854532484195532,0.21565625999383295
libero_object,3,donor_cache,117,1404,1404,0,0,0.9992877492877492,0.680843251789458,0.8677097079691387,0.9426444753639398,0.19469511970735837,0.2854532484195532,0.21565625999383295
libero_object,4,first_frame,117,1404,1404,0,0,0.19301994301994302,-0.4407827239453476,0.37620332473558665,0.300101579771443,0.8542095252710346,1.2370942405505871,1.023298340101424
libero_object,4,wrong_latent,117,1404,1404,0,0,0.0007122507122507122,-0.05444870567373822,0.4348329145222624,0.45615924042393263,0.601313820353742,0.8426771549071644,0.7772983520169507
libero_object,4,shuffled_cache,117,1404,1404,0,0,0.23575498575498574,-15.711287445822252,0.4108985084250284,0.03233958605000545,10.851102897611241,16.66700788975985,10.886707675927457
libero_object,4,donor_latent,117,1404,1404,0,0,0.9992877492877492,0.6811883601790185,0.8673129491898484,0.9427216154884053,0.19509543482092526,0.2849601354737334,0.21619688324913033
libero_object,4,donor_cache,117,1404,1404,0,0,0.9992877492877492,0.6811883601790185,0.8673129491898484,0.9427216154884053,0.19509543482092526,0.2849601354737334,0.21619688324913033
libero_object,5,first_frame,117,1404,1404,0,0,0.19444444444444445,-0.4423361271187322,0.37718297491182284,0.2997628560354629,0.8499474340623359,1.2391956499505836,1.0171895802455233
libero_object,5,wrong_latent,117,1404,1404,0,0,0.0007122507122507122,-0.056755798825261716,0.4347887904461884,0.4556922955960665,0.59688878963052,0.8455938086559223,0.7711601267937446
libero_object,5,shuffled_cache,117,1404,1404,0,0,0.23646723646723644,-15.75926425136576,0.41028077083129166,0.032131929290585524,10.80097312225119,16.713868709212097,10.837220709536826
libero_object,5,donor_latent,117,1404,1404,0,0,0.9992877492877492,0.6799888435451297,0.8670881936211412,0.9424548747844506,0.19466332215333254,0.28614633713221116,0.21572256002795523
libero_object,5,donor_cache,117,1404,1404,0,0,0.9992877492877492,0.6799888435451297,0.8670881936211412,0.9424548747844506,0.19466332215333254,0.28614633713221116,0.21572256002795523
libero_object,6,first_frame,117,1404,1404,0,0,0.19373219373219375,-0.4408274584661119,0.37615238985507826,0.30001600026903613,0.8467121030811922,1.2368064685617284,1.0149005325046923
libero_object,6,wrong_latent,117,1404,1404,0,0,0.0007122507122507122,-0.05680578928176779,0.4346701401890782,0.4553728311478135,0.5972892232822292,0.8456494193272011,0.771468601121258
libero_object,6,shuffled_cache,117,1404,1404,0,0,0.23575498575498574,-15.788448867695914,0.410586746487,0.03185589332983546,10.815088056338052,16.743603039364444,10.850741735268835
libero_object,6,donor_latent,117,1404,1404,0,0,0.9992877492877492,0.6802256485466273,0.8668219747477952,0.9424775119317272,0.19414225193940918,0.28581786640924417,0.2152690784023005
libero_object,6,donor_cache,117,1404,1404,0,0,0.9992877492877492,0.6802256485466273,0.8668219747477952,0.9424775119317272,0.19414225193940918,0.28581786640924417,0.2152690784023005
libero_object,7,first_frame,117,1404,1404,0,0,0.19301994301994302,-0.4398025341187459,0.3770723146750529,0.3014977319153501,0.8499938851641088,1.2373366250869697,1.0172931837704626
libero_object,7,wrong_latent,117,1404,1404,0,0,0.0007122507122507122,-0.05458182736635369,0.43503764895954766,0.4568556695707877,0.5979366788663912,0.8436632351732588,0.7723778657924572
libero_object,7,shuffled_cache,117,1404,1404,0,0,0.23575498575498574,-15.78999806204069,0.41027574248352067,0.03182340010660269,10.852556478032515,16.744885307807298,10.888586449087652
libero_object,7,donor_latent,117,1404,1404,0,0,0.9992877492877492,0.6807253107722077,0.8674705475185693,0.9426049609267035,0.19448526623598728,0.2854762138039237,0.21549783042893095
libero_object,7,donor_cache,117,1404,1404,0,0,0.9992877492877492,0.6807253107722077,0.8674705475185693,0.9426049609267035,0.19448526623598728,0.2854762138039237,0.21549783042893095
libero_object,8,first_frame,117,1404,1404,0,0,0.19301994301994302,-0.435418441741928,0.3770045562080859,0.3022926929479285,0.84821861705024,1.2318352892733413,1.0169410727806085
libero_object,8,wrong_latent,117,1404,1404,0,0,0.0007122507122507122,-0.05699384186167978,0.4349349228533696,0.4554297973597339,0.6012013537613703,0.8456305245644765,0.7766433731698622
libero_object,8,shuffled_cache,117,1404,1404,0,0,0.23575498575498574,-15.784678739512191,0.41023594284806214,0.03195794632531176,10.870348234266737,16.740251816319695,10.905963119391755
libero_object,8,donor_latent,117,1404,1404,0,0,0.9992877492877492,0.6813298457819617,0.8674299010107221,0.942763017390662,0.1944979075606192,0.2848286731819924,0.2155672832447073
libero_object,8,donor_cache,117,1404,1404,0,0,0.9992877492877492,0.6813298457819617,0.8674299010107221,0.942763017390662,0.1944979075606192,0.2848286731819924,0.2155672832447073
libero_object,9,first_frame,117,1404,1404,0,0,0.19515669515669515,-0.4455898062770102,0.377308632909899,0.2985803812588114,0.855339403163486,1.2433493271029867,1.0226691532388146
libero_object,9,wrong_latent,117,1404,1404,0,0,0.0007122507122507122,-0.057593115305066805,0.43492869820370433,0.45525931651366675,0.6002525968217924,0.8461891282018889,0.7754339787237582
libero_object,9,shuffled_cache,117,1404,1404,0,0,0.23575498575498574,-15.734746448526373,0.4101615823594833,0.03211454669343734,10.81587351156233,16.689523500086775,10.852038481809826
libero_object,9,donor_latent,117,1404,1404,0,0,0.9992877492877492,0.680598197175657,0.8674038008017385,0.9425671583658877,0.19471655845302654,0.2855825026689467,0.21575388553674538
libero_object,9,donor_cache,117,1404,1404,0,0,0.9992877492877492,0.680598197175657,0.8674038008017385,0.9425671583658877,0.19471655845302654,0.2855825026689467,0.21575388553674538
libero_spatial,0,first_frame,117,1404,1404,0,0,0.19729344729344728,-0.44200678852532554,0.3798172722178681,0.30158572712703796,0.856386068577565,1.2401847432614257,1.024319991552274
libero_spatial,0,wrong_latent,117,1404,1404,0,0,0.0007122507122507122,-0.05745635656914669,0.43692666749585335,0.4563829539184071,0.6043959726659536,0.847695907898805,0.7791270834251088
libero_spatial,0,shuffled_cache,117,1404,1404,0,0,0.2343304843304843,-15.608397809330386,0.4123086273633197,0.03259243747404186,10.783605580326585,16.562727535769188,10.82020433395769
libero_spatial,0,donor_latent,117,1404,1404,0,0,0.9992877492877492,0.6865928749342964,0.871445413432029,0.9448138525118326,0.192447909842769,0.28097874369446824,0.21262853882684865
libero_spatial,0,donor_cache,117,1404,1404,0,0,0.9992877492877492,0.6865928749342964,0.871445413432029,0.9448138525118326,0.192447909842769,0.28097874369446824,0.21262853882684865
libero_spatial,1,first_frame,117,1404,1404,0,0,0.19444444444444445,-0.4335103925953301,0.37956996009002136,0.3037529133650295,0.8569397599652189,1.230966246514963,1.0263189661610252
libero_spatial,1,wrong_latent,117,1404,1404,0,0,0.0007122507122507122,-0.057020018225487225,0.4364315393687547,0.45612729045573386,0.6074990342352863,0.8466937478990118,0.7837101750815134
libero_spatial,1,shuffled_cache,117,1404,1404,0,0,0.23575498575498574,-15.444022719765885,0.41445650991648264,0.03281393604621913,10.803089584529108,16.398720110676702,10.839665538313753
libero_spatial,1,donor_latent,117,1404,1404,0,0,0.9992877492877492,0.6840126907632827,0.8703768279457887,0.9435810867583706,0.19551601090440882,0.2832152679146178,0.21614281611471226
libero_spatial,1,donor_cache,117,1404,1404,0,0,0.9992877492877492,0.6840126907632827,0.8703768279457887,0.9435810867583706,0.19551601090440882,0.2832152679146178,0.21614281611471226
libero_spatial,2,first_frame,117,1404,1404,0,0,0.19444444444444442,-0.42798240692239753,0.3785858560028418,0.3043940281736162,0.8472502512579142,1.224104434624932,1.0167204785258457
libero_spatial,2,wrong_latent,117,1404,1404,0,0,0.0007122507122507122,-0.05653834594169212,0.43616276598433423,0.4560857358294699,0.603886515197867,0.8458090512848158,0.7794920101874097
libero_spatial,2,shuffled_cache,117,1404,1404,0,0,0.23646723646723644,-15.602536378849052,0.41217176467219563,0.032587762992765834,10.796883432050969,16.557193049847925,10.83333192633313
libero_spatial,2,donor_latent,117,1404,1404,0,0,0.9992877492877492,0.6844930751745555,0.8699343823608066,0.9438941708378765,0.19379737596461735,0.2824528674536726,0.21443744299447784
libero_spatial,2,donor_cache,117,1404,1404,0,0,0.9992877492877492,0.6844930751745555,0.8699343823608066,0.9438941708378765,0.19379737596461735,0.2824528674536726,0.21443744299447784
libero_spatial,3,first_frame,117,1404,1404,0,0,0.19658119658119658,-0.43914919531971586,0.37992872755112883,0.30285081822467075,0.8554578078183944,1.237095167495946,1.02376214121596
libero_spatial,3,wrong_latent,117,1404,1404,0,0,0.0007122507122507122,-0.05751025743083897,0.4368349032582148,0.45585582220048376,0.6053043474713903,0.8476841552312019,0.7802714437383635
libero_spatial,3,shuffled_cache,117,1404,1404,0,0,0.23646723646723644,-15.598998101165067,0.41292528409119256,0.03256278057242055,10.797425383157004,16.553631006567322,10.833902310795988
libero_spatial,3,donor_latent,117,1404,1404,0,0,0.9992877492877492,0.6857615514296546,0.87116227751804,0.944401874667286,0.1933687459643457,0.2817189272082451,0.21363390806292426
libero_spatial,3,donor_cache,117,1404,1404,0,0,0.9992877492877492,0.6857615514296546,0.87116227751804,0.944401874667286,0.1933687459643457,0.2817189272082451,0.21363390806292426
libero_spatial,4,first_frame,117,1404,1404,0,0,0.19444444444444445,-0.430103021020501,0.37854023728768593,0.3042389090439104,0.8437674239127522,1.2268195301473672,1.0121807190648135
libero_spatial,4,wrong_latent,117,1404,1404,0,0,0.0007122507122507122,-0.05567108971826015,0.4354756872676105,0.4563554107909173,0.5997523074127981,0.8442566251494904,0.7751018731306591
libero_spatial,4,shuffled_cache,117,1404,1404,0,0,0.2357549857549857,-15.694703560312883,0.4119738390163271,0.03246348414808426,10.798205063215695,16.64951545487858,10.83437018021497
libero_spatial,4,donor_latent,117,1404,1404,0,0,0.9992877492877492,0.6829770859590929,0.8685152690868927,0.943251100008141,0.19333866438075029,0.2835143894914502,0.2141518076001264
libero_spatial,4,donor_cache,117,1404,1404,0,0,0.9992877492877492,0.6829770859590929,0.8685152690868927,0.943251100008141,0.19333866438075029,0.2835143894914502,0.2141518076001264
libero_spatial,5,first_frame,117,1404,1404,0,0,0.19230769230769232,-0.4285184715460461,0.3762041584641758,0.3015412563967859,0.8243132800544785,1.2244811961636455,0.9900337573238376
libero_spatial,5,wrong_latent,117,1404,1404,0,0,0.0007122507122507122,-0.04749023117895659,0.4354591396819512,0.4571094838366772,0.580871943991447,0.8370313706071265,0.7498312471364438
libero_spatial,5,shuffled_cache,117,1404,1404,0,0,0.2357549857549857,-15.808868150366362,0.41013222281955675,0.03133139760944081,10.799093542231619,16.763774486611652,10.834230909647475
libero_spatial,5,donor_latent,117,1404,1404,0,0,0.9992877492877492,0.6820575163637814,0.8684999155010991,0.9432733230602504,0.1911826866246939,0.28456229874504685,0.211890870844742
libero_spatial,5,donor_cache,117,1404,1404,0,0,0.9992877492877492,0.6820575163637814,0.8684999155010991,0.9432733230602504,0.1911826866246939,0.28456229874504685,0.211890870844742
libero_spatial,6,first_frame,117,1404,1404,0,0,0.19515669515669515,-0.4300188514362235,0.3799454192544024,0.30497692520748304,0.8486401975672632,1.2266700768810335,1.017714472672194
libero_spatial,6,wrong_latent,117,1404,1404,0,0,0.0007122507122507122,-0.05755159202050466,0.4368689337235025,0.4560448955740457,0.6051382933364711,0.8477981453241845,0.780037060908754
libero_spatial,6,shuffled_cache,117,1404,1404,0,0,0.2357549857549857,-15.609104579330083,0.41239163346998436,0.032598597636544234,10.799890412688288,16.563303025010384,10.836598665430706
libero_spatial,6,donor_latent,117,1404,1404,0,0,0.9992877492877492,0.6854038783923043,0.8712624936784735,0.9442076044647515,0.19369678019204403,0.2822470976942007,0.21383244504191365
libero_spatial,6,donor_cache,117,1404,1404,0,0,0.9992877492877492,0.6854038783923043,0.8712624936784735,0.9442076044647515,0.19369678019204403,0.2822470976942007,0.21383244504191365
libero_spatial,7,first_frame,117,1404,1404,0,0,0.19444444444444445,-0.439429649460905,0.3778453356985502,0.30156157055785915,0.8401954281999185,1.2395713045937622,0.9942210489206209
libero_spatial,7,wrong_latent,117,1404,1404,0,0,0.0007122507122507122,-0.046812211137531666,0.43482609184601106,0.4574034785203323,0.5780560413277184,0.8365653208241729,0.7443149296968605
libero_spatial,7,shuffled_cache,117,1404,1404,0,0,0.23646723646723644,-15.88801311654461,0.4105760548984829,0.031059061872080285,10.82298002350755,16.843075701547367,10.857340834705285
libero_spatial,7,donor_latent,117,1404,1404,0,0,0.9992877492877492,0.6792197138436032,0.8671963856398479,0.9424292461943324,0.19318286930724682,0.28703831585843315,0.21416872340549348
libero_spatial,7,donor_cache,117,1404,1404,0,0,0.9992877492877492,0.6792197138436032,0.8671963856398479,0.9424292461943324,0.19318286930724682,0.28703831585843315,0.21416872340549348
libero_spatial,8,first_frame,117,1404,1404,0,0,0.19444444444444445,-0.43933396144475045,0.37989851789403895,0.3031872340995612,0.8544394623597868,1.2379803339276443,1.0218723639704559
libero_spatial,8,wrong_latent,117,1404,1404,0,0,0.0007122507122507122,-0.05622917078237492,0.43621173114811806,0.456635135453632,0.6027851853265065,0.8458691614573777,0.7777348328629269
libero_spatial,8,shuffled_cache,117,1404,1404,0,0,0.23789173789173784,-15.647934418672596,0.41324309590605873,0.03260586800644139,10.799672934099592,16.602272922110256,10.83628031373966
libero_spatial,8,donor_latent,117,1404,1404,0,0,0.9992877492877492,0.6843149374483385,0.8700330650053756,0.9437436503010462,0.19347855047584103,0.28272974882250745,0.21395283632454534
libero_spatial,8,donor_cache,117,1404,1404,0,0,0.9992877492877492,0.6843149374483385,0.8700330650053756,0.9437436503010462,0.19347855047584103,0.28272974882250745,0.21395283632454534
libero_spatial,9,first_frame,117,1404,1404,0,0,0.19515669515669515,-0.4362799869280184,0.3790049465855556,0.3031597566108181,0.8478787305153064,1.2333979161736948,1.015681038992696
libero_spatial,9,wrong_latent,117,1404,1404,0,0,0.0007122507122507122,-0.055597952955148924,0.4357860712735149,0.45680581458916025,0.5993946969045589,0.8448035568161224,0.7741434122222264
libero_spatial,9,shuffled_cache,117,1404,1404,0,0,0.23646723646723644,-15.720925971686228,0.41159555349564364,0.032323129563282704,10.806843565151487,16.675196580993333,10.843415322575625
libero_spatial,9,donor_latent,117,1404,1404,0,0,0.9992877492877492,0.6835779034024628,0.8692436004836437,0.9434667156264798,0.19283745871526609,0.28318110906119753,0.21342119198797932
libero_spatial,9,donor_cache,117,1404,1404,0,0,0.9992877492877492,0.6835779034024628,0.8692436004836437,0.9434667156264798,0.19283745871526609,0.28318110906119753,0.21342119198797932
