bootstrap_mode,kind,label,metric,n_states_total,n_states_valid,n_states_missing,mean,ci95_low,ci95_high,n_suites,n_tasks
state,condition,first_frame,correct_donor_retrieval_rate,120,120,0,0.19444444444444448,0.18192708333333332,0.20694444444444443,,
state,condition,first_frame,donor_distance_reduction,120,120,0,-0.43416520305575745,-0.5266864033758968,-0.3532078669456128,,
state,condition,first_frame,donor_projection,120,120,0,0.3783822009787352,0.3656371814311948,0.3913186191811289,,
state,condition,first_frame,cosine_alignment,120,120,0,0.3026286175634372,0.28352434749196653,0.3217842355347098,,
state,condition,first_frame,orthogonal_residual,120,120,0,0.8496845354538262,0.7816739622339728,0.9255284830346795,,
state,condition,first_frame,orthogonal_residual_ratio,120,120,0,1.2314152717693299,1.1452812507174401,1.3287540548893715,,
state,condition,first_frame,distance_to_donor,120,120,0,1.0174632007852682,0.9404172309701753,1.1000454942961844,,
state,condition,wrong_latent,correct_donor_retrieval_rate,120,120,0,0.0006944444444444444,0.0,0.0020833333333333333,,
state,condition,wrong_latent,donor_distance_reduction,120,120,0,-0.05523982859339524,-0.08943331188591795,-0.026016431112881235,,
state,condition,wrong_latent,donor_projection,120,120,0,0.435722622614237,0.43018317406322293,0.44112365454713515,,
state,condition,wrong_latent,cosine_alignment,120,120,0,0.4562859722396302,0.45014715459612636,0.4624027172115636,,
state,condition,wrong_latent,orthogonal_residual,120,120,0,0.6012135275760832,0.5504382164457862,0.6590405553580374,,
state,condition,wrong_latent,orthogonal_residual_ratio,120,120,0,0.8446629656074263,0.8153753361979367,0.8775094592067106,,
state,condition,wrong_latent,distance_to_donor,120,120,0,0.7757185836924857,0.7059866765672747,0.8523054177024216,,
state,condition,shuffled_cache,correct_donor_retrieval_rate,120,120,0,0.2361111111111111,0.22776041666666666,0.24513888888888888,,
state,condition,shuffled_cache,donor_distance_reduction,120,120,0,-15.665206882643728,-16.726617536430744,-14.615580329853708,,
state,condition,shuffled_cache,donor_projection,120,120,0,0.4115668154614145,0.3995084867138589,0.4230034845296521,,
state,condition,shuffled_cache,cosine_alignment,120,120,0,0.0322976140726589,0.028836562703034065,0.036005948737389985,,
state,condition,shuffled_cache,orthogonal_residual,120,120,0,10.82481792693995,10.491597478682449,11.118337780766486,,
state,condition,shuffled_cache,orthogonal_residual_ratio,120,120,0,16.620062783174486,15.596304984266636,17.699662390901715,,
state,condition,shuffled_cache,distance_to_donor,120,120,0,10.86093011165301,10.524978868236358,11.153772912074952,,
state,condition,donor_latent,correct_donor_retrieval_rate,120,120,0,0.9993055555555556,0.9979166666666667,1.0,,
state,condition,donor_latent,donor_distance_reduction,120,120,0,0.6828366681664071,0.6686405110443406,0.6971812149373016,,
state,condition,donor_latent,donor_projection,120,120,0,0.8689926136403685,0.8581184133662246,0.8797320691977438,,
state,condition,donor_latent,cosine_alignment,120,120,0,0.9433195609601924,0.9384812011973696,0.9480541299785759,,
state,condition,donor_latent,orthogonal_residual,120,120,0,0.19426726283712895,0.18665945978674187,0.20248330816551668,,
state,condition,donor_latent,orthogonal_residual_ratio,120,120,0,0.28389882214253925,0.2724038345827588,0.29543951216727726,,
state,condition,donor_latent,distance_to_donor,120,120,0,0.2150085365447652,0.20660682644917835,0.2241674853216296,,
state,condition,donor_cache,correct_donor_retrieval_rate,120,120,0,0.9993055555555556,0.9979166666666667,1.0,,
state,condition,donor_cache,donor_distance_reduction,120,120,0,0.6828366681664071,0.668534471415893,0.6970717984439732,,
state,condition,donor_cache,donor_projection,120,120,0,0.8689926136403685,0.8581682784694198,0.8800952237443969,,
state,condition,donor_cache,cosine_alignment,120,120,0,0.9433195609601924,0.9383306284891407,0.9481411751803881,,
state,condition,donor_cache,orthogonal_residual,120,120,0,0.19426726283712895,0.18663407377921615,0.20244727637028992,,
state,condition,donor_cache,orthogonal_residual_ratio,120,120,0,0.28389882214253925,0.2729076263661703,0.29545037072870656,,
state,condition,donor_cache,distance_to_donor,120,120,0,0.2150085365447652,0.20654714610326802,0.22406755750074792,,
state,comparison,donor_latent_minus_wrong_latent,correct_donor_retrieval_rate,120,120,0,0.9986111111111111,0.9958333333333333,1.0,,
state,comparison,donor_latent_minus_wrong_latent,donor_distance_reduction,120,120,0,0.7380764967598024,0.7011907277562309,0.7798293148621874,,
state,comparison,donor_latent_minus_wrong_latent,donor_projection,120,120,0,0.43326999102613134,0.42772910672347597,0.4387706462145481,,
state,comparison,donor_latent_minus_wrong_latent,cosine_alignment,120,120,0,0.4870335887205623,0.479885906196647,0.4942877438847902,,
state,comparison,donor_latent_minus_wrong_latent,orthogonal_residual,120,120,0,-0.4069462647389541,-0.4596694915850225,-0.3586994116195719,,
state,comparison,donor_latent_minus_wrong_latent,orthogonal_residual_ratio,120,120,0,-0.5607641434648869,-0.6004380624190525,-0.5244721804942761,,
state,comparison,donor_latent_minus_wrong_latent,distance_to_donor,120,120,0,-0.5607100471477205,-0.6369033454498717,-0.4949683140249234,,
state,comparison,donor_cache_minus_shuffled_cache,correct_donor_retrieval_rate,120,120,0,0.7631944444444445,0.7534722222222222,0.7729166666666667,,
state,comparison,donor_cache_minus_shuffled_cache,donor_distance_reduction,120,120,0,16.348043550810136,15.302055685571348,17.41445057548831,,
state,comparison,donor_cache_minus_shuffled_cache,donor_projection,120,120,0,0.45742579817895385,0.4473200296381153,0.46783158735216634,,
state,comparison,donor_cache_minus_shuffled_cache,cosine_alignment,120,120,0,0.9110219468875336,0.9066111983154275,0.9153177474687797,,
state,comparison,donor_cache_minus_shuffled_cache,orthogonal_residual,120,120,0,-10.63055066410282,-10.931660632277728,-10.298017237637268,,
state,comparison,donor_cache_minus_shuffled_cache,orthogonal_residual_ratio,120,120,0,-16.336163961031946,-17.389466811871785,-15.296926127716315,,
state,comparison,donor_cache_minus_shuffled_cache,distance_to_donor,120,120,0,-10.645921575108247,-10.940249047946903,-10.310860430955199,,
suite_task_state_hierarchical,condition,first_frame,correct_donor_retrieval_rate,120,120,0,0.19444444444444448,0.17291666666666666,0.21388888888888888,4,40
suite_task_state_hierarchical,condition,first_frame,donor_distance_reduction,120,120,0,-0.43416520305575745,-0.649887633381252,-0.2509299239379046,4,40
suite_task_state_hierarchical,condition,first_frame,donor_projection,120,120,0,0.3783822009787352,0.3463333665993867,0.4156347980005444,4,40
suite_task_state_hierarchical,condition,first_frame,cosine_alignment,120,120,0,0.3026286175634372,0.25726142730469537,0.3602681529315996,4,40
suite_task_state_hierarchical,condition,first_frame,orthogonal_residual,120,120,0,0.8496845354538262,0.7155029084886962,1.0128584527318714,4,40
suite_task_state_hierarchical,condition,first_frame,orthogonal_residual_ratio,120,120,0,1.2314152717693299,1.0520075960796904,1.4440842011902946,4,40
suite_task_state_hierarchical,condition,first_frame,distance_to_donor,120,120,0,1.0174632007852682,0.8493417746993804,1.2216531727957418,4,40
suite_task_state_hierarchical,condition,wrong_latent,correct_donor_retrieval_rate,120,120,0,0.0006944444444444444,0.0,0.003472222222222222,4,40
suite_task_state_hierarchical,condition,wrong_latent,donor_distance_reduction,120,120,0,-0.05523982859339524,-0.12403563426782596,-0.012200500201427737,4,40
suite_task_state_hierarchical,condition,wrong_latent,donor_projection,120,120,0,0.435722622614237,0.4177591722077411,0.45742652949982276,4,40
suite_task_state_hierarchical,condition,wrong_latent,cosine_alignment,120,120,0,0.4562859722396302,0.4418715785766039,0.47089815961587517,4,40
suite_task_state_hierarchical,condition,wrong_latent,orthogonal_residual,120,120,0,0.6012135275760832,0.4793304945316263,0.7371523516096947,4,40
suite_task_state_hierarchical,condition,wrong_latent,orthogonal_residual_ratio,120,120,0,0.8446629656074263,0.8036273751554676,0.9023599666973277,4,40
suite_task_state_hierarchical,condition,wrong_latent,distance_to_donor,120,120,0,0.7757185836924857,0.6162544600956591,0.9558330423814796,4,40
suite_task_state_hierarchical,condition,shuffled_cache,correct_donor_retrieval_rate,120,120,0,0.2361111111111111,0.2236111111111111,0.24722222222222223,4,40
suite_task_state_hierarchical,condition,shuffled_cache,donor_distance_reduction,120,120,0,-15.665206882643728,-19.23897192778277,-12.658680393895382,4,40
suite_task_state_hierarchical,condition,shuffled_cache,donor_projection,120,120,0,0.4115668154614145,0.37831756302195413,0.4424398596078339,4,40
suite_task_state_hierarchical,condition,shuffled_cache,cosine_alignment,120,120,0,0.0322976140726589,0.024994689066039858,0.03997136015984052,4,40
suite_task_state_hierarchical,condition,shuffled_cache,orthogonal_residual,120,120,0,10.82481792693995,9.813851434371802,11.581835520862994,4,40
suite_task_state_hierarchical,condition,shuffled_cache,orthogonal_residual_ratio,120,120,0,16.620062783174486,13.573724391116862,20.27530289442314,4,40
suite_task_state_hierarchical,condition,shuffled_cache,distance_to_donor,120,120,0,10.86093011165301,9.915398716756336,11.610446650016648,4,40
suite_task_state_hierarchical,condition,donor_latent,correct_donor_retrieval_rate,120,120,0,0.9993055555555556,0.9965277777777778,1.0,4,40
suite_task_state_hierarchical,condition,donor_latent,donor_distance_reduction,120,120,0,0.6828366681664071,0.6374797432285977,0.7380260837780387,4,40
suite_task_state_hierarchical,condition,donor_latent,donor_projection,120,120,0,0.8689926136403685,0.8326021492867692,0.9123910472716924,4,40
suite_task_state_hierarchical,condition,donor_latent,cosine_alignment,120,120,0,0.9433195609601924,0.9269543586621098,0.9620821538114883,4,40
suite_task_state_hierarchical,condition,donor_latent,orthogonal_residual,120,120,0,0.19426726283712895,0.16503884569720212,0.2233516927106163,4,40
suite_task_state_hierarchical,condition,donor_latent,orthogonal_residual_ratio,120,120,0,0.28389882214253925,0.243064315548018,0.3175449249764692,4,40
suite_task_state_hierarchical,condition,donor_latent,distance_to_donor,120,120,0,0.2150085365447652,0.17924331797019957,0.2509741250651226,4,40
suite_task_state_hierarchical,condition,donor_cache,correct_donor_retrieval_rate,120,120,0,0.9993055555555556,0.9965277777777778,1.0,4,40
suite_task_state_hierarchical,condition,donor_cache,donor_distance_reduction,120,120,0,0.6828366681664071,0.6369655450339159,0.7367849673782073,4,40
suite_task_state_hierarchical,condition,donor_cache,donor_projection,120,120,0,0.8689926136403685,0.8326113824044998,0.9108917216402035,4,40
suite_task_state_hierarchical,condition,donor_cache,cosine_alignment,120,120,0,0.9433195609601924,0.9269517026903124,0.962218278778706,4,40
suite_task_state_hierarchical,condition,donor_cache,orthogonal_residual,120,120,0,0.19426726283712895,0.16528443211939145,0.22405080747315498,4,40
suite_task_state_hierarchical,condition,donor_cache,orthogonal_residual_ratio,120,120,0,0.28389882214253925,0.24352818371085583,0.3176860962755097,4,40
suite_task_state_hierarchical,condition,donor_cache,distance_to_donor,120,120,0,0.2150085365447652,0.1801456619930392,0.2512729929481737,4,40
suite_task_state_hierarchical,comparison,donor_latent_minus_wrong_latent,correct_donor_retrieval_rate,120,120,0,0.9986111111111111,0.9930555555555555,1.0,4,40
suite_task_state_hierarchical,comparison,donor_latent_minus_wrong_latent,donor_distance_reduction,120,120,0,0.7380764967598024,0.6747953055080147,0.8072007485372719,4,40
suite_task_state_hierarchical,comparison,donor_latent_minus_wrong_latent,donor_projection,120,120,0,0.43326999102613134,0.4147323460736004,0.4551306612152281,4,40
suite_task_state_hierarchical,comparison,donor_latent_minus_wrong_latent,cosine_alignment,120,120,0,0.4870335887205623,0.4747469008522466,0.49879516868601226,4,40
suite_task_state_hierarchical,comparison,donor_latent_minus_wrong_latent,orthogonal_residual,120,120,0,-0.4069462647389541,-0.5213309974097295,-0.3028961150664357,4,40
suite_task_state_hierarchical,comparison,donor_latent_minus_wrong_latent,orthogonal_residual_ratio,120,120,0,-0.5607641434648869,-0.6275582471020792,-0.4978467501666601,4,40
suite_task_state_hierarchical,comparison,donor_latent_minus_wrong_latent,distance_to_donor,120,120,0,-0.5607100471477205,-0.7150309244353078,-0.4206354201423703,4,40
suite_task_state_hierarchical,comparison,donor_cache_minus_shuffled_cache,correct_donor_retrieval_rate,120,120,0,0.7631944444444445,0.7513888888888889,0.7756944444444446,4,40
suite_task_state_hierarchical,comparison,donor_cache_minus_shuffled_cache,donor_distance_reduction,120,120,0,16.348043550810136,13.313407179638528,19.971302869578192,4,40
suite_task_state_hierarchical,comparison,donor_cache_minus_shuffled_cache,donor_projection,120,120,0,0.45742579817895385,0.43703195708001574,0.47854600566304684,4,40
suite_task_state_hierarchical,comparison,donor_cache_minus_shuffled_cache,cosine_alignment,120,120,0,0.9110219468875336,0.8941847108206337,0.9279845083115039,4,40
suite_task_state_hierarchical,comparison,donor_cache_minus_shuffled_cache,orthogonal_residual,120,120,0,-10.63055066410282,-11.360864813709851,-9.66056640791667,4,40
suite_task_state_hierarchical,comparison,donor_cache_minus_shuffled_cache,orthogonal_residual_ratio,120,120,0,-16.336163961031946,-19.902508669542403,-13.409368151006085,4,40
suite_task_state_hierarchical,comparison,donor_cache_minus_shuffled_cache,distance_to_donor,120,120,0,-10.645921575108247,-11.366522363777325,-9.674173904698051,4,40
suite_task_state_hierarchical,source_grid,latent,correct_source_retrieval_rate,120,120,0,0.9994791666666667,0.9973958333333334,1.0,4,40
suite_task_state_hierarchical,source_grid,cache,correct_source_retrieval_rate,120,120,0,0.9994791666666667,0.9973958333333334,1.0,4,40
