core_result_sha256,gaussian_perturbation_normalized,gaussian_recipient_preservation,input_fingerprint,max_trace_norm_relative_error,state_id,state_index,task_family
3bca0dbad3ca175c8aa48c2eba034e66cf9cd2c611050e6cb8091afbbcf3527f,4.006193586100412,0.25,46813f01ec1de93ffe4a4a4834a40a286e79de3fa35657b7411e228927795253,1.9370933407797187e-05,droid_episode_041320_frame_000077,0,put
889a279cfd78ffe84378e7df3696cfeb2eea5f4978c56704044cc5949872181d,1.469079504320577,0.5,2fea0efa056153ed9c62e72a18cd202484a4c1b36b72af5a9218279dca4c5de6,1.8441226142707162e-05,droid_episode_039259_frame_000062,1,put
19bebe7b069faad61614ff5b2d19b066ec15b850d2a8919fdbac1544ff762c64,3.0612096131495483,0.5,2d9c3736c389857a530a180cfa98bf7c5068a6bdcec9699b5bfe8894818b9f5c,1.6653502718658133e-05,droid_episode_006474_frame_000068,2,put
7b18cb756e5fe8da4bb8eb8d7c21e703f129833f9384f2cd545e2350df8ba248,0.8634625653377015,0.5,9a973d014f50e02879b6f9e1dbcecaf9505ea6374b56269086d74a5550b46424,1.811485734835862e-05,droid_episode_016591_frame_000130,3,pick
8c052f22c5fa22b80e32728575ccb0296d8f8bea509e62aea426c86c222b4474,1.3651494995196165,0.25,cb28871cf5a4a0b876e59b76f0d199a6ae96bf01c483dfb4e145a1c906bc3fe9,1.5051922522059457e-05,droid_episode_036175_frame_000107,4,pick
6d17b4543ee951706f2f5a8f37338bffe125fd3d8e9afd44c9e54fc833f52018,2.6060766907986617,0.25,50a78a9121a496feeb5ee6fad5f7f1665912a654ce21ea790f5661f3c7a371f3,1.2775902973687518e-05,droid_episode_011699_frame_000330,5,pick
b931b725b9a83493de2a4270e7bb728da9287b87f7a0420846d86491816e6970,0.8115582037821583,0.25,46894f71833f88c6946297eb2179e0bc585d7d67d631ab82668d1b0ced3cbdf8,2.2028686207479402e-05,droid_episode_034636_frame_000261,6,move
48f2b0e0e13d4fd60e2e2621cec3afb8a12d22aa130b23d60256caf1ce64866c,0.7400348963264208,0.5,6f8a7ff3cf8d2d2e5d88d7b6a527e95577c1a8bfa1f9481287197903d5d051da,1.6522433917796614e-05,droid_episode_012839_frame_000207,7,move
791c5053ac06397f32d2add881240dbb1b133fd039ad398fb77d801418ecd85f,2.093561624096471,0.25,bcd02383654ee479a88744016e0bf15e4bdd79fa223b14d4c5b95809f86ec22c,1.5524814984403567e-05,droid_episode_016483_frame_000077,8,move
6fa94e3df2e91c9f35908146afd3c53e1443eff70ab24ab3c8358d93e31fef35,2.183530414391286,0.25,a78752d558b399b03a5904d4ff5e5cf311156d3c7a3a7a0e42090ff2844b8feb,2.3645735772823214e-05,droid_episode_018290_frame_000160,9,remove
d44acb2324c657b5de8c1544b63be13f58cc71c597e0cf9916f381dc8097d2ea,1.5011489295266227,0.25,494750a1de64f3869506dd8fc3061c41fa4f8e7308193e2063764116e8dae2d2,2.1250309429372677e-05,droid_episode_011256_frame_000212,10,remove
dbeae3945a001aad681c294b6c1dde0aac8e7e6c07dfe66ef4ec732e18295090,2.669756743682906,0.25,e28a64f1bbb129cec9e62d13970ea28ea0c23052c2e2059b7d1f7f3f3a8101cd,1.4680361346608575e-05,droid_episode_031870_frame_000098,11,remove
9b7678242bdc11d88dbae738f7a96f31bbfa235a49fcdb2ef3d8d0ea066ae7fd,2.1377769100632413,0.25,e0aa898c238dfd28948d0ba3edc9566feb0c9bf2c59b2535b39fd034f78f0fa2,1.54896665608555e-05,droid_episode_010336_frame_000067,12,take
5d53f36d4d0cf5b9d07168a9fea5bf086ce2dd085f6029d5dbf57540a73a3f75,0.8936249892493096,0.25,dd3c3c08fda8f122dcd6b500b359dea33a648db545af41ed950dae9553a728e2,1.7299840841464257e-05,droid_episode_038079_frame_000074,13,take
53cb3b7143430adfb931b95ff2aa901f9c73585e7a1cb1d7c208c83a4ba872f9,3.991406104051056,0.25,339374089916eaec9016c89008ebd7e8a2113f754cae88946068828c85d2cda0,1.725705004422588e-05,droid_episode_007416_frame_000134,14,take
d32b6cc3d54674fd5dd2a9d783463d12b3d09a4b36c96fbbd8955c9aceae43d6,1.8392647712139616,0.5,065be927896aad8611244af88d1340ddf05fd305500466564fbabde3cd05c2ca,1.6318765896142686e-05,droid_episode_037602_frame_000148,15,open
5917c23d3e3690b160d3232107554bd1cd17df7bf3264dfbe195a263367ef3f8,2.3302336150870113,0.25,3635f5e00b7fc34c578858a9cb1a21181cfcca15116e96cd01829842437c28d7,2.2840913040671723e-05,droid_episode_032588_frame_000101,16,open
aa5f3523a1f3df4e80812ac007a1337efc574d839b484c2ef9eea490b3e0893a,1.2572795998156736,0.25,8a99a70ec5242753ebb1bdfb8b08bab2cc764f6f7999b4b8896b1227bf766d0a,1.4257348598530407e-05,droid_episode_019166_frame_000104,17,open
b053f229cd12b9ac0dd19e9e4937975f13028e6079a2bb1f094c457907a56956,1.5984560934466248,0.25,9620d6c8eba5d263521990d1986184e7a5a69f433655764f17404ac86becd1f3,1.3790051916073149e-05,droid_episode_025075_frame_000057,18,place
a8d83710afc90f636307fa2a2d778dc55c8562414af4698ce374f5fb4de772d0,1.2157560842893673,0.25,bec158cac83a5c6d5764cb464811004e70d3d1f8fbd2dab808c26f22ad5f9662,2.225894948887887e-05,droid_episode_044305_frame_000165,19,place
6c4bfe861f8fc46eabaaae5d2aa0aa21bf93146d03b95e7ef60a39711abac8b3,0.7917682411196183,0.25,dc261c23fc11a130dd7bb7c998b41f957205d546b0257c1fd85af2ae1818f117,1.4191574948237967e-05,droid_episode_048372_frame_000095,20,place
1bd50651c44c5fc5187db3d50933c35c06df613ee41e0f27f970ee95c26791ac,1.6403503321917916,0.25,d3fbbd08966fd266887004f357dfdef16e0da5143d33881706a75957965d9023,2.488253204110942e-05,droid_episode_006011_frame_000178,21,use
9dd5b54f7f591731a8353dfd5845518cb13931ce64c90984e9b8011fadbd910d,2.230691983470525,0.25,1ebeed1a52aa07e3b91e0212dbac0b9d91f230bf1fb0afae35a255d3d277277d,2.4413985510909948e-05,droid_episode_051025_frame_000156,22,use
62c434501c0690013acc1d99fce13357a2cb0b9b24f479b6550f1a5b0337e9da,1.269269990573095,0.25,e5e96733db0302fa1200ddf74cac66bb96ea4cd4b4249641c781f94e28ba44d7,2.4584566172080275e-05,droid_episode_019839_frame_000146,23,use
421e84d5039805fb0e9ad58189fde043af158cb412031cf9fe3f88288dddc52b,2.743223400854005,0.25,6ac4f85fdf3f923e93ba416d562b45eee38cb49dcb5717fe2f07f66a02944e45,1.3524131926334369e-05,droid_episode_022570_frame_000068,24,turn
920c008b93f865815cb861bbdd0348382bd806a0890429d75c74918dac3146af,2.7664502418990873,0.25,09aa167c5d7be8b8d0b7d0de976f165364603ce8c799f0c74c1012b732f42eb5,1.8566649065858435e-05,droid_episode_023493_frame_000059,25,turn
c2e5b16e83408655ed6f6158415422052af3ee8843addbb472fe1bf78737254e,1.0568041210821981,0.25,6eb721f4190580284e99150ed17f0af3b6da51a45a50d0ca13204a7ac1106f52,1.7092656802203887e-05,droid_episode_050050_frame_000130,26,turn
7abb75ae78c30b4e256a6758ab5271f44c62590c52fd91044ebbe91152270344,3.1735524425338593,0.5,1b4c1691b972c1733867dcbc45f746ea961ad9ef3c16e8981cd85c1b79019e56,1.7545840415241385e-05,droid_episode_042965_frame_000072,27,press
f538165d2a3de2341a26fdbe1fef47ee39709118213f0b480f8e9e8d7cc8743d,5.378767532679129,0.25,6ec97dbd1c1df4fe98ef1facced598b3f46b553ab219af0c7ad9f4f42184de1a,2.0180317157780036e-05,droid_episode_043719_frame_000060,28,press
9d2253d43a0d7e6d85ab6c0cb3f03dcf361080b488457d440027258724bbcee9,2.408213342174051,0.5,eb139302d609c7335942932ae00ccd12d6d3b7d046a03df4d5a0a738bd9b1828,1.6689997043631622e-05,droid_episode_019784_frame_000061,29,press
