core_actions_sha256,core_result_sha256,dose_result_sha256,gaussian_result_sha256,state_id
0b4de20006869cff9efaa4517cc1e7845cb8b1355ebc82ce9cd2077d1f914ea1,3bca0dbad3ca175c8aa48c2eba034e66cf9cd2c611050e6cb8091afbbcf3527f,397924293b270a4e9f9417cf63922c52cbbe4e621f29d2873f3fcf9c553bb3b5,a93962b992f30776daf7de091a661274aa93fe42c2828fd0862216a2431630d1,droid_episode_041320_frame_000077
54bf53d9d7b481e6b80ec4ee749e220d0583a3f476b09e167e461ff0f6a15e03,889a279cfd78ffe84378e7df3696cfeb2eea5f4978c56704044cc5949872181d,3524c26536d2bb6e1b79af3ef5f814f56d1641c31d9b1a5e56fa47091e92d35a,9304041704949abb4b943e1297057b777a847b019fe9a53d4561aac3ff84e364,droid_episode_039259_frame_000062
9689b6f3f2c2cc71ffc059f8df4b6109f019a81544e5aed94fa888da008e91b5,19bebe7b069faad61614ff5b2d19b066ec15b850d2a8919fdbac1544ff762c64,0d2ef0677a26ad7bc08fdba1ffc87bdf2007df2ea935f9da2df9d35636dd0b96,d6044e312bead416ec56aa28d69e6ff2e816fe1f9cbf23c17176762d34679a4a,droid_episode_006474_frame_000068
2ad3f19d79ebbe7821bd21a08a864b3ac119c41fda95fa81714673c421882b6d,7b18cb756e5fe8da4bb8eb8d7c21e703f129833f9384f2cd545e2350df8ba248,9506f75a28c00124c3c75bbc74da105e6c52006b99d365ee9a12b7654740911b,353c24b28d3311a7ad658d41c343559ee1e51f05a142c9ca3846e1b1e5c171fb,droid_episode_016591_frame_000130
9263e3aad94d055be488ee92ebcbf7e6752fc3a871851e54627edad60c2a3f8a,8c052f22c5fa22b80e32728575ccb0296d8f8bea509e62aea426c86c222b4474,93b34465b700673cc148114dcbf8a69dc857b9bbe46ea3f733f806153d7191d0,e90eae9b5594168cedde671611fe65f4ca904f642cbee45b57e664f118c061ef,droid_episode_036175_frame_000107
0c774f1678ade6284cd3a1775cfc3f2f8226ad36a0cd0205c62eaf77b78a020a,6d17b4543ee951706f2f5a8f37338bffe125fd3d8e9afd44c9e54fc833f52018,2e85a0135fd87a44929948e64298213cea4901421204d78001b8e0b53f718528,9838b6bdee738b9577fda8c6c94c031e0a3ca2dba665c9a3766eb0f5fdef5a56,droid_episode_011699_frame_000330
1a1b6c59802e944813d8246044301b3c2f2e852b12ed736d0d4275803afce329,b931b725b9a83493de2a4270e7bb728da9287b87f7a0420846d86491816e6970,c25ad0dbfd476457ff9dfb9a40aa7b15c33bd5117d0fa0c16f851ae96044d6d5,f1492bd078e1971752a335e4bc09d3d8ff5be4e47ad1155eeb4e14aae15b4770,droid_episode_034636_frame_000261
dd93c8b53915012a5a6c1cba7bbc2070870910d4e6195fb23ce161f47cdb2d59,48f2b0e0e13d4fd60e2e2621cec3afb8a12d22aa130b23d60256caf1ce64866c,f8c1c9ecbea2577fa93876042ad7304d475100e75ca21f57c8199c5d4121f65c,5b879d738bf7899dd3b57ff12254c592d5e935dd8cbf8a707da57c3d368f7fdf,droid_episode_012839_frame_000207
ac3b36a16505943faba33670e389ba4b6a4be73812136a34b056dca2cf0dcb9c,791c5053ac06397f32d2add881240dbb1b133fd039ad398fb77d801418ecd85f,8bb20f04fb1f9200bccead5d4b397a59c2f223fc0f5609c8da65e5ee678992a2,98ee591adcaecef5e5e89404e301046766bca8de4d474929a42a6da86b5a7281,droid_episode_016483_frame_000077
0a27481f6c61b4ee621841355b9659781ab0ea169dbedaeca4a17aebeea047b1,6fa94e3df2e91c9f35908146afd3c53e1443eff70ab24ab3c8358d93e31fef35,fef8602592c138130c50a2c19bd04915399e6c8845397f54a8da423ac8412456,9c29ce139fdbe761aa8e2ab66c22b74b2e5e3a7c1fa2e9ad98bf113ae518c5a9,droid_episode_018290_frame_000160
c5ae0e6976f880bbc9a6ce83321d33e89fb2a2509b74ae4570a938e3265305ef,d44acb2324c657b5de8c1544b63be13f58cc71c597e0cf9916f381dc8097d2ea,4085f095eb1340ca9780572f1acf9a97bdc601b4a822a44849c0f7d80da9ecf1,14a40ca34f9eacf068bac3fc3618bba6879210927583454f8dd6740bd2d096dd,droid_episode_011256_frame_000212
e7dd88390461f1d8680266538723b89e7c952e99aec369c7c521c49c8bb1bb51,dbeae3945a001aad681c294b6c1dde0aac8e7e6c07dfe66ef4ec732e18295090,fc97eb96de3d34b71853b718c5dbc756c5fccbaadd1e23ab600602e656da82c2,dbe14d79367fb8f20a1b0bd2a9858e464aa137a3a7ef55a8d18a01bfe0e7d6f1,droid_episode_031870_frame_000098
2cb5ce74c579d84c28050e299631ddb59275defd91748c2644493ec5838aa489,9b7678242bdc11d88dbae738f7a96f31bbfa235a49fcdb2ef3d8d0ea066ae7fd,df3d9c2018dd30582ec9916d1736d08d69005ee66a82ef422b4027ebd90560d7,ea60e43c459188cda2cc2d9e98b326416a211b1dfa303d884e485df366cb8c9d,droid_episode_010336_frame_000067
5954a283d2ce0c3ef8a6320f0cc7d67598eab06228fa8e1fcb7dc5a8b96a3b46,5d53f36d4d0cf5b9d07168a9fea5bf086ce2dd085f6029d5dbf57540a73a3f75,dfe8c7f406e6aa2ba770dd22938a66b2ae6cc56caf2138ce6ce59f1e082e4c20,c964e962017396f2a593f87e5a9ae089b242ddc30ed1bb75bca7b1a223aa902d,droid_episode_038079_frame_000074
7d59f4af4ae8f3f80b649be8ba9445c6599fd8c9b01c397a8cce7eda639c20d3,53cb3b7143430adfb931b95ff2aa901f9c73585e7a1cb1d7c208c83a4ba872f9,f0da6b5cd3ad2a5f3f8162cd4e4cae76085cb488e0b9d897b5ce3ddcd42013fd,25319ac34e3964c8e1afa74c20f64623682920e5b18c959b67b9450b398d6ea3,droid_episode_007416_frame_000134
6019ad0791f5d7a158055e8a7ab686075b0f5c86c105d24d341965b39d2c3f29,d32b6cc3d54674fd5dd2a9d783463d12b3d09a4b36c96fbbd8955c9aceae43d6,188dbfb03f45bc6575917692ffb5da7f3c9feadb4ef2a6768caf87918767f247,abce3d03e9dc2cbd06bfe42852432ef31401f731cd263cd13435c515d379096b,droid_episode_037602_frame_000148
8b6f749181632819210364a371dc2b1b6b33a797b56e1098ed8487437a896b71,5917c23d3e3690b160d3232107554bd1cd17df7bf3264dfbe195a263367ef3f8,28ebff9d78d01854fee97b134d20888a8b080a77dcfc43081b6b5e72c053b1a9,fb37fa8803a42a44c343e9cf4eb648ee7b4e714e877c8ec46430ec24dbf2fd2b,droid_episode_032588_frame_000101
227ea122b115b896698e7ca183063a57c0709fb3ec34dd4dd1e27093b555e517,aa5f3523a1f3df4e80812ac007a1337efc574d839b484c2ef9eea490b3e0893a,b94335b039d0d29b15e75312ade34bf1aab77e5a6325d512ff98ce7fae08a3f6,5e0d18b17895cfe604b5867f772ae22f84f081662b86c86e4d2f679477b978bb,droid_episode_019166_frame_000104
6b66c24ce8fb49ab68d1fb26bc0a11cbb29f3278bb150bb3074a50dbad1c82c6,b053f229cd12b9ac0dd19e9e4937975f13028e6079a2bb1f094c457907a56956,e2d155679ee16cd80f29561be66d4aa9f268380f7a99831ee3ce03f63d55ffb0,bbaf028b9ef240eb45a82dbe8cdacbe7aaa80691d33503fbe71f62e4361b0eb0,droid_episode_025075_frame_000057
c02799bd7aa7f2513afce1126e5adc18b4b3c275ecadc48d612bd814f74e7ca8,a8d83710afc90f636307fa2a2d778dc55c8562414af4698ce374f5fb4de772d0,1ed990e2642a4add722ad751ca767c7b15b1e0f01281906ba1fbbdd36fed2305,7e295442248765dafa2a7574a9a899d6ae75cb694e90a973ac997e306acd51fd,droid_episode_044305_frame_000165
5827a88c42427f4855601d03579d1a67bf0715fb94f73aeb01e69c1a34e5ff48,6c4bfe861f8fc46eabaaae5d2aa0aa21bf93146d03b95e7ef60a39711abac8b3,c61586ec255b9ab9d74b9befe9f2ce0016519dc8d21cdcae59011a5bb61d90dd,c88f085a334d34aa85521f44ad1b4d9a74990405554efdcd9bed8bef32cdbb14,droid_episode_048372_frame_000095
7e8200e7842ad8aa2e543374826ba88d5d5ab1fa133bad32db76f64bdb8f34af,1bd50651c44c5fc5187db3d50933c35c06df613ee41e0f27f970ee95c26791ac,49907db541d97f00e98119c14656fa25064d44ccf2233eb9d90cdcba19c641b1,dc3787de76a69252e2cc749cf114e56b046289418a6b37037a7be224b9ebc9a0,droid_episode_006011_frame_000178
c1f94b4b97fdbd0897423cea3c8e798f544ed1093d634f0ef6b8d8ca88764f95,9dd5b54f7f591731a8353dfd5845518cb13931ce64c90984e9b8011fadbd910d,216ae8cd57c8c1222c74dda681af91c3acf0d760fc24327b2d4b29f4c73b8552,b35b5bc06ad11e689ce3afa8605d02245a195e0e9356309fc92d1fd223fc5c00,droid_episode_051025_frame_000156
8b396355e043e4b9ca385f4d13bb567dd43ba8494d093c6da732362664500926,62c434501c0690013acc1d99fce13357a2cb0b9b24f479b6550f1a5b0337e9da,bf486810124c0890a69333e8419f5cf21d4c77ecd99a099b061e5e51d32026d6,d6a651796986fb469de70600ec2383c6379f442042391707e1015b5abda07d82,droid_episode_019839_frame_000146
fd118000e213549d3949b9a264647dc3199d72923c65d09026ed9c54e0a25810,421e84d5039805fb0e9ad58189fde043af158cb412031cf9fe3f88288dddc52b,d4b4d76477a34b1550433cc0842123cbbcca509a034e24bc84240c11797349b7,c8160e8032d49611ed111554697222fb5bd16fcdd545def7b7f02cf97503ff25,droid_episode_022570_frame_000068
680c74a899102b09aab3fdc0736c4ea24528be3b1a6f6605bfe78d2dc42bb18b,920c008b93f865815cb861bbdd0348382bd806a0890429d75c74918dac3146af,85095e4fe3e1e57a1fae577a2bb21ed2c81d366a6f804f125c783b7a9235091b,0b692ff91d1b034a34ab43a57d911d8848e725a5885f9f9d2026e9b73972dc29,droid_episode_023493_frame_000059
85a8e0bb94446bc99ae04d695a093257f04c030a711c4a6522ddb1ce8f3d6d51,c2e5b16e83408655ed6f6158415422052af3ee8843addbb472fe1bf78737254e,3ed1b25a1f62ac674c03b20890cbe1e22791d22fa8353bd0f2332966ed6ec882,2a17fc81c4cd498ba6663d91d148fec02cd0476100bc221800fe6d98ea519c55,droid_episode_050050_frame_000130
0b2f48522150a998857312cbe07401c237154575633d2e6ae830d0a690e90092,7abb75ae78c30b4e256a6758ab5271f44c62590c52fd91044ebbe91152270344,1c27921c9efbc5005bca213474410b20e4856e82f787175c939c900439b4de5c,db14604a9d8f5407caf2927f737629e31b583fd0a2cf52eacdffa038e8c15999,droid_episode_042965_frame_000072
cc4e2205338965884135328f05cf6fd9a511ec4ead27bf949c6e5e7eb8da833c,f538165d2a3de2341a26fdbe1fef47ee39709118213f0b480f8e9e8d7cc8743d,654e6ad1f5eb8f61d7b686b60df2865c5cff36a6c680ae631d1d363a17fb7896,b8e6edb67607675d6e24a3a446b87efaedfc0f44cb2cbd49697d4b85d43ff5b3,droid_episode_043719_frame_000060
42c671769aed6707bc6794194368242b17e9c04ff5061ebe44ed529bc9049b25,9d2253d43a0d7e6d85ab6c0cb3f03dcf361080b488457d440027258724bbcee9,0e023f7f8c37dd116385d285bbf1411277d03a1c0cf9d11b7d20117b732433ab,7c4ef6608377615a6c16b1cd40d249e0712082f4c2a3f699860bb6390e8602b0,droid_episode_019784_frame_000061
