state_id,task_id,initial_state_index,branch_id,branch_index,video_seed,core_future_file_sha256,core_future_tensor_sha256,decoded_array_sha256,decoded_npz_sha256,decoded_mp4_sha256,source_decoded_npz,source_decoded_mp4
task00_state010,0,10,b0,0,101,641e0e2c4b750539fa2974ed44b0f61f87704ab8174dcc54ed4d3dca28f5d0c8,8724986fba0f144300970f92355804026c79a681c96a2acd593af7e1e3997609,b1a2e5b4df4c2bf0222d332133a538e131ebf151959c84bebe79a90353e9636b,1dc9d572370bcec3fc894f40b4731de0512061113ab5b5d3eb93aeed4d311474,11880fdec0f99d3c4822d3b11ac88038fee0930703cb87daa8edcb448d87063d,/lambda/nfs/imagined-future/results/deadline_2026_09_04/lingbot_native_future_decode_all120_v1_shard0/decoded/task00_state010/b0/decoded_frames.npz,/lambda/nfs/imagined-future/results/deadline_2026_09_04/lingbot_native_future_decode_all120_v1_shard0/decoded/task00_state010/b0/decoded_video.mp4
task00_state010,0,10,b1,1,211,62fef5be996e00a8e70ecd93a13d9e472b060e6ba22f9de3307e19b3460ea4ef,da294e47cb610f664ec46053bc52eae1a84c8c846451f637c5460aaaa9cf489e,82f2af9516664e89fb5124cad22dc40f6852cbb4977a6dfc257286b90aad8500,0ac25494c44fae3ace76f233af939642990101054bb09b8cc15e06614398dace,864af5004fcb1f109a63837e535cdff92b335aa71a5f90ada2510d715d293597,/lambda/nfs/imagined-future/results/deadline_2026_09_04/lingbot_native_future_decode_all120_v1_shard1/decoded/task00_state010/b1/decoded_frames.npz,/lambda/nfs/imagined-future/results/deadline_2026_09_04/lingbot_native_future_decode_all120_v1_shard1/decoded/task00_state010/b1/decoded_video.mp4
task00_state010,0,10,b2,2,307,b7e00041ae6bc8bda9d843424b7fbf5f7d287b4abfcb381309738385ea6923c7,563332dce05a2b89ed100a595205fe24ba55158b9976ad13c3d65400f985c6a4,cc438b514b70e319102c5d33d1c8e3e1a2811df37a9f6f18f73d8cc69648ba47,aa892cc95ac4b686c40adcd7504b048d6a38a0e23bd475c425a022f7384e9903,9ac5668a7fc565473ae3af9608da60ef3d2f4e8f17000819f3fb0b14863beae0,/lambda/nfs/imagined-future/results/deadline_2026_09_04/lingbot_native_future_decode_all120_v1_shard0/decoded/task00_state010/b2/decoded_frames.npz,/lambda/nfs/imagined-future/results/deadline_2026_09_04/lingbot_native_future_decode_all120_v1_shard0/decoded/task00_state010/b2/decoded_video.mp4
task00_state010,0,10,b3,3,401,5b0ae00f1e709e74ac916f38ffd3af72e98c1bf051c2a70a662d5fa9dc5c1a86,e66a0adc7f5c93116f76619de24142302158196842f8a5a1c18c9218fbb5004e,18afc4db52487d4375fe860996741812f64d47c6dc794b886878738c818ff25c,f331839c5dd847e094e3de5a71d04c6330fd2f29d3c8bf1e264afd946f0158a3,2d48f60a14c8d97701b6c4646b852c1dee8601d5523f31edd9923b4c6f36ab42,/lambda/nfs/imagined-future/results/deadline_2026_09_04/lingbot_native_future_decode_all120_v1_shard1/decoded/task00_state010/b3/decoded_frames.npz,/lambda/nfs/imagined-future/results/deadline_2026_09_04/lingbot_native_future_decode_all120_v1_shard1/decoded/task00_state010/b3/decoded_video.mp4
task00_state020,0,20,b0,0,101,ce87137f89b56ae0341b0e08ab804ce0784ee9464fa6315f953b20748ae3b9b4,e48e9662e15d906aa024f474afa90cf7c8505fc1c1a25d57758c12a9f0113f12,bb4f94b5bc75a794c2c3ed0d30ed5d0f7a8cc19448f5478f9ebc2a3ca10f7b53,6c8af3c8056a916fab7e1e7fddddccfdd09c6075f4c9c6185f29f17ab10df8eb,28d0bc55302a5abcb9bbd23ffb198f1c65609e914c1b386c92e4670e4c004ea0,/lambda/nfs/imagined-future/results/deadline_2026_09_04/lingbot_native_future_decode_all120_v1_shard0/decoded/task00_state020/b0/decoded_frames.npz,/lambda/nfs/imagined-future/results/deadline_2026_09_04/lingbot_native_future_decode_all120_v1_shard0/decoded/task00_state020/b0/decoded_video.mp4
task00_state020,0,20,b1,1,211,3695ac912724ba3c480797229a7caed2d9137b3c1b4916a0eded968c7ee09c5d,ce3aacf76bef880a2ef1fd353eca99963d76cb63c1bdd8c900a7efac581dbd18,cf06b154d4a7578589aa378bccc94f22170c1d16f2302ee672bd029ead3ca258,918f21d03b92c9486b153e32a1da501f2ce258348df9c64f942b073b8e55e194,f6b2db50785324e462d15705510ff13e346340e6e25ae17ce1f7b2eae987bfc2,/lambda/nfs/imagined-future/results/deadline_2026_09_04/lingbot_native_future_decode_all120_v1_shard1/decoded/task00_state020/b1/decoded_frames.npz,/lambda/nfs/imagined-future/results/deadline_2026_09_04/lingbot_native_future_decode_all120_v1_shard1/decoded/task00_state020/b1/decoded_video.mp4
task00_state020,0,20,b2,2,307,2f1830fafdecd2cceb145ec94c1cd60c7be1467e2529ec455c74d1edee24b3b0,0799f81783768c420474b407d199911ca664773b7a75b7106f6377334617a485,2d379fc3526413032d7194a7aa70d024741260de0c632a5af5091db721b3e87a,5c1723b5738a45613d26178c41c5e1abd5bdf09abfb28c15448aff3810078964,b9de71731005d9bbaefba7314ec7cada338f43936b7ffbf0bc772c049eeb7a61,/lambda/nfs/imagined-future/results/deadline_2026_09_04/lingbot_native_future_decode_all120_v1_shard0/decoded/task00_state020/b2/decoded_frames.npz,/lambda/nfs/imagined-future/results/deadline_2026_09_04/lingbot_native_future_decode_all120_v1_shard0/decoded/task00_state020/b2/decoded_video.mp4
task00_state020,0,20,b3,3,401,09388feaffa52f81442badcd6b66e727790094f6263acdd11c80d82cad4b024b,90dd918f89910c4c35d94db6f208a1a3bda38df43f7dc26f0518a425841adc00,ca0802448c2b8c4cb485ff541adf2c828937f95e5202c79fa1351c468244cc94,62b71e8e610d7be4db2552ee03305215ca906650d68eaf9bd265c5c730c81e7c,69afa7cc6c66c0ff6adc60de03e220a6167d9b3bf180cf23d2d4fd3eabc81da0,/lambda/nfs/imagined-future/results/deadline_2026_09_04/lingbot_native_future_decode_all120_v1_shard1/decoded/task00_state020/b3/decoded_frames.npz,/lambda/nfs/imagined-future/results/deadline_2026_09_04/lingbot_native_future_decode_all120_v1_shard1/decoded/task00_state020/b3/decoded_video.mp4
task00_state030,0,30,b0,0,101,cd4c26401e114cee8599aaba7081937ad60225098f513918681884ad23272c54,f49536b0f695d89b8244bc5680ff36cfb128e7b7f447a236e0965715b7ee4fe5,1097a11ce4c9a3ceea59511136952e1f294e792a415c12e4c6ad507bfe905fd9,4c27b6291a82257745ea7dd865acbcff5683f93ece0eda909d8dff590c0eafb7,7a1d0cfbb3efad76b21672947c258522e6065051fd521a8f34984b679b311dc2,/lambda/nfs/imagined-future/results/deadline_2026_09_04/lingbot_native_future_decode_all120_v1_shard0/decoded/task00_state030/b0/decoded_frames.npz,/lambda/nfs/imagined-future/results/deadline_2026_09_04/lingbot_native_future_decode_all120_v1_shard0/decoded/task00_state030/b0/decoded_video.mp4
task00_state030,0,30,b1,1,211,e80080c702bbee1ffa59283a073971179bf43eb867dfdb323e74f4644286402c,a3513e74519ec591bd27f7b3b64e44cc80dfe684b5f619568d22f4c1a22a2719,89ff2bed921e0d8a8a243823e83eaea6920b27d1bb8e23f3093d47ae51059633,1745bc8fba3b83d7eb29c5a96610f1986e1966d840955f25bc41f7a7f5b77c0f,70f183f631e3149f1215c588834c4ed66f2ae939751324cf4cb740803d36e359,/lambda/nfs/imagined-future/results/deadline_2026_09_04/lingbot_native_future_decode_all120_v1_shard1/decoded/task00_state030/b1/decoded_frames.npz,/lambda/nfs/imagined-future/results/deadline_2026_09_04/lingbot_native_future_decode_all120_v1_shard1/decoded/task00_state030/b1/decoded_video.mp4
task00_state030,0,30,b2,2,307,552d974a881a1519da95ffd7ce232d25e7e6c75598e1c93e161ad5516be3a8f0,967e7a7ee194414486ae32016f1c9286243e642e495455997787c330b0473081,0cea6359fd2e04bf9f5366572bda7a26744f0aa1fe66221f87e880ef7be834a3,990505dcf39af94973cc24e30d83b1ecb0bf5f7073f9f47da3548b50a56c71ce,ecd5738dfc13d8c9e1408642b3b199cadc69f807229841118120bed8cc114b20,/lambda/nfs/imagined-future/results/deadline_2026_09_04/lingbot_native_future_decode_all120_v1_shard0/decoded/task00_state030/b2/decoded_frames.npz,/lambda/nfs/imagined-future/results/deadline_2026_09_04/lingbot_native_future_decode_all120_v1_shard0/decoded/task00_state030/b2/decoded_video.mp4
task00_state030,0,30,b3,3,401,11dceed0294198907f1b4e2d661c6695305e2f7b9530840e5a6e8710143d7032,d4cfdda51af90796a321fbf5e4b5863c6336caf0c21308aadbafef317edefffb,0663ebf47c3b97a50ba1e4312568cf0d957bf877f1e5e8b0439ceec759c9f036,cd74b1b1f44bd2bef7d52cfe6db9da74d20c93cc7281b5eb9c2bc08195a4557a,635e887d486b420d811b4722c18e6212f0963765251c1ffae90988f4a3130fc6,/lambda/nfs/imagined-future/results/deadline_2026_09_04/lingbot_native_future_decode_all120_v1_shard1/decoded/task00_state030/b3/decoded_frames.npz,/lambda/nfs/imagined-future/results/deadline_2026_09_04/lingbot_native_future_decode_all120_v1_shard1/decoded/task00_state030/b3/decoded_video.mp4
task01_state010,1,10,b0,0,101,7017177671d4922565634508baa62454a490261c80fbe3813873ab3dee723cfe,819abe0f3e7d2e79364d5bb7725662f5f1e52533acc682a9794c3d03db1ae838,229a78ef351123bd7365e5317f66bf21e126b7c650e3357d44602d7253b375ce,29bf37a9f19595abd16b66a3b80c52150caaf122a78bf6a838136b507f0f2763,4398186fa62ffbf96172915aead39a0b96addc9eaec7619fda4cedba9f770782,/lambda/nfs/imagined-future/results/deadline_2026_09_04/lingbot_native_future_decode_all120_v1_shard0/decoded/task01_state010/b0/decoded_frames.npz,/lambda/nfs/imagined-future/results/deadline_2026_09_04/lingbot_native_future_decode_all120_v1_shard0/decoded/task01_state010/b0/decoded_video.mp4
task01_state010,1,10,b1,1,211,991eb82997562c5f2ef3bbaedc9dc5c6776f98cd187ba080e5d5712778c90bd7,d1fd0fb02cabfaf2dad62f524e1d2988d289831eefd2ee0a9eefeabac82ca871,27d6278b3208440d464c76ddc75667b7bee1d48a1c07cfa1162884959839d56c,876b3c2ce0dce8c49c2752705811d1ae7d6e9ca7be765f149849b0c1dd8fcccc,d8548b8f13274c78e6b8d29aaf249748c1bb2acebf971a014cff781d1ad64145,/lambda/nfs/imagined-future/results/deadline_2026_09_04/lingbot_native_future_decode_all120_v1_shard1/decoded/task01_state010/b1/decoded_frames.npz,/lambda/nfs/imagined-future/results/deadline_2026_09_04/lingbot_native_future_decode_all120_v1_shard1/decoded/task01_state010/b1/decoded_video.mp4
task01_state010,1,10,b2,2,307,c23b6e9d8ee1d22dc04a6d08d4137565b9db977f5404390a410d4dd93c0ac58d,e61a0bbcda67da6e303148d213873340aee5fe490969f078db221bb4bdce6425,4273adea299fa8b94c350e853bf2c06f163ab9fa8d8eff6acaac88e797fa16f8,085be0635ca1c21c58411ca9f355df75b6976e07f9ee39cd9b4a10659bbf6d65,8ef5ccf531da2071364eb13ec2280dccd0663548d355fbbe0ad0a0db6802b3be,/lambda/nfs/imagined-future/results/deadline_2026_09_04/lingbot_native_future_decode_all120_v1_shard0/decoded/task01_state010/b2/decoded_frames.npz,/lambda/nfs/imagined-future/results/deadline_2026_09_04/lingbot_native_future_decode_all120_v1_shard0/decoded/task01_state010/b2/decoded_video.mp4
task01_state010,1,10,b3,3,401,a57059c667ceb28c1477635fd322c980b331d9f4544ca10c8dedd99c66e62408,a062fd6021206e161fd80b5264d83f24a38f82605309b6647450dbad013688c0,a73f1ecfc5d42c6e637bd7cec7a047bb3b846c4dae817cf58c129df75d59b7f9,7886568ef5b075e0a6a477d74ecf3622a37c0dd5891bdee199db7df7510b6d11,65cb60ad39b2e9ab1b19edebbc3d366fb264667b816eeb019057947dad21bf75,/lambda/nfs/imagined-future/results/deadline_2026_09_04/lingbot_native_future_decode_all120_v1_shard1/decoded/task01_state010/b3/decoded_frames.npz,/lambda/nfs/imagined-future/results/deadline_2026_09_04/lingbot_native_future_decode_all120_v1_shard1/decoded/task01_state010/b3/decoded_video.mp4
task01_state020,1,20,b0,0,101,40d3a6c4bdc26e212a5d1ae1c8223e6aae954d1d10eb5aa1e54b21767a8f84f7,a3983c64b040a0c1de699b769416b984bd2ee4b7448c18d8f90d95bd4f73cb7f,8086f8707a75dfbdc5006c6281ff425e1c4f635f6f66e9581b88a6e329ff6739,b3a5f3999618af422fec02c5db60c5d36c571599c29b411fc361f522809dde57,604b08ddf54fc5733d92c5f1647a21315c58996f755c990cd3aea36f4ca9163d,/lambda/nfs/imagined-future/results/deadline_2026_09_04/lingbot_native_future_decode_all120_v1_shard0/decoded/task01_state020/b0/decoded_frames.npz,/lambda/nfs/imagined-future/results/deadline_2026_09_04/lingbot_native_future_decode_all120_v1_shard0/decoded/task01_state020/b0/decoded_video.mp4
task01_state020,1,20,b1,1,211,168f773330a5b973a5cd808c0fec08d826334a5f863a39306a0b8be9b1135e8e,088c087f96f4eeb0d58beb5cbb2313c91386459932d5c79b5a6c8f3894a91f6a,d9515a6f262e995a0faffdf85d40cab4721d91e6e05e7c9756ef8821aa8ff30a,93678d01c269abf5dcb63f6567aa46458dd5d25d65947abf551d650d189e8e74,5f4dd77e27c99ba1b20825a5a0183caf7a51ad1fecdd62afadef5b5949c024a1,/lambda/nfs/imagined-future/results/deadline_2026_09_04/lingbot_native_future_decode_all120_v1_shard1/decoded/task01_state020/b1/decoded_frames.npz,/lambda/nfs/imagined-future/results/deadline_2026_09_04/lingbot_native_future_decode_all120_v1_shard1/decoded/task01_state020/b1/decoded_video.mp4
task01_state020,1,20,b2,2,307,d826c56b7fa1dd1da24b77893943763820b03fa63aa074f37ca7293b7ca676d0,01f2cd88e250608c857952d316cd561d9cf27a8e98759e67f9c3537549a5f1f6,838ab53b8446d2b4470d761317194e24a8b9d3eb48b895d3f037f84e34095cee,47c2d5ebb954badc468586ae1bd1d0b938cfebd56221b7bf769777c80de90f73,eeeb23ada0379fd7e1909d66f75eed3b8a0cf3bc265aa1a77d1066f3fca4fbdf,/lambda/nfs/imagined-future/results/deadline_2026_09_04/lingbot_native_future_decode_all120_v1_shard0/decoded/task01_state020/b2/decoded_frames.npz,/lambda/nfs/imagined-future/results/deadline_2026_09_04/lingbot_native_future_decode_all120_v1_shard0/decoded/task01_state020/b2/decoded_video.mp4
task01_state020,1,20,b3,3,401,c1dd5406257c54e8055129b7c761c88ba7e62ccdc3fa11d9061985810e910905,1bf7dc70d37ffe303ec50e9305527ce799ce129dffde576c9f14e2b9bafc3587,4625177a8bbf8204c2727c398d3f24b3fb3838c5da242dd986992ab8154327cf,3d09132b4c688a2554532de17fc376713825ffca1e9997f79ed47bbc904ccb09,69241aa48a291cc036ba358ddd392d5d18b35a6672917f1b57383547b47a720c,/lambda/nfs/imagined-future/results/deadline_2026_09_04/lingbot_native_future_decode_all120_v1_shard1/decoded/task01_state020/b3/decoded_frames.npz,/lambda/nfs/imagined-future/results/deadline_2026_09_04/lingbot_native_future_decode_all120_v1_shard1/decoded/task01_state020/b3/decoded_video.mp4
task01_state030,1,30,b0,0,101,e01ad74c8b3b2919fb1f568c01d290f2b5bb65ff69311537a55e48785731b8ca,c851ed6a823ba460a4f04438b8c25b2acca52942d5dc2edb8a55ab526bea3528,ec9f9d3a74e6abb688d0e7572817f32c20f0d0de1025db3848958bba12a38f3e,8775460f16036dadd47ed8d9c3fa33e7aff31fdce3772c132bac25767d56c08a,16da67d7a4f8d83d2563bb603ad87ee51f32e4f9045aeaa8a8368de517bee5df,/lambda/nfs/imagined-future/results/deadline_2026_09_04/lingbot_native_future_decode_all120_v1_shard0/decoded/task01_state030/b0/decoded_frames.npz,/lambda/nfs/imagined-future/results/deadline_2026_09_04/lingbot_native_future_decode_all120_v1_shard0/decoded/task01_state030/b0/decoded_video.mp4
task01_state030,1,30,b1,1,211,d63ee09d108aa085a389bf83d619d05b9709d8900981f757b6e93b1ecbebc7d3,88326bf200e9c32f6c748dd14926934242f89223cced280acd14cbbfb082e12e,c1ed7db6e739c1401bf383ffcfdb8de8b740361be752d0e48d05a596b7d52e9d,951641015e12d55bf69b3bdf334ea06afeed489f94082e10b125bb0cdb5a7993,b26c12191d6a4a8bb4fe97a138340bed120f9fba2563ce4861ffcf541bf76911,/lambda/nfs/imagined-future/results/deadline_2026_09_04/lingbot_native_future_decode_all120_v1_shard1/decoded/task01_state030/b1/decoded_frames.npz,/lambda/nfs/imagined-future/results/deadline_2026_09_04/lingbot_native_future_decode_all120_v1_shard1/decoded/task01_state030/b1/decoded_video.mp4
task01_state030,1,30,b2,2,307,752271634b2cd38665e9bb4c5d93d93c142435135de98bf748150cb16e65bea3,eadf2b7ec4a8d2d88ff01c8bfe09eac82bd49fee6f18eb37315b8a4c62430e5c,c2d39e78dc31af5de4fb6d39ac312150770fbb5b6fc056cfdc4db69efbab987e,8a7de5dd4c4c89ba6b542e2a2c16dc2c2332c52827c48e786bc0c446c1c4d087,c254b31027f6f225f122ffa7006975a53c09effce94dea1c6c2905c34fa94858,/lambda/nfs/imagined-future/results/deadline_2026_09_04/lingbot_native_future_decode_all120_v1_shard0/decoded/task01_state030/b2/decoded_frames.npz,/lambda/nfs/imagined-future/results/deadline_2026_09_04/lingbot_native_future_decode_all120_v1_shard0/decoded/task01_state030/b2/decoded_video.mp4
task01_state030,1,30,b3,3,401,ee77950a9beb7eb29291360978352a61e0d460eed18e3b83c3638c8e1766aebf,3b35c5d40b3139e46cb4a129c1e42f357b157b8a1a4711941b3b7f99bb5eb21c,a400006604ea4682f6b66b05fad55f5c357dc193ba65a1ca8ab1f8aac09b2097,33d5e740d6eb38c65e7c6ac04b8f2d8925b1f72093782b50f47175cf9c5a000c,587f9e2527986b8374eb5f7cd394f5e7edfecd455ace3214ab5844963dd9830c,/lambda/nfs/imagined-future/results/deadline_2026_09_04/lingbot_native_future_decode_all120_v1_shard1/decoded/task01_state030/b3/decoded_frames.npz,/lambda/nfs/imagined-future/results/deadline_2026_09_04/lingbot_native_future_decode_all120_v1_shard1/decoded/task01_state030/b3/decoded_video.mp4
task02_state010,2,10,b0,0,101,12ae04000e15a22a6aae2d57d6deaba5a52957c70df04b927917bc928c7b640c,af3eaa27677f6171cd3a900a8f550a9b1135d633d8b804eb5a3f0b42fc780f07,faad5373d1f6c2aa37c45651f1867a60a2acd7e2259534b59c242e7639289082,6df5aa86612adfd2bc02f55d03e350fdef5fae846d017378df97c3f45ce63b86,6a984a746878b177540d8ee66928562a134942d579fef187a75f86ef76bc1558,/lambda/nfs/imagined-future/results/deadline_2026_09_04/lingbot_native_future_decode_all120_v1_shard0/decoded/task02_state010/b0/decoded_frames.npz,/lambda/nfs/imagined-future/results/deadline_2026_09_04/lingbot_native_future_decode_all120_v1_shard0/decoded/task02_state010/b0/decoded_video.mp4
task02_state010,2,10,b1,1,211,61bea179b8c1ba6c42eb33bf7472488e7c44b2fa3b7d4f5ad78cc2238f89ae15,5557530072c43c5607d3648a614d85aea51ebb23bf9cb15f538c25a78b02bc1c,17a25f14e69e8b3a5865a3972426be05cdd949648df4730505cb8b0ec99d4a29,e26c5f3adc58cdafc5649531e36980b835c427d5fd0247368208cc560934a20f,80d1dde5e75195b57f35eb677b16b262a1ed02d2d4ac1c3887d66d0eb0561c80,/lambda/nfs/imagined-future/results/deadline_2026_09_04/lingbot_native_future_decode_all120_v1_shard1/decoded/task02_state010/b1/decoded_frames.npz,/lambda/nfs/imagined-future/results/deadline_2026_09_04/lingbot_native_future_decode_all120_v1_shard1/decoded/task02_state010/b1/decoded_video.mp4
task02_state010,2,10,b2,2,307,8dc65cc3e89dba93ccf4f12839efd0af5704385a85eb15e4f17da35f857de420,cf7e5d9b0c4eb1f7a229f4a2bf880eb3071bb62430570d0add8edcc19ba7d83f,9cd679b0626ac55acc0d178b9f351a62ec82b359fafb599d3f6c356fb5f7279e,6a2dc31cfc5239614a6dbc5aa2361194456a49c4797cd587c3eb783eb5ab7b5a,2026bea6f09daf2f18a5e1bfcb14370d7e5e658c72768b62003cd0b4a6b1666d,/lambda/nfs/imagined-future/results/deadline_2026_09_04/lingbot_native_future_decode_all120_v1_shard0/decoded/task02_state010/b2/decoded_frames.npz,/lambda/nfs/imagined-future/results/deadline_2026_09_04/lingbot_native_future_decode_all120_v1_shard0/decoded/task02_state010/b2/decoded_video.mp4
task02_state010,2,10,b3,3,401,4e20c3459232d2234070cc68bb2e93ce41b8aef1799a52fee7340bce047c7117,5c42dd6e17d6c6c6fe8c1450784a4680ed80a4b01ba4d9917133a3c9fab54d05,be74ff035771a58f443f06d40a9621a5d030411c126ab9c18211a4e52c591f06,a520b0ef3f99dbfd3e50b326578874491ff4e8b0b8694392c7684540a9f5c703,9a05a4ff9af538cfc96dfa58721fdb08f7c754292640e2110010f6a5cc978a6d,/lambda/nfs/imagined-future/results/deadline_2026_09_04/lingbot_native_future_decode_all120_v1_shard1/decoded/task02_state010/b3/decoded_frames.npz,/lambda/nfs/imagined-future/results/deadline_2026_09_04/lingbot_native_future_decode_all120_v1_shard1/decoded/task02_state010/b3/decoded_video.mp4
task02_state020,2,20,b0,0,101,6d23799ce671e86c8bff4e3975eeeb689b3e79e6dc869ac476b23b57ec605a7b,6e43a81d66391d98094b7866ac363ddcc85e971fd7c5e2639ba131f7f5382e51,b1c8c19186d4229e4eaf3f1dd68f0d4fb4cfdbebcc0d5d863f5355a12c8e0c2e,cffec59fd977e0180c510e5f188cd0feae424cd790641df2237b6f1bacc86768,54242c162a41af393da1d56c8a87079504fe7710a28c62788c01a2e6311bf425,/lambda/nfs/imagined-future/results/deadline_2026_09_04/lingbot_native_future_decode_all120_v1_shard0/decoded/task02_state020/b0/decoded_frames.npz,/lambda/nfs/imagined-future/results/deadline_2026_09_04/lingbot_native_future_decode_all120_v1_shard0/decoded/task02_state020/b0/decoded_video.mp4
task02_state020,2,20,b1,1,211,95bec349f0b9f0da3bd96b76bb4b1511fbcf45cb76296a0b18d337f6be198397,2e48c2a2fd66e2c92183a0ebc685fa6ccd0924204fab21693cc935a463b74fab,b7340485787ef92be668ac5dde5dc00df4c80644475ab999df31ec651226e589,86323ce9fe88571509ac5d2b5f048c71eeb129cd4a6e424e834a0fde1fafb260,0f0115d6172d3585d197411d1ee470a71258df21862f46260f45229db8f032f4,/lambda/nfs/imagined-future/results/deadline_2026_09_04/lingbot_native_future_decode_all120_v1_shard1/decoded/task02_state020/b1/decoded_frames.npz,/lambda/nfs/imagined-future/results/deadline_2026_09_04/lingbot_native_future_decode_all120_v1_shard1/decoded/task02_state020/b1/decoded_video.mp4
task02_state020,2,20,b2,2,307,9daae1e21ab94ab3469b272c5373de2dc8382b84c15413f84fc6ccba2e71d551,271bfd0909b1c1afe7add7360fd85af5ee56f55f4e6de7e50ed198c750f45ed5,ec017042de89c2cfc2e81b19aae5dbdd16867b2c89f352cbbdd3ab769d22e77d,da768636118d47061e0ef75afaf66478386c2f7f4c93de4ea0245749e974f6d5,6783fa42e61706e496487566701076c4cf3b1f6b9ca0ef87764efda60779f381,/lambda/nfs/imagined-future/results/deadline_2026_09_04/lingbot_native_future_decode_all120_v1_shard0/decoded/task02_state020/b2/decoded_frames.npz,/lambda/nfs/imagined-future/results/deadline_2026_09_04/lingbot_native_future_decode_all120_v1_shard0/decoded/task02_state020/b2/decoded_video.mp4
task02_state020,2,20,b3,3,401,78d2251b3d59b9b9ea2f826229fe66f5e88ba5b96534e3e5650b149a0aff8dec,362d833d611e3d6d301fa94c45aee71cbdece0e70cff44cb3d56154fd981e8bf,b9729db1bdcda1c91c890fac1b029c08d8acb9b6ae4374d70a0294bbecb8ce2a,1525831dc2898019c16e377d530d4651a9f711fc438afe532e9bcc3d6f032218,fe53862315f96d8f3a979a55b26d4dbad4ae0ca88096f47c3114627cc76f9013,/lambda/nfs/imagined-future/results/deadline_2026_09_04/lingbot_native_future_decode_all120_v1_shard1/decoded/task02_state020/b3/decoded_frames.npz,/lambda/nfs/imagined-future/results/deadline_2026_09_04/lingbot_native_future_decode_all120_v1_shard1/decoded/task02_state020/b3/decoded_video.mp4
task02_state030,2,30,b0,0,101,30a7ebcab60a22a97a880816bbf617086a1823344034262e6eb78ea24e8e0b38,fb438cd450b74d89c462a5d1b608b669951eec053f0843b919e1bbeac7cd0312,4f12a59d3442b21397287bd9c5fbc750bac1d0f3c1e063f76e44d61546b0ad34,8921b54516ce6fa9dc3a557695c94f294df5685aa4bb1fcd5e3e79790b738077,c09e8d1922b418aa55ba39b0e1ccec85ea49f026fe87d52d849cdc9ce1b9e3ba,/lambda/nfs/imagined-future/results/deadline_2026_09_04/lingbot_native_future_decode_all120_v1_shard0/decoded/task02_state030/b0/decoded_frames.npz,/lambda/nfs/imagined-future/results/deadline_2026_09_04/lingbot_native_future_decode_all120_v1_shard0/decoded/task02_state030/b0/decoded_video.mp4
task02_state030,2,30,b1,1,211,29bbff73493b3599c0464d27ab123e65023bbce106d436ecbb8a67f03d086a4c,b44cd924a965e48b55402d39b6459356e235dc83b40e4c939f1089cfa134f18a,b9bc2349c95a45b0237c0c76b66a73aab316e7c420894b0798442e6cbb9b0581,a4c41556e9666c9adcd0fb9a9966bc9c8c6f40a75fb367326a0771db57d4f51d,a3f2f8632dedde68ae96232a3f8ad6e17239dd9df66317014e5be91e357cfff0,/lambda/nfs/imagined-future/results/deadline_2026_09_04/lingbot_native_future_decode_all120_v1_shard1/decoded/task02_state030/b1/decoded_frames.npz,/lambda/nfs/imagined-future/results/deadline_2026_09_04/lingbot_native_future_decode_all120_v1_shard1/decoded/task02_state030/b1/decoded_video.mp4
task02_state030,2,30,b2,2,307,5a124bd74d984edf7fc0ad397a5a511e62eaab23d4c9bd2c06e000e79ac1be76,a856ee99c17fcf592b2e4d9c59559d008c2cc3e55621c3841bcc6af1c1a82cad,0d9a877ccfa4fb1d900efd6eeb61b080036835d364a5714bf66345794d03a428,d56e1be926304b7c2dd2a3bdcbfbb4584508180ad2965b17df229a3e26a89282,73446da2811d48cf604a1363646b3ba2aa0dba01bc6a57ad5ac6e7dd4a0c18e8,/lambda/nfs/imagined-future/results/deadline_2026_09_04/lingbot_native_future_decode_all120_v1_shard0/decoded/task02_state030/b2/decoded_frames.npz,/lambda/nfs/imagined-future/results/deadline_2026_09_04/lingbot_native_future_decode_all120_v1_shard0/decoded/task02_state030/b2/decoded_video.mp4
task02_state030,2,30,b3,3,401,14e4861dfd46cf45b1c87312bf04c0b824e8487a0957978d8cecf8551e2162fe,05df02f46c7784ff372bef0c9dd39c64d195ace43b4d0923cf6abea06f798c5c,4b4f5d40dc77b01913456e31e5c624e34ab57e2e8916a00837a93d86c20a4b26,14e9db5e003cd8ad0d1ae90fccaa8ee7419194e67c9b5b7978d361bdcdfc5d07,c2df8d2b51735fa6ec5fa8cdad2d9abf4ac4bbb15ed61f12a969a324c66ef1d6,/lambda/nfs/imagined-future/results/deadline_2026_09_04/lingbot_native_future_decode_all120_v1_shard1/decoded/task02_state030/b3/decoded_frames.npz,/lambda/nfs/imagined-future/results/deadline_2026_09_04/lingbot_native_future_decode_all120_v1_shard1/decoded/task02_state030/b3/decoded_video.mp4
task03_state010,3,10,b0,0,101,1e34272edd82d72c9b41d2549cae538c3acdf25d38100363f14d9bbdac409a80,6a6e63f063989c3004426a954b6692d1073f29fda8f95b7a4d7074008a44f8dd,229e531c0bca2cdaafad40135ff4518d05e49ddf9f2e5423720f57a3cfbb7625,c431046d08f53aeb84126d7d0f034f14f81783f5c3cdc6509664bf935c444175,b41b6b87e49a5980cb56db4f218952a2fe526c4b4e90127f352778dab9367894,/lambda/nfs/imagined-future/results/deadline_2026_09_04/lingbot_native_future_decode_all120_v1_shard0/decoded/task03_state010/b0/decoded_frames.npz,/lambda/nfs/imagined-future/results/deadline_2026_09_04/lingbot_native_future_decode_all120_v1_shard0/decoded/task03_state010/b0/decoded_video.mp4
task03_state010,3,10,b1,1,211,839869df51af3007a1ff5d8b5329072b7a3ee6559e1a141aac3a07b6c8b58ff4,f5f42b40a49add581be06059ac69613ce7b1963cd1fcfc38724abed81a432015,020e2b5a1969e9935ed2914d60ce2e6e6cd4e370bd31f53e8ab366f12650fa91,1a1170d61194af5a929484e770950c481597fa26e195a62088cb6a388e258f58,f5a5666ddcd03b6a79953703dbbffe26801bda1a642551bfe98ec757496185af,/lambda/nfs/imagined-future/results/deadline_2026_09_04/lingbot_native_future_decode_all120_v1_shard1/decoded/task03_state010/b1/decoded_frames.npz,/lambda/nfs/imagined-future/results/deadline_2026_09_04/lingbot_native_future_decode_all120_v1_shard1/decoded/task03_state010/b1/decoded_video.mp4
task03_state010,3,10,b2,2,307,c24c5c0e4984817e37a815b7866d5f74fc56f5e1cd9d6198aba9d440b648d9b5,18bed485f4df9ef260697879ba95773eb15fa61114d2efd18fbbfa6128ae2678,b910ea067faff1c361470631765080c0d6e8ad5327fd7c798783f8f45abb5e25,1f3418c1eb2bec7167fa0651ceb94dbd4ba5828af32ed91d5185e3b9b1740a5d,fcf332c5228e6f48d349c1b420220b027ec0c56d4a75e32d87181023b4d7401c,/lambda/nfs/imagined-future/results/deadline_2026_09_04/lingbot_native_future_decode_all120_v1_shard0/decoded/task03_state010/b2/decoded_frames.npz,/lambda/nfs/imagined-future/results/deadline_2026_09_04/lingbot_native_future_decode_all120_v1_shard0/decoded/task03_state010/b2/decoded_video.mp4
task03_state010,3,10,b3,3,401,a296b103dbd0595200dff669bae6cd645514d43fd8e4d51d45e34df9b4a11f1b,e9e68e1f08fda1b484bbb048ae3450bb9aaaa94bb6457a29643aef147d852af9,19a6bf12e6dcc770a3402a0a1c9ee481743b0a4ed2aef0bdb57983ff92e14417,9701e58a240273d240c4536bf2f4a38930110e03636d0f7ff93af6b08bb69707,c2320d3d1b5043b46a7e5d180c68986343a2e46e241a0eca05d79cb56f2edad8,/lambda/nfs/imagined-future/results/deadline_2026_09_04/lingbot_native_future_decode_all120_v1_shard1/decoded/task03_state010/b3/decoded_frames.npz,/lambda/nfs/imagined-future/results/deadline_2026_09_04/lingbot_native_future_decode_all120_v1_shard1/decoded/task03_state010/b3/decoded_video.mp4
task03_state020,3,20,b0,0,101,46e412bb2bed0b41bafb4d2ad1282651acbb6530a248707bc48e18b38818e756,48ad0826590454136362fa4bed508ba6b7ccecf0c058d5ce650bf8b0a1b7b41f,3f02ac0116ec11d6e81c3820c97044eb1fdf62187b70be21053f480266391eea,70f547f5972be60b852ab47e0cd89044e08011fedbb6b936f6d4e0266679ec90,34e804db9d81d11019c6a47219b27576bf3100a07316bfa52fd2e1f8359ffd96,/lambda/nfs/imagined-future/results/deadline_2026_09_04/lingbot_native_future_decode_all120_v1_shard0/decoded/task03_state020/b0/decoded_frames.npz,/lambda/nfs/imagined-future/results/deadline_2026_09_04/lingbot_native_future_decode_all120_v1_shard0/decoded/task03_state020/b0/decoded_video.mp4
task03_state020,3,20,b1,1,211,8593bd55421e4d5cb0fd0a49c8e93036794afe16ad40a87ec02cb4f7976087d3,5f8b33a538a0f0f01c43cc5b27fdb311c8c81194f9acda33699e07792a9dfe25,ab79d70e8138d7bce3bc22f069350fbc00905592a7186f7ed14f49e9d177ef2c,78190e731b3d0858b8f1d2735188759cc46d6ca1a4325e5c02bf2db6c75c1718,20364a386430c9e34aac35d318045896df5dc0e89d41d1c48b3f3c562cca6572,/lambda/nfs/imagined-future/results/deadline_2026_09_04/lingbot_native_future_decode_all120_v1_shard1/decoded/task03_state020/b1/decoded_frames.npz,/lambda/nfs/imagined-future/results/deadline_2026_09_04/lingbot_native_future_decode_all120_v1_shard1/decoded/task03_state020/b1/decoded_video.mp4
task03_state020,3,20,b2,2,307,78212c21ac681e6c93ed73d6a0f7d5c9b9073e508f4809714fb5dd2a09e84f64,3714206cf6a75eeab46279dd1e0e9164ab3301c929cf6c0432026da807fa866c,2ce6faa7d0f16ff74ef28d1ad65d33a097fd64551aa517ba61fcde49b77a9663,4a85c130d87c0bc946d9ca3d3b8248bbdf87205800ef9a8f583d37fcd7dc8bc4,f529202b99815082fc56d8792a60e6c6808d28e064b00f1af6ca338c6aad220f,/lambda/nfs/imagined-future/results/deadline_2026_09_04/lingbot_native_future_decode_all120_v1_shard0/decoded/task03_state020/b2/decoded_frames.npz,/lambda/nfs/imagined-future/results/deadline_2026_09_04/lingbot_native_future_decode_all120_v1_shard0/decoded/task03_state020/b2/decoded_video.mp4
task03_state020,3,20,b3,3,401,995001b10a782e5b8583ca898ff59422cea98a1b059710c65f585d352a08faf6,0b001cfb0f07d97556eb9821f097343dbce9119162a7a720c4f8afcfcdb9fb04,2e9b09823e497e77fc3a80ed11101bf82e360851564088976ad5781e50a18835,2222356639824c132e9ec14efab5b9e7b5ce7d5df1f7ebdc8fc34064b5bb81cc,55eef0f2b09198be7a97587c0b873d1725598d2de8eff873db56f97c66b18d49,/lambda/nfs/imagined-future/results/deadline_2026_09_04/lingbot_native_future_decode_all120_v1_shard1/decoded/task03_state020/b3/decoded_frames.npz,/lambda/nfs/imagined-future/results/deadline_2026_09_04/lingbot_native_future_decode_all120_v1_shard1/decoded/task03_state020/b3/decoded_video.mp4
task03_state030,3,30,b0,0,101,e90b42c8b10bf1579da3bdd26a91ddbb47ebff1708e154fbf66644b775ea70e0,2ca44812e4a4f042643469a2f5ac15c64ffb372acea46d903ccec58e04c1c433,2d59e0ffdc0e81826fec2dac4e947820666f4ed72dd92263a71f835dded875f1,5004e0eccc6ea9af209066700f879d3b8ae66b2f2168ac321a75506cee148013,7717ce9f6fc88e662235684a2544a68bfbb16dcd9481460269de051af738c9e6,/lambda/nfs/imagined-future/results/deadline_2026_09_04/lingbot_native_future_decode_all120_v1_shard0/decoded/task03_state030/b0/decoded_frames.npz,/lambda/nfs/imagined-future/results/deadline_2026_09_04/lingbot_native_future_decode_all120_v1_shard0/decoded/task03_state030/b0/decoded_video.mp4
task03_state030,3,30,b1,1,211,242bdfd43e5d5c42084971ff127d57033e352d06344625f2c8a0a84200756eb1,a492343b54d202654d6450223439d4cec333e0c7480891f1ebd6c44a75804971,bcb40f86ca538db3454fdff7461f8f835b67bb75eecad88c2036f5b8c3db8831,fee70ef9131bb48c15a50d3bbee169d36c6d7a41a3dcc7b7f24a980291985684,76caf3f792cfd6b615b1e7dd250a9545545a3bfe9c525e95a2eed4bb0b7905f3,/lambda/nfs/imagined-future/results/deadline_2026_09_04/lingbot_native_future_decode_all120_v1_shard1/decoded/task03_state030/b1/decoded_frames.npz,/lambda/nfs/imagined-future/results/deadline_2026_09_04/lingbot_native_future_decode_all120_v1_shard1/decoded/task03_state030/b1/decoded_video.mp4
task03_state030,3,30,b2,2,307,356de7d97d8227ee106303cc16bd459f09fc4aece86880100ea931e996f58a81,e0d0f4c123fe1085d66b117d41a466479496a615ea481cf94a83f67d96ddf790,01148e8e3d12b24c23bc5f2850b8ef612df159d123e4a6c221292ffb643683de,e1b003b5b349edbc23805cf4fba7fa725025ec4082b6c7cae7e5eceffe776fa2,245ad89341ceb49ea0c8be8387d3be04f9f2de97e1ce90e181f088d7451ab0a9,/lambda/nfs/imagined-future/results/deadline_2026_09_04/lingbot_native_future_decode_all120_v1_shard0/decoded/task03_state030/b2/decoded_frames.npz,/lambda/nfs/imagined-future/results/deadline_2026_09_04/lingbot_native_future_decode_all120_v1_shard0/decoded/task03_state030/b2/decoded_video.mp4
task03_state030,3,30,b3,3,401,1b1e7e37f00344d1b08cc78a3929aca17c0e1eb5ed6505bf35dbb46b805e2bd1,a92372f57c189fcac17d893f0f83cf86f5d0223d35e5d3bf1a8ad056fbff1b44,7425711537ec568045e60906642ad4d4038c74fc435d2968e9fae40ec91e28bc,437053a995c3691ec1f46a5b712fd58499e533c51f5dded28a36ac22e6922b23,20ff03d2b583a5cab4099f3c8fe7a350f17dbb48a23de850be0c32828ed91b33,/lambda/nfs/imagined-future/results/deadline_2026_09_04/lingbot_native_future_decode_all120_v1_shard1/decoded/task03_state030/b3/decoded_frames.npz,/lambda/nfs/imagined-future/results/deadline_2026_09_04/lingbot_native_future_decode_all120_v1_shard1/decoded/task03_state030/b3/decoded_video.mp4
task04_state010,4,10,b0,0,101,0c31c41c798e8c1a892b98d39bc3bb5eece22271066ea7a40e7f0d5e1fa4cc7d,bad052e25af01ca883acf267d524e6d40a29b64e2db9a7c17f29ad52f64b2c1d,50e75a1c363c3fc440ac1e73f31cc2ceecee21eebb1b35953d2ba6f24dcaccbe,539a9ac49395b8c18f5a7458f7196cd4241a5d6e7c4f7fe82e6caa180709fce6,0de60ba26037494ac051f572b71aa30be8e4cff8e9f2ac37b5b7d3bebdb2af1f,/lambda/nfs/imagined-future/results/deadline_2026_09_04/lingbot_native_future_decode_all120_v1_shard0/decoded/task04_state010/b0/decoded_frames.npz,/lambda/nfs/imagined-future/results/deadline_2026_09_04/lingbot_native_future_decode_all120_v1_shard0/decoded/task04_state010/b0/decoded_video.mp4
task04_state010,4,10,b1,1,211,c6ce7ace66ae0cc95455419d241816bec98991b374b3af0d2e483c955227843b,d65ed42d82bfe8ca8f2a7fff64d6ec9e81726656b2cd61d2b3b92d73acfa0f7a,d0c0127a2addc4fe4dc0d4ad2988daea1db11dbdd8e0a9dc15568bc91ee7bdba,1fd2620c889cd1f83b072aee4e2a38e8970ef51078b02e9b77fc4ae33850a890,66b817056b1073434f767c93d9f98046c937267612ea127f7ca36141f9e37447,/lambda/nfs/imagined-future/results/deadline_2026_09_04/lingbot_native_future_decode_all120_v1_shard1/decoded/task04_state010/b1/decoded_frames.npz,/lambda/nfs/imagined-future/results/deadline_2026_09_04/lingbot_native_future_decode_all120_v1_shard1/decoded/task04_state010/b1/decoded_video.mp4
task04_state010,4,10,b2,2,307,ee6bab96ed78c15eb6e982cfbc2f7972291f4e6e5b2d0626d2c5acdbb779e5c2,a273d008fd2b1b6a0c04863e484f314e6e8f38a95010424f2d1b80d153ebfc82,661f4a1d1dc12f1ca1d929be411cbd470958004167be4e8680fa16be80b819ef,719bcd41a56c72d65e82bb850535524d44981200b09e69d405e54db9104f7d7f,d8b92cdb39cfe712a2bafb01a4de5266c71bfada8d2cf2579e8d82413f3c6388,/lambda/nfs/imagined-future/results/deadline_2026_09_04/lingbot_native_future_decode_all120_v1_shard0/decoded/task04_state010/b2/decoded_frames.npz,/lambda/nfs/imagined-future/results/deadline_2026_09_04/lingbot_native_future_decode_all120_v1_shard0/decoded/task04_state010/b2/decoded_video.mp4
task04_state010,4,10,b3,3,401,3ce8cc3f2366699c04acce0d8b11b265ffa321e5f0e72fe3273cb7d008618ce7,9074c29deaa22796690b4dafa9154d0fb32d08c6e7c5e04e93e5e1a83303f2bb,5a7d0ea89b3c88e872a046736dbc816d97a06e5fdd2bf1023a9d12fe309306e9,6f38ed41fc76e7f2136dcf827c319ed2361777522a269158e884420632dd4733,ae47d18c368f70918efc2715203c98b4c244cae56bc86bec0c81e7a6d594e0ac,/lambda/nfs/imagined-future/results/deadline_2026_09_04/lingbot_native_future_decode_all120_v1_shard1/decoded/task04_state010/b3/decoded_frames.npz,/lambda/nfs/imagined-future/results/deadline_2026_09_04/lingbot_native_future_decode_all120_v1_shard1/decoded/task04_state010/b3/decoded_video.mp4
task04_state020,4,20,b0,0,101,be95eb6b15fb532b3eb6bc4c79f159f21a3724ad2cdb644a7d2d09a794dbd365,a7e280ff0f85f76ce289f822bfef8af78d266c23bacef8dbe0584d6962b15868,3c324e4ef8c2d26a6b2a9a0922c82bb2813fd8544739e6c23d4f0bff92929798,c4192154da14fbc6f6462181011e6811689f5a14074f677be91ed15a8481cb00,da5e5ec77e3ea9a0f8d87393861413490d61cf7e9c749ab51f82c0cc9f43b7a5,/lambda/nfs/imagined-future/results/deadline_2026_09_04/lingbot_native_future_decode_all120_v1_shard0/decoded/task04_state020/b0/decoded_frames.npz,/lambda/nfs/imagined-future/results/deadline_2026_09_04/lingbot_native_future_decode_all120_v1_shard0/decoded/task04_state020/b0/decoded_video.mp4
task04_state020,4,20,b1,1,211,6418e619aaee4716ebeea70d5c84eedaa1e0357416a9c43f2c6b55e208dec988,06b467b8cfd67f7b34de128e65a8636ce2d60317b6b30d3b82c3bdee7369d7aa,1c61a3c2230bc5b3c4453b7cad7dee31a57ff934dae6dda1d70f326e855bf4e0,eba7baf62feb3e8f2682e1147cd58f828f6ae10cafb73d747939601246f05ae1,4f3887d7e3303de48491411041cf9615b1a8cd119d040d4aa2a46ed461bc170a,/lambda/nfs/imagined-future/results/deadline_2026_09_04/lingbot_native_future_decode_all120_v1_shard1/decoded/task04_state020/b1/decoded_frames.npz,/lambda/nfs/imagined-future/results/deadline_2026_09_04/lingbot_native_future_decode_all120_v1_shard1/decoded/task04_state020/b1/decoded_video.mp4
task04_state020,4,20,b2,2,307,6e0e6d005c632a34b2a8cbce54d599b627f5631f5ed12ef3b5ea654ede7dfdda,78414bb7d043e1b1563a8c98b794a0898551a1f940e807c11c0c2e068e20fae0,3cf92adbd6e10e5cace454e665874459f3805234cb349db6b03318daf6f642a5,b8542e9ed66a4df37ad5deef8b40a40557b57c237aed3fd338d1063faaf5d39c,97738e583bdaac83a59273dcdd1e083900c5054b86863512d433341fa6430d71,/lambda/nfs/imagined-future/results/deadline_2026_09_04/lingbot_native_future_decode_all120_v1_shard0/decoded/task04_state020/b2/decoded_frames.npz,/lambda/nfs/imagined-future/results/deadline_2026_09_04/lingbot_native_future_decode_all120_v1_shard0/decoded/task04_state020/b2/decoded_video.mp4
task04_state020,4,20,b3,3,401,0199b8f678b6604ecaa3ff26d9159e521d7e67673d38e94727e72743d85352fa,4e9ec8aed01198a8f65f7f592b88d2628d708fd4c9d3b5f38f09f9c8d6e5fbfa,b8e66a3ec75a9164ec985fe9c86212af258b736e003e232da5a86a76cad3db69,42f6f09fc21df8e9d9142f8d68798681da685217e1d798f14afec1fd06718d78,0ecdab5c4d82ac82592fb2e0225b1d9ab061eb7c33d2ffbb8d1763687f4085b7,/lambda/nfs/imagined-future/results/deadline_2026_09_04/lingbot_native_future_decode_all120_v1_shard1/decoded/task04_state020/b3/decoded_frames.npz,/lambda/nfs/imagined-future/results/deadline_2026_09_04/lingbot_native_future_decode_all120_v1_shard1/decoded/task04_state020/b3/decoded_video.mp4
task04_state030,4,30,b0,0,101,386d50b18b8ba9a3961fff93efd6e742e45ffbc1c268a79b71a92c4a1f75ad23,478e0e25dfc85cf9746410a753b59b15ed70323528a3f596a5f5b80e0ddbcf4a,4d2f50a8f1fee88372b29c33469a3a47a2fcef74618f540d8786322e4fcd98e7,625c6e67e5ba25c7952c8442475e5355439b28ac0728badf5a6cb772458c7e28,835b7cb6ff5d79db9a845290d663351c091355b643fd261714a1c31ba963fc7f,/lambda/nfs/imagined-future/results/deadline_2026_09_04/lingbot_native_future_decode_all120_v1_shard0/decoded/task04_state030/b0/decoded_frames.npz,/lambda/nfs/imagined-future/results/deadline_2026_09_04/lingbot_native_future_decode_all120_v1_shard0/decoded/task04_state030/b0/decoded_video.mp4
task04_state030,4,30,b1,1,211,e25ee6c74ed42f9538ab8fe6c5f37c484c3a1beeba124275b7be31ef73353f7c,5781298d89e727195913ed5802905c6531fbf10205b6f2db1097c4866cd829be,ab57c0dcdcf8b12771ef7afcba9475ec753fa602e2cab8de13f8ab326622655f,d9f08fbf52793da8783ba14b8057efa82b96fe5ef8732c178df3b4555e38602f,b9ff14449ba56158eefc5fc81a9bd0743f8e48174980490df3f4b056a741113f,/lambda/nfs/imagined-future/results/deadline_2026_09_04/lingbot_native_future_decode_all120_v1_shard1/decoded/task04_state030/b1/decoded_frames.npz,/lambda/nfs/imagined-future/results/deadline_2026_09_04/lingbot_native_future_decode_all120_v1_shard1/decoded/task04_state030/b1/decoded_video.mp4
task04_state030,4,30,b2,2,307,b1cf28d41b05d19eaa0e9cdd6828ed5ea8871b29a758d6b57dc8909c2aec5b3f,1895c20f7a0ea8b11e60334d352e63f7c6304144b7d28213864aea1c9d2a26ee,fabd4e576302ba5cfa5a936e47eea092eb0583520b14a7e10db51df40b544805,9ba65f8d927de1c5d38848fd30fcaa5466b1d273f33c0d125bab9f5fcb9600d1,5febceeac76a762a567209ce0dd56959e399e1d68a669be0f075c0f43a77b7de,/lambda/nfs/imagined-future/results/deadline_2026_09_04/lingbot_native_future_decode_all120_v1_shard0/decoded/task04_state030/b2/decoded_frames.npz,/lambda/nfs/imagined-future/results/deadline_2026_09_04/lingbot_native_future_decode_all120_v1_shard0/decoded/task04_state030/b2/decoded_video.mp4
task04_state030,4,30,b3,3,401,65e4bceb839cd6771f63a9de53455434a7e00403877565b34ff5ad2b40098442,f5630bbe920f42543501026e8164deac297a951fe053e23419cfd60421f029c7,3600ea8102076befc9d8d4fb64eb8a5aa6cf11acc3273c9cb7e7a3495a1f9b91,f845d456c267357b27cfeb14c8560fe819b85379022ea0718265df0697aa5933,3a1a02cec409fa31a6138ea2be15ea3fd3b0d10b4708d383bb4a1053768990df,/lambda/nfs/imagined-future/results/deadline_2026_09_04/lingbot_native_future_decode_all120_v1_shard1/decoded/task04_state030/b3/decoded_frames.npz,/lambda/nfs/imagined-future/results/deadline_2026_09_04/lingbot_native_future_decode_all120_v1_shard1/decoded/task04_state030/b3/decoded_video.mp4
task05_state010,5,10,b0,0,101,59f53ff57fe8d431ba4483847dc5c4d80e0f276ff0bb44d7e2025a2bd6f921c9,d40e79b8e00ad89e8f6bc30d66b02aa02b530c4517a04a79785f6ca32a07e0a3,e3a46f372458c6301cc330ba20698686f0df830d67306ca1d595dc6fd9a41c1a,6d6de469994254be16e7d9a06ebb4601f46dc6a9c70aef05205b54ff5f0e5053,a05ca8f22be8d70690b7bd8ba3f6fd9c3f7f72bdefca4e1713b249e98449adc8,/lambda/nfs/imagined-future/results/deadline_2026_09_04/lingbot_native_future_decode_all120_v1_shard0/decoded/task05_state010/b0/decoded_frames.npz,/lambda/nfs/imagined-future/results/deadline_2026_09_04/lingbot_native_future_decode_all120_v1_shard0/decoded/task05_state010/b0/decoded_video.mp4
task05_state010,5,10,b1,1,211,d753358d55e7386c4ded6c06943ae0b0518cbd99efced6f1de8148b9b6ac9b36,e55d6a68173a4e1d067cc55cfdfda03ff71b33494c5463cab7441c5da3b0db30,aac67aeb5e4d4d746a93a4addc36230f1f4f85debc68cc2f29dba4a2610be8e3,c7882f3c59cd39f44ee8f69bf37e68a628bac839748d80f981f0d2de8eb21c3f,62fbd8075e340caa2ffd089e1aa3e52026c18e8479b4d1564817b3a2f3859c06,/lambda/nfs/imagined-future/results/deadline_2026_09_04/lingbot_native_future_decode_all120_v1_shard1/decoded/task05_state010/b1/decoded_frames.npz,/lambda/nfs/imagined-future/results/deadline_2026_09_04/lingbot_native_future_decode_all120_v1_shard1/decoded/task05_state010/b1/decoded_video.mp4
task05_state010,5,10,b2,2,307,4d0366ceee193b4b1f996573c6b45777425dfbe687af342b7fb5b13e6e96fbb7,f97ea47381fac181e9d5a9df38a29191fedb5dda92d8d9e356dd522a6792a2da,8d97ef74886a55afd0392e23f5d67bb907a62ec63a4ebf06690d38923fbd476e,a8192db3c70a6840d0e42af7375db8c7644248d52dc952883362c0d2a681bd87,9441faabda4eccd00c99ab66184e738b2e20e63ee7b57651e5572f9824e7e28d,/lambda/nfs/imagined-future/results/deadline_2026_09_04/lingbot_native_future_decode_all120_v1_shard0/decoded/task05_state010/b2/decoded_frames.npz,/lambda/nfs/imagined-future/results/deadline_2026_09_04/lingbot_native_future_decode_all120_v1_shard0/decoded/task05_state010/b2/decoded_video.mp4
task05_state010,5,10,b3,3,401,359d3997fffd689daab8332be67f66a1911a0eb039ca636dd75f191d167e85ab,fe5c3dc9c3c56aa23a810f3cdfd8ed1798ab4ab40b9f863981b39c9046386f01,4f7b3887ea39196b1bba9bb7eaee1b224d71aa6f9f3cd2332bc2cf8d29155727,9f2e820ca1b46acedff28dfa381034f62d53855f28243e5dfb736fffe2582f40,292ab435666782f3ba03461bcef23825d2b5809bb1cbd3724c827ee6105a0e23,/lambda/nfs/imagined-future/results/deadline_2026_09_04/lingbot_native_future_decode_all120_v1_shard1/decoded/task05_state010/b3/decoded_frames.npz,/lambda/nfs/imagined-future/results/deadline_2026_09_04/lingbot_native_future_decode_all120_v1_shard1/decoded/task05_state010/b3/decoded_video.mp4
task05_state020,5,20,b0,0,101,47249aa52f30bfccc734c898eb5f8a640abdbe975ddb0a1ef2674cc22f87f33a,40cfef016f3b441c6fa66b8f23ad908a9cdabacf2da31f5754a06e5a8ea334a7,17271d95d59b1e68128541e54d749931ca29ba699b94235684a11c12ee2a9fa9,467f6fa4f5a1e7aa96ebc79ecea49a0b0b377eb6701199d435e23d50376c1eae,c6d8418713315a0196013b50f0415242ce4f2cbd52868c151fe5f64c2ed9b997,/lambda/nfs/imagined-future/results/deadline_2026_09_04/lingbot_native_future_decode_all120_v1_shard0/decoded/task05_state020/b0/decoded_frames.npz,/lambda/nfs/imagined-future/results/deadline_2026_09_04/lingbot_native_future_decode_all120_v1_shard0/decoded/task05_state020/b0/decoded_video.mp4
task05_state020,5,20,b1,1,211,d3edb41c1421444fabae5e6f1dd2f439e95564c89f913c6e471514c3f893fa92,2cc278928839ce8f23de106d78eb858e6eba5b9a89475b43d3272d3d540a993d,d9104c0f90a4c4b44e554214787d74e1cafeacf058f4f99d146f9da2b83d9b1a,827469060753b98e4bc357219a5e97418f3f3f1e4e7bba5c48c0c06d73966c1c,79a06ad8bf5d5ae9884e08e6cd29ffd7ea998e46ecfefea6263f194ed382fc66,/lambda/nfs/imagined-future/results/deadline_2026_09_04/lingbot_native_future_decode_all120_v1_shard1/decoded/task05_state020/b1/decoded_frames.npz,/lambda/nfs/imagined-future/results/deadline_2026_09_04/lingbot_native_future_decode_all120_v1_shard1/decoded/task05_state020/b1/decoded_video.mp4
task05_state020,5,20,b2,2,307,e89e4c57f2b24703059d268eabd4c6c1e5af56619a05f2906c23e0edb380e2d8,9f13e9045ab6b2cf5f6edfa8583e1feab91a253ff80e5ca1dff6ef8e7e6a0a7a,59489a690a90a377dd6ba1b9e9e095f2b5743848ee160e39c7e5aab1973b4900,0830b091799e45d41b7219452489de6b461ea01404d4a2abcef8c58e11536aca,65c7557f7d325bc68829f9061292bbdbcdf3d1cebfa19f51568a555d8cb0aadd,/lambda/nfs/imagined-future/results/deadline_2026_09_04/lingbot_native_future_decode_all120_v1_shard0/decoded/task05_state020/b2/decoded_frames.npz,/lambda/nfs/imagined-future/results/deadline_2026_09_04/lingbot_native_future_decode_all120_v1_shard0/decoded/task05_state020/b2/decoded_video.mp4
task05_state020,5,20,b3,3,401,00f7654725dcc101359c5b40a5f62dd040728d8e4f5ca5c8239e1e9557290930,4a76ec7d54ec535a0a7b53c08424974c16021b743348658d13848af6de642580,2b0514d65917129e20460a9d7c22296fb8123fd5c6fa500a14126adf38cafbc6,63a733e22f24f356855b60c83d22de1dda4eb008572b2a6b5903a01437ccebf4,895ec85bc93039db8b3a277800209da880bac028577023475b262f8803e7bb62,/lambda/nfs/imagined-future/results/deadline_2026_09_04/lingbot_native_future_decode_all120_v1_shard1/decoded/task05_state020/b3/decoded_frames.npz,/lambda/nfs/imagined-future/results/deadline_2026_09_04/lingbot_native_future_decode_all120_v1_shard1/decoded/task05_state020/b3/decoded_video.mp4
task05_state030,5,30,b0,0,101,cb64eec7fc57af8c738a043da5e02ebee1dd6b052996115bb8ccdb718ec09f24,c22dc6dc0446379b9eda2f79b464eba655f97e6f48260e9010b8afd5b805cea9,4b785a9101dd590e9ca41a0d1d001fc1b5a43d6a18d6bf6c86f276545db3336d,4334cade3a1207b9e4aca721d339ed0fe023c0270a40b1a487665310b43c56ed,d75dd281e5157b1a7afcc71a6a3b036ab8dab6adbadccd2cbbf4264ac81bc487,/lambda/nfs/imagined-future/results/deadline_2026_09_04/lingbot_native_future_decode_all120_v1_shard0/decoded/task05_state030/b0/decoded_frames.npz,/lambda/nfs/imagined-future/results/deadline_2026_09_04/lingbot_native_future_decode_all120_v1_shard0/decoded/task05_state030/b0/decoded_video.mp4
task05_state030,5,30,b1,1,211,092207bfb4261aa45b4feee8c521793aeb46f0e50c999006afea448d68455e03,66fea100555d7b2a5d391c62464d6e1fa63e5a31912f0ee3a1a87781100a7354,956f0a3ec402fc835409213b996fdcbeb4a568e345d149363e913d8bc5bdc075,b1b5f4e8c2187d5527dfd8d81d1bcc47436779eedcffc7a332a92f1eb7bc2a83,1a082d8ac47d828699258dfb44926b9384d279d7170460cd88bb4878a4ee5915,/lambda/nfs/imagined-future/results/deadline_2026_09_04/lingbot_native_future_decode_all120_v1_shard1/decoded/task05_state030/b1/decoded_frames.npz,/lambda/nfs/imagined-future/results/deadline_2026_09_04/lingbot_native_future_decode_all120_v1_shard1/decoded/task05_state030/b1/decoded_video.mp4
task05_state030,5,30,b2,2,307,6f466afdfeae112b6e08e7149d178c2a8a6d4bf175e0b67d9260b84883320b79,ab16dab17fddf0b7268aebd1f5c5d56cc51e4c21dbe461d56fdab4af9eb9c090,bd4b6713405c97f3cbb1f70f85195d433996a11953987e81afd7668d60161b39,1e78a3832a10d260fe98d72cbbfc32bf7fab82a74c544c8bceb00248d0e87065,dab94429d07b884914fd4751acfa68fa7c792dcac9031c5a139e883a21c55f79,/lambda/nfs/imagined-future/results/deadline_2026_09_04/lingbot_native_future_decode_all120_v1_shard0/decoded/task05_state030/b2/decoded_frames.npz,/lambda/nfs/imagined-future/results/deadline_2026_09_04/lingbot_native_future_decode_all120_v1_shard0/decoded/task05_state030/b2/decoded_video.mp4
task05_state030,5,30,b3,3,401,e16f6d3f8c8bf71a1fcbc56affaaee03f578a8678bf7e4a4ee28184d4a378863,f9e80ed6e395b712f46b8f5bb247349bd17bccf525cf072ee5262e41c4d71173,d73a4f18bf9e91cdd3ee595f93936b966b0ea72b2be9fea05bf9524524e9c37c,ddca526fc6d3772e485484605e2bff2957cddebc65373b9959b04e0dbf4034f9,106bc1b5bcc77e74e9ed074742c55cd4b49cb89bf947e248d8c1acb55d18faf4,/lambda/nfs/imagined-future/results/deadline_2026_09_04/lingbot_native_future_decode_all120_v1_shard1/decoded/task05_state030/b3/decoded_frames.npz,/lambda/nfs/imagined-future/results/deadline_2026_09_04/lingbot_native_future_decode_all120_v1_shard1/decoded/task05_state030/b3/decoded_video.mp4
task06_state010,6,10,b0,0,101,7f9e6cea73b2c4334ff379b09546892f2d2faec6af8db7e8ff70582907baf321,afce4d0b6bc11d51b64158c682a06801966697ae95e87e1ec1bc6bceed6acd08,4a55f9801589a484dd4029aac17dfce53ff12db087d9e40522a5b8952bf19edd,f7e395208c8faf3f1520698749b9c4ad76d873dcc82b4836c3d1f310f12d4a48,ff813898fbbcd49c2016e1db13e6849d8ed140617e94f7d26e4349a9906162c6,/lambda/nfs/imagined-future/results/deadline_2026_09_04/lingbot_native_future_decode_all120_v1_shard0/decoded/task06_state010/b0/decoded_frames.npz,/lambda/nfs/imagined-future/results/deadline_2026_09_04/lingbot_native_future_decode_all120_v1_shard0/decoded/task06_state010/b0/decoded_video.mp4
task06_state010,6,10,b1,1,211,2c1ce44a6bde5ce537ab673fc7843038f6dab573907a61240875274f61e9321e,62badc27f0011e450483894edc2a4681c2e821bb6ecb19e25392282d2ffbe3d2,85c7b5a32f0a9868cb60882654e1eb260cc099ec5515e50643ad7ca774a8baa6,7d84990e43eb74651805d9c0336ebc74bdca683d62cd3ae665f2faf5db646edc,b2b7af6b8401e0f2efc270cb40061cce1e90ac7e58b0c9f5a7872a95daab5ec5,/lambda/nfs/imagined-future/results/deadline_2026_09_04/lingbot_native_future_decode_all120_v1_shard1/decoded/task06_state010/b1/decoded_frames.npz,/lambda/nfs/imagined-future/results/deadline_2026_09_04/lingbot_native_future_decode_all120_v1_shard1/decoded/task06_state010/b1/decoded_video.mp4
task06_state010,6,10,b2,2,307,346ecd00dcc936a943e181be77abe9c5735a82cf6df301bbac30f32bd4222da3,ea29a4a929993e70392e7fb42a4a5dd21d2b3a375009cf471afe6717aba001d8,72d012dadb04fbacae8f7cfdb636b4973c8ff44c1e3ea6bae59678434295b0dc,f3386527d6d6261bc9da78ffcf780100d01cd668a396ca9731ea49d91e34e00b,b9575783e3fd8ad5b413da66584d054cbe71079341ea2de66faf3c88161043f3,/lambda/nfs/imagined-future/results/deadline_2026_09_04/lingbot_native_future_decode_all120_v1_shard0/decoded/task06_state010/b2/decoded_frames.npz,/lambda/nfs/imagined-future/results/deadline_2026_09_04/lingbot_native_future_decode_all120_v1_shard0/decoded/task06_state010/b2/decoded_video.mp4
task06_state010,6,10,b3,3,401,96fb1b021d9e9936b19f3030ce065fac4406f76685646bdc8bef79b2a44d6508,778c046be04293e1cf8f0772a2fb3aea4c742bbe0d279269d44ba845c57b6e55,bf94f647c430ea85471eddfadc75936febd4ce3d8cbe4f99257ae443baee65e2,5be101d6ee40fb1f5a9effea393ccb61de70daf18643902d1e4a6f344ab1df5d,915c657661db540f5c4b26bb0633d768a48eb3cc92bf5f57c87edbf82e015391,/lambda/nfs/imagined-future/results/deadline_2026_09_04/lingbot_native_future_decode_all120_v1_shard1/decoded/task06_state010/b3/decoded_frames.npz,/lambda/nfs/imagined-future/results/deadline_2026_09_04/lingbot_native_future_decode_all120_v1_shard1/decoded/task06_state010/b3/decoded_video.mp4
task06_state020,6,20,b0,0,101,9e0000d860adbc0e7f1c4f8ff34b955b2fac5d7058b9ca66a153785ead4b1cd6,a312006b6518136b6adb236d802b6ba98a8cbcc40abe1a46f38927ef0e7cd192,604f15dc82a128c984acff1323e5a04ce81f31b3fdc1c3dd06254f15054aa693,719db6ebc2e5f3abde1de277619f2cf20d310ad09344a6f4e5e90fb9aaa6b847,bda7aac6f4811e0bec559f439ebc93f14de6882993795c6e108862b1c34d4430,/lambda/nfs/imagined-future/results/deadline_2026_09_04/lingbot_native_future_decode_all120_v1_shard0/decoded/task06_state020/b0/decoded_frames.npz,/lambda/nfs/imagined-future/results/deadline_2026_09_04/lingbot_native_future_decode_all120_v1_shard0/decoded/task06_state020/b0/decoded_video.mp4
task06_state020,6,20,b1,1,211,43b713e117ff5fcfca036c2081dbc5d56ea54e9f5fac94283fcbb2d3620826cf,b6f8d956a529b9b46a3f79292d32ae6ced2704adcdbdf7446310431a42041a90,689ad5ab7da3838e99aa5495556531706f853eec02be08f2872f4f286349f1ee,d5babf752e7223f7058dc06534c0b9519d162ade67f5e41810ebc0cd7e388a2a,de3c8714a8a0fc789c4ad738083839be0ea218c2f5b6336a812168b89bec5e4e,/lambda/nfs/imagined-future/results/deadline_2026_09_04/lingbot_native_future_decode_all120_v1_shard1/decoded/task06_state020/b1/decoded_frames.npz,/lambda/nfs/imagined-future/results/deadline_2026_09_04/lingbot_native_future_decode_all120_v1_shard1/decoded/task06_state020/b1/decoded_video.mp4
task06_state020,6,20,b2,2,307,7de16259572c1624c1fe99feb01e06a1cb8d27cf7d21af2d89a4a1fb091f0087,84cd7abfb2da815f38cad68a0e205043cc2df3ff553d1b900a227f4eb12b55fa,8a9c5e8dde0563805d92034be046cd2277ef0be9faf91a2b6721ad899c6f8d17,65386eb2cc3dd97d1cd456b0d291dc36b64205afbf22f658a8e8b6a4223c5d92,3e7140e5e9f445fe298875232551309258eeeb5e7784c1163cdcb48b429f8d88,/lambda/nfs/imagined-future/results/deadline_2026_09_04/lingbot_native_future_decode_all120_v1_shard0/decoded/task06_state020/b2/decoded_frames.npz,/lambda/nfs/imagined-future/results/deadline_2026_09_04/lingbot_native_future_decode_all120_v1_shard0/decoded/task06_state020/b2/decoded_video.mp4
task06_state020,6,20,b3,3,401,1d894ddb8c764be5d935370fac6638638c9a445f4ddca03e978806029b14edab,5aa1f5f02ba99a93a4dfc33778e31dad2808d68d4c3cb59cebf56fd6f8e02013,4a6fcb2ca27c8a1e32a50ee2ce734a746a35d0a81e15efe6e59486f26eb95123,e7d7e5a800fbc8299bbb4c52dc52b30323ef5a2f393804d875ebff687f2a8b2c,532648359f4b4bd0a23c3986318489e49b2084fad7864f1e8edd5769a6c98a9d,/lambda/nfs/imagined-future/results/deadline_2026_09_04/lingbot_native_future_decode_all120_v1_shard1/decoded/task06_state020/b3/decoded_frames.npz,/lambda/nfs/imagined-future/results/deadline_2026_09_04/lingbot_native_future_decode_all120_v1_shard1/decoded/task06_state020/b3/decoded_video.mp4
task06_state030,6,30,b0,0,101,b247e5406e2818e394551a3553b51c857eb2c48cda2f0ba79d4b4cc7f6398634,e1bed0bdb5ab1eb6079e110b245da5b6e1303acf5a87fe07b59968918210a31e,d092837f8f3c3243eafc94b8529504e08f138b66597047648746e04732b35bc2,0144680de5bb9ccc527522bab68e096d76fcbd13b4bc640c64dd202694afb022,b82bf0d6f93998c05129d54974e50f137b734bb0465176a2ed4db7540942ceef,/lambda/nfs/imagined-future/results/deadline_2026_09_04/lingbot_native_future_decode_all120_v1_shard0/decoded/task06_state030/b0/decoded_frames.npz,/lambda/nfs/imagined-future/results/deadline_2026_09_04/lingbot_native_future_decode_all120_v1_shard0/decoded/task06_state030/b0/decoded_video.mp4
task06_state030,6,30,b1,1,211,94650eb7b3c89f00e7fa7e466620a6e4be8c81a2946c366bc3f0e70ded5a79c6,29af9abb31a978e1ffd7caf1f0ad5d90d703249c08e17fb894053a63ac7ef4e4,397e8ec66b9853593138c397bca5a8de787dbd84f4cb89cbf652fa6fb5e40660,dee16c3a32cd10454c8914a489e2db857cddece6528eec674ea4c1292923e8d6,e150cb75b29b3c0a4a4b7d7420933d037ab3dd614c785074addddc63e88c2f3f,/lambda/nfs/imagined-future/results/deadline_2026_09_04/lingbot_native_future_decode_all120_v1_shard1/decoded/task06_state030/b1/decoded_frames.npz,/lambda/nfs/imagined-future/results/deadline_2026_09_04/lingbot_native_future_decode_all120_v1_shard1/decoded/task06_state030/b1/decoded_video.mp4
task06_state030,6,30,b2,2,307,586171ebaa2713c88f9d76483d7f725a2f42faeec19ce134aca98c3b51b903f0,59367cdb71c8a6ce50e3fa23d9c63e54a3846bdc7c44d87c73f4c8e30d3b23e7,39827320e945b2fd351ce31aa93aea7afad4fd41df84b456023d91f9129b3799,706950f18c36b77b3fff346fca6f6aebed205e2e8598ddd4c6da96389ac01997,b12d870b56232c3e27474a563757f4473c6a7279f6ad1a3ab89aece1ea0b6b2f,/lambda/nfs/imagined-future/results/deadline_2026_09_04/lingbot_native_future_decode_all120_v1_shard0/decoded/task06_state030/b2/decoded_frames.npz,/lambda/nfs/imagined-future/results/deadline_2026_09_04/lingbot_native_future_decode_all120_v1_shard0/decoded/task06_state030/b2/decoded_video.mp4
task06_state030,6,30,b3,3,401,d6866259081c6ae0c538946a95e31e786ea5fd9dba595a79001a2d32caa5489b,6b405c5c90c9a44ac6ac72b2afcf46aaacc9f66fd5f2158345547b98f8cddd18,01b175a083faeb4af84c5a0f6748fc93ad43d16f1728f73b43b408a1b6985836,3f12c72b85d52392283e14d896c12bdb10d6e821612e35b7ab99bf26ddc5c8a9,3d8bff5509bc324b083e477b5a2f9210fb122e6fc1f11508fd49608bfdbf1ea0,/lambda/nfs/imagined-future/results/deadline_2026_09_04/lingbot_native_future_decode_all120_v1_shard1/decoded/task06_state030/b3/decoded_frames.npz,/lambda/nfs/imagined-future/results/deadline_2026_09_04/lingbot_native_future_decode_all120_v1_shard1/decoded/task06_state030/b3/decoded_video.mp4
task07_state010,7,10,b0,0,101,a17db269aefe48cea71cb04f2c82d0915c293057bb56fb4c27cf09e571e217d5,144a31aebb4e81ca990f07453bd8114bf57882b5b040b0a80913072510fba85e,514e989c32e0197b14a40c8ed6cce588448781cbcd5781874c8d62bb91a62c99,9ee12b5e4b5298e1be60fe0853815a9ae32882e0e4bbd61b3e3a800bf04610f7,00c7a3b6c4383b3308998349c68f8b5ca91adb23a989b095a0dec951750f8064,/lambda/nfs/imagined-future/results/deadline_2026_09_04/lingbot_native_future_decode_all120_v1_shard0/decoded/task07_state010/b0/decoded_frames.npz,/lambda/nfs/imagined-future/results/deadline_2026_09_04/lingbot_native_future_decode_all120_v1_shard0/decoded/task07_state010/b0/decoded_video.mp4
task07_state010,7,10,b1,1,211,189ee5143fda6ce8421a64f684be78d62822e17c5e3df5de5d2bd096a11be1fb,0e676a25d085fa2f79056813d5ce3d644fa3be01fab67be80ce2d17ffdc39947,b42728eca5cd756a367210e49b79802f28ac8752bd39074c84785d2485135e79,b14098faaf4bb19f6b05c8b30c5cd1c7517ccc3ec4d9ac3c80a90d5367b65cff,24c74677dd0dda261bdf152e00b241d65f2259d77aa857c04d5738cfed26b936,/lambda/nfs/imagined-future/results/deadline_2026_09_04/lingbot_native_future_decode_all120_v1_shard1/decoded/task07_state010/b1/decoded_frames.npz,/lambda/nfs/imagined-future/results/deadline_2026_09_04/lingbot_native_future_decode_all120_v1_shard1/decoded/task07_state010/b1/decoded_video.mp4
task07_state010,7,10,b2,2,307,ae97c7dd164057ed06cce6a9e96adb367a4e858a0480fe2cef6a085e3db6561e,0f156e9708a7d33f688790bd3142dc7c14791cabb27ef2447890a43866b701c6,4da9ee2401d813c5ea836436119c7076d243b03d5d78b71fdc7db9dc8386c122,fefba2ee865c02493b631dff1c3e8024c85f5d4733604e396a7708029ddb188c,1884d8fe6cc01ec356208560dc9bf25f740745fe7c78bd47a84488eaa4a2de6e,/lambda/nfs/imagined-future/results/deadline_2026_09_04/lingbot_native_future_decode_all120_v1_shard0/decoded/task07_state010/b2/decoded_frames.npz,/lambda/nfs/imagined-future/results/deadline_2026_09_04/lingbot_native_future_decode_all120_v1_shard0/decoded/task07_state010/b2/decoded_video.mp4
task07_state010,7,10,b3,3,401,2b30f280c5ade259fcbc65d293ce1784f7d67b2aefc0e01ed84c207a62789c45,234a76da922395aadc5ff487a9ebe8b9321c6d4bce2e53a918100f5614e4ee95,cef62573f6c0d4b26165a7f7daffb2ac1799f119fb472b2f16eb344e9acc664f,7f3d83bb3771e0c80293ce6290e62cc8ff04bae6868f2e36aeb3e52078c8dbc2,6e2d7d9fd0b20ca8393a73a79d4fdda640ce9b395295cb77dbee910b5fa7dad6,/lambda/nfs/imagined-future/results/deadline_2026_09_04/lingbot_native_future_decode_all120_v1_shard1/decoded/task07_state010/b3/decoded_frames.npz,/lambda/nfs/imagined-future/results/deadline_2026_09_04/lingbot_native_future_decode_all120_v1_shard1/decoded/task07_state010/b3/decoded_video.mp4
task07_state020,7,20,b0,0,101,31e55308bcf77ab385c1be37b2edd8003edc32965f5403a8623a871ff975463f,60c2da5f6449b2b733a9c3ce666ff05b390c0a8e062f60df3695fa589476f9ec,3aaefe85578f806ecaba7b3fefefaf373d6a14f5bcfef8ccc4c952af2604644c,5bc7cfcb6404931e05527235b235d79826fb46f4b1b26a59bee9c69fbe61a581,7127597499f54b3d6eb3ff0994f390a51df659e35ba5b6e66260a5deebc53f37,/lambda/nfs/imagined-future/results/deadline_2026_09_04/lingbot_native_future_decode_all120_v1_shard0/decoded/task07_state020/b0/decoded_frames.npz,/lambda/nfs/imagined-future/results/deadline_2026_09_04/lingbot_native_future_decode_all120_v1_shard0/decoded/task07_state020/b0/decoded_video.mp4
task07_state020,7,20,b1,1,211,b10393c8c3426c77ba8b4129af7bb7501742311a13eb14ebe5e07859e59e79e0,27b1e27449e7ad2642dd61e97cb181e454f582568684d047eab4c8a4c9ea1d28,f3399a918eef70c32d84481b3a3b5d36a4ab074afe0108a843d0761046bf7d18,c976b4814a7756cec3d5137f8a0a342b5f70f693697cc1a15c97e5f710d110e2,fb62503384eb5ebe3432e4da2bbafadd05b33bfa0689b9f2526b99e87d7d650f,/lambda/nfs/imagined-future/results/deadline_2026_09_04/lingbot_native_future_decode_all120_v1_shard1/decoded/task07_state020/b1/decoded_frames.npz,/lambda/nfs/imagined-future/results/deadline_2026_09_04/lingbot_native_future_decode_all120_v1_shard1/decoded/task07_state020/b1/decoded_video.mp4
task07_state020,7,20,b2,2,307,c9f03a719a7585162b27c08ea98e9e8c2bee9db1f6e6e2fe8ffeaba01441a573,71af3089a92b014c3fd4b3a5cdc972b26fc2983e4c91234eb76f5de8c0d63e79,ea1be59b794169a346eef8843b9eb5017f973a4e79134c25cdcd92db7e1926f8,deb87949faa0ab1d84d08fbdf69f348b8a1b8085d74d41a1bc33b19ab68ab124,eae43e8d6191045f8329f2e50612c387b738eb9a928fd43054a230805c0c81c4,/lambda/nfs/imagined-future/results/deadline_2026_09_04/lingbot_native_future_decode_all120_v1_shard0/decoded/task07_state020/b2/decoded_frames.npz,/lambda/nfs/imagined-future/results/deadline_2026_09_04/lingbot_native_future_decode_all120_v1_shard0/decoded/task07_state020/b2/decoded_video.mp4
task07_state020,7,20,b3,3,401,bef7d1d20a7d094cba4d44316dce838ff2dc69ea75cf7df019d0312d762869c6,004b018022fdf61a82ca843d81af352e4691864a3bea6a75f0be47d52f975c94,ef9e1ade54c74137fdb67b544d5b80da7044cbd45386dfa02d051af9c27f4d25,80fb698835b67dec5bbdf5fac78fea02fc5b8f69a9828cae9fb779719c091998,cc9fc14f793eace4093ac24e38e5e9283e45600f1c9fa3eca2a3747dc4cca38e,/lambda/nfs/imagined-future/results/deadline_2026_09_04/lingbot_native_future_decode_all120_v1_shard1/decoded/task07_state020/b3/decoded_frames.npz,/lambda/nfs/imagined-future/results/deadline_2026_09_04/lingbot_native_future_decode_all120_v1_shard1/decoded/task07_state020/b3/decoded_video.mp4
task07_state030,7,30,b0,0,101,4f23fbf8ba4d3e383689f7d8aef61495915787b1cbbecb1aaeefea78c20f0120,14c445c302344be5881afdfb18348fd12eeb298aad7dc228e90fdf2dfb6e1e7d,a7fc183a5efb502f7bc1f7fd225c2c1bee9e07b68de2bff49d938998abaed27f,c2db4b37ba86a773351fb4cbeb22b7e226123a18fcf77da97678e5a14d38b128,5fedfd1a8eec69f151df7f8a430e9a82dd61a1dd9bfc6f1900012215992fb657,/lambda/nfs/imagined-future/results/deadline_2026_09_04/lingbot_native_future_decode_all120_v1_shard0/decoded/task07_state030/b0/decoded_frames.npz,/lambda/nfs/imagined-future/results/deadline_2026_09_04/lingbot_native_future_decode_all120_v1_shard0/decoded/task07_state030/b0/decoded_video.mp4
task07_state030,7,30,b1,1,211,78a5ecc6a9c946eefd57bfbbda00bacf6db8f6c1010d582b668cbdf178d62918,9ead88db57429f42bc6f0b80c8b3fdc9717386f250075405dd14f7f228ca9dd8,72aa0339bc13188460d2952e672dee393c1416b929441dc10f73bd81f2ca98bf,913ddc15150afd8b8bbd133c47d7e2cd602da6376abcd779155520133896c625,71c6d2945356291cc514f204780d0a6cf4509c66e7e7852f9f7e60935b2685be,/lambda/nfs/imagined-future/results/deadline_2026_09_04/lingbot_native_future_decode_all120_v1_shard1/decoded/task07_state030/b1/decoded_frames.npz,/lambda/nfs/imagined-future/results/deadline_2026_09_04/lingbot_native_future_decode_all120_v1_shard1/decoded/task07_state030/b1/decoded_video.mp4
task07_state030,7,30,b2,2,307,f4a84cc15fb7c3d69f016c2738401d006b15bc8c32ded33e67ffb1c3c0dc5015,def2a4a140077079337a8ad62a403011e77bc7f678342866f2405f5fb4e84be2,72f21b6b99d62cfee1d8e82097887ac71ac7b53afa11c255b555eb63f71d7d68,75cbd3fdb76aa0c2a73e5a3b603a7b44a175f521e9bd77f9761df8a30067f475,9a828a75e71af857225a1fdcb6e0be8c8c2a36d8b3c214f33de8e9981967dada,/lambda/nfs/imagined-future/results/deadline_2026_09_04/lingbot_native_future_decode_all120_v1_shard0/decoded/task07_state030/b2/decoded_frames.npz,/lambda/nfs/imagined-future/results/deadline_2026_09_04/lingbot_native_future_decode_all120_v1_shard0/decoded/task07_state030/b2/decoded_video.mp4
task07_state030,7,30,b3,3,401,6fb70a52b278b67d034270249ea29e76405df1dfe9ba588f5b27f499d9ecd37a,9dac5634d9b2b507d915058ce67a180ee2295e284cd64ccb4ccb32715ff2b47d,d04e9de27facab0a78bbfcd04ea8b86c25e8a879c80e1bb53feb9ef95fd70221,52561b7ad56ccd60bc41c951778fea4b0d6f0531991897af1ffad4e4912c9355,7469f449b2f1cb79899406a704bc256613debc244027f0f02d80e4599c25393d,/lambda/nfs/imagined-future/results/deadline_2026_09_04/lingbot_native_future_decode_all120_v1_shard1/decoded/task07_state030/b3/decoded_frames.npz,/lambda/nfs/imagined-future/results/deadline_2026_09_04/lingbot_native_future_decode_all120_v1_shard1/decoded/task07_state030/b3/decoded_video.mp4
task08_state010,8,10,b0,0,101,497766f93c4725b74f2152ef59b0669f8da15e852053e1bdd3d1d375a424a6d3,74df0eed0796164c8902f352b858a61418615ae7ca35e9529fc449dfd6050431,ba79a100fd979b83e7aa649fa60e546983680ac543ed736a7faf44efb0282ebb,b06ae6f8f41d263917cbf518cbdff8d021c2d66349a1dddc9ef5a3a4db5972e7,448db2cc6834ca3b3b619e3e6be3e0599244044784362f4694f53a9ba2528ba9,/lambda/nfs/imagined-future/results/deadline_2026_09_04/lingbot_native_future_decode_all120_v1_shard0/decoded/task08_state010/b0/decoded_frames.npz,/lambda/nfs/imagined-future/results/deadline_2026_09_04/lingbot_native_future_decode_all120_v1_shard0/decoded/task08_state010/b0/decoded_video.mp4
task08_state010,8,10,b1,1,211,51eae8b569b26dd1d58e1a45f5e8deb2e8b6673675993eb052282be210d6a8e0,c25d38ca6981965c902366d67cf5253069bc29ba5675db61687edbe8fbf52dce,ca6afafe80db3f2431a0531ffe8fff4dac4bfec43d6f228b32952afbef83f990,3d1679de76eeb9f8cd10be82609c060e510a2ff5291b8c298017acf934158fd9,42bef116235008fd9a0be1d70a375ea85d45673b30589c7a9718a1a02203fcb5,/lambda/nfs/imagined-future/results/deadline_2026_09_04/lingbot_native_future_decode_all120_v1_shard1/decoded/task08_state010/b1/decoded_frames.npz,/lambda/nfs/imagined-future/results/deadline_2026_09_04/lingbot_native_future_decode_all120_v1_shard1/decoded/task08_state010/b1/decoded_video.mp4
task08_state010,8,10,b2,2,307,0b6b4b2e871ffaf82201c20bbcdd7893aab7530921b41fbff412ab4dd3d131a0,756c81d3c44e05e7d350ba346d40489f1bd3ff30d2d64b88a6115bfa54e55789,ce5a7ad37ecd0d40b4bd7e5e0edb37ef801e6197ed18b70a5d5fd535a28f077a,3941c5f58df6f54569faf371a00ea8e6ae0b0acbeaf22b3cb69fe10ddb5bb894,faf4af8747ae28d4623feff0b2c3ab30e1386e355802e2d359e1ba89620d2930,/lambda/nfs/imagined-future/results/deadline_2026_09_04/lingbot_native_future_decode_all120_v1_shard0/decoded/task08_state010/b2/decoded_frames.npz,/lambda/nfs/imagined-future/results/deadline_2026_09_04/lingbot_native_future_decode_all120_v1_shard0/decoded/task08_state010/b2/decoded_video.mp4
task08_state010,8,10,b3,3,401,6c5a19dacd8c05bb98d5745ad1875d7c56057a1a6da3e15a565852c6994ecbca,92152174610215f83005a9fddca20c37d7623642862e88c6d4e4a1da7e34e1f6,7fb8d83cfe5707c42c0886b6cdd2986ba38e43e158aca1cd92fabbfad1eb2a73,1fdeba7ff88c7fc31349c499506e0124c83892462a3045d7ac135efd87339e97,3cc1eedde517ad3e4ae344827d9dfff2787d898960595c5cc3fc3fb61cdc936a,/lambda/nfs/imagined-future/results/deadline_2026_09_04/lingbot_native_future_decode_all120_v1_shard1/decoded/task08_state010/b3/decoded_frames.npz,/lambda/nfs/imagined-future/results/deadline_2026_09_04/lingbot_native_future_decode_all120_v1_shard1/decoded/task08_state010/b3/decoded_video.mp4
task08_state020,8,20,b0,0,101,355d43964f1abc7b7acfca99b94a6aad5c7e819874272f46afe5fd262a167a3d,47a526e86ef4321aa776d2526ce12da2ad21df0976bac2df996aa411d686abf4,3fa6b1d0c57a7c45ce167e93b23577bceac607c961c31286ddde31041d87287b,d0195208c16d98db200a762ba79485f69d77084e79bb025ff4c7a993ecd95dd3,44eecc6e4fb2a50b04e59eca2ec82a2eb79c4c854c6caeea3f8ee5cfe1d3b65c,/lambda/nfs/imagined-future/results/deadline_2026_09_04/lingbot_native_future_decode_all120_v1_shard0/decoded/task08_state020/b0/decoded_frames.npz,/lambda/nfs/imagined-future/results/deadline_2026_09_04/lingbot_native_future_decode_all120_v1_shard0/decoded/task08_state020/b0/decoded_video.mp4
task08_state020,8,20,b1,1,211,e6997004afb918e9df797b826d370c944bd4b4f18db868b3a2dd1cbf07f7a630,bd9ede325a7445a036b071ba3de326c91ab93948ac763360684c55902183a06b,df2619855ade2a9bb42ad7d6677a808eaf223b90e18ce2b87f427cdb86488d5d,cc9da5669575e8634d5c46f9e9f9c393a06a4d89f503736cc854c0da1bbdaee1,2364b5b9f49678aecb204e07da1b6ab0b397aca291a1faf6d3a373d5a6380e7f,/lambda/nfs/imagined-future/results/deadline_2026_09_04/lingbot_native_future_decode_all120_v1_shard1/decoded/task08_state020/b1/decoded_frames.npz,/lambda/nfs/imagined-future/results/deadline_2026_09_04/lingbot_native_future_decode_all120_v1_shard1/decoded/task08_state020/b1/decoded_video.mp4
task08_state020,8,20,b2,2,307,90e24d2598a7fd866bf2b442acf7716a3d4832c32be35ef7c6f3b5226ce11791,9afb835e6f2cd66f7b5a8678f38e3df6810d6db86c25689183d63817e1a72506,b40082687dcfeab011204efae3677da54213a5429a6512bc6035f0716dc530d0,60bf932e1a6f6b9b05d7cedfc8fc78543a1c9e20303f7d46bc104ce161ad6caa,a178fcb67b9c6ce863790ac2ec9647165688da9a409ee8000a065d01f045455c,/lambda/nfs/imagined-future/results/deadline_2026_09_04/lingbot_native_future_decode_all120_v1_shard0/decoded/task08_state020/b2/decoded_frames.npz,/lambda/nfs/imagined-future/results/deadline_2026_09_04/lingbot_native_future_decode_all120_v1_shard0/decoded/task08_state020/b2/decoded_video.mp4
task08_state020,8,20,b3,3,401,57c053910468b5a39e771e213cf0fd92f661c1a92769d5f994cd2c5fdcbfaa78,171c857e7430d8bd865830e8a22c68ca32b852e9cfe28d951ce01567133939b2,94d3884c7ffb61450b4df810cac2dc21ddb827fc7412325d5e81d203b353ef0f,e82492217a2b78e3c0a4de41f03361735e0f09ac9c580e24c397027fbc6d41b3,ff84cb56134d29d1bda2ee05d4ab11a99d7e225cf17ca9552d37cd8925582e75,/lambda/nfs/imagined-future/results/deadline_2026_09_04/lingbot_native_future_decode_all120_v1_shard1/decoded/task08_state020/b3/decoded_frames.npz,/lambda/nfs/imagined-future/results/deadline_2026_09_04/lingbot_native_future_decode_all120_v1_shard1/decoded/task08_state020/b3/decoded_video.mp4
task08_state030,8,30,b0,0,101,2ec4feca988f17fdcddd5d486c6729538367690c2d3d600e2462dc726ba50cde,a80e4aa32a3ac60db7c51d2de3b3bd9ebc64350f4ed9df58b29ac3896c91b944,6d2b8888837348f6d06e70321da0d1e1879c74a547e9a77fbca4f7ecb48e379b,4b1daae619f3222c1b2b9248c202c7e981a0b0ed4487c740b93c647c95f8a161,7dfa40100d826f866eca35ab4c61f1a1713f0130f90a544a97defa4be7ebc105,/lambda/nfs/imagined-future/results/deadline_2026_09_04/lingbot_native_future_decode_all120_v1_shard0/decoded/task08_state030/b0/decoded_frames.npz,/lambda/nfs/imagined-future/results/deadline_2026_09_04/lingbot_native_future_decode_all120_v1_shard0/decoded/task08_state030/b0/decoded_video.mp4
task08_state030,8,30,b1,1,211,39d933aea1fea54cafe4a70c6d9dc55334720a8b7cb0a9fd56f1f41e68a33634,22d43c5f42c97de8df832d705f710ffd964993f9425d024528e301686cfee012,ad9ddc1d6f4fb7cbf3a89b634263cac1b720d69a8e7a7323db2ab7f71dcac830,64db37873ba3a0f3b5bd89b285ba4764769d27618c9fc688c5ce2852e3bcaea5,54db9ce5abf1d33a10fcdeffa8863db2f4e09d3df1c7fdec165ed1f9a21fa084,/lambda/nfs/imagined-future/results/deadline_2026_09_04/lingbot_native_future_decode_all120_v1_shard1/decoded/task08_state030/b1/decoded_frames.npz,/lambda/nfs/imagined-future/results/deadline_2026_09_04/lingbot_native_future_decode_all120_v1_shard1/decoded/task08_state030/b1/decoded_video.mp4
task08_state030,8,30,b2,2,307,68b3321f99e374ecf998fad79dd184a1dc81314845fe1a55c9c0577144a317e5,c55465e45d5d2ef178101dc3a80105de31f228d3e12c810cc6f26dbe4b250e6d,776defa47c1237da895ebc7dd250b53338affe7befbb5e554d6c4d76192a4a06,d4c92a7e92c17dc6c992ef57936868cf013cbaad86affa0e281db450fe456af9,6c26d6b9e1b838067c518a948d9c9ecba867948a224fc97f12af08ee200a4daf,/lambda/nfs/imagined-future/results/deadline_2026_09_04/lingbot_native_future_decode_all120_v1_shard0/decoded/task08_state030/b2/decoded_frames.npz,/lambda/nfs/imagined-future/results/deadline_2026_09_04/lingbot_native_future_decode_all120_v1_shard0/decoded/task08_state030/b2/decoded_video.mp4
task08_state030,8,30,b3,3,401,09a9805443cb9317da86e0f2e6728a4ccbb6a9acc8d3267b9167472e86bf23c1,431303b76e8dac998d7c4886fe94fe53af6629b9a8763986edf98882f1c9e0e5,7f1213993701cf780f6e1197b154f03bb85c3184a472ff2a81470ee5aa421231,a917b800b6f495c5a4b5886eae3adfd04745a2bfb7592f0e6c4c1c280cd65964,7397c15d013768803e969d83b87743f334a8dec22dfa84ab55357550f95b549d,/lambda/nfs/imagined-future/results/deadline_2026_09_04/lingbot_native_future_decode_all120_v1_shard1/decoded/task08_state030/b3/decoded_frames.npz,/lambda/nfs/imagined-future/results/deadline_2026_09_04/lingbot_native_future_decode_all120_v1_shard1/decoded/task08_state030/b3/decoded_video.mp4
task09_state010,9,10,b0,0,101,5499af7b51842f2bd3c114b5d7e6c6306b1540eb295c70acb24f6cd223b8437d,85d96a8ce23ad2583b0447b467db991c56fb313b7c0bcada9fafb5b589e80045,545a2ff92a3fc84bd3ea0b069b80ea04046e0b6ee4d443ae07c0f02a863b6eda,7e3fbb9556e9f7567a829ab3de8cd4709dce832e860870d45942d4b15f35c80b,b0cd0c5d1ef0c2d9575c73beb6b6209cf19866de1e79788e08f43f142afb4beb,/lambda/nfs/imagined-future/results/deadline_2026_09_04/lingbot_native_future_decode_all120_v1_shard0/decoded/task09_state010/b0/decoded_frames.npz,/lambda/nfs/imagined-future/results/deadline_2026_09_04/lingbot_native_future_decode_all120_v1_shard0/decoded/task09_state010/b0/decoded_video.mp4
task09_state010,9,10,b1,1,211,53f619fc47b1c44d329398cdf6b077e96cd949c1dbc0075ce4b326459558089a,3706ef4e9039384d30ed3b7bbd38340a32a485d3f67cb1f2d3fef257919dd932,2bc4ea6082dd8d24b4fd2ffc71959a44366c096bf4f8946de82665d2dfff27f8,492fcc08fe775f8c7ab4648a6e285ca8c950ee5ec6dac71bac296c845c63b1e5,38e11ecea6ad6273146c2ff955cd6bc786ef7911d184e2a712f3d4c73df4a376,/lambda/nfs/imagined-future/results/deadline_2026_09_04/lingbot_native_future_decode_all120_v1_shard1/decoded/task09_state010/b1/decoded_frames.npz,/lambda/nfs/imagined-future/results/deadline_2026_09_04/lingbot_native_future_decode_all120_v1_shard1/decoded/task09_state010/b1/decoded_video.mp4
task09_state010,9,10,b2,2,307,bf25f3ac77e2a9e7b6d3c07f9263f405aeb10b33f4ddce9792836bccf3566eb5,5fcc8384af37ca5eda3b1f325dd659208030f17a6abf70d9c76289c4649e34f3,c7b2b496707e5add1d79e39049c40091967d036d9eac29253aefdf962064551d,21dbf79f363a3c7188625f39fe5482feb5aed08abdfc7edfd56aa3a8a63b1238,0826adbc91b2c2ab60dc84af4e80c9fecb574d0e2803e35aacef176696dc86a7,/lambda/nfs/imagined-future/results/deadline_2026_09_04/lingbot_native_future_decode_all120_v1_shard0/decoded/task09_state010/b2/decoded_frames.npz,/lambda/nfs/imagined-future/results/deadline_2026_09_04/lingbot_native_future_decode_all120_v1_shard0/decoded/task09_state010/b2/decoded_video.mp4
task09_state010,9,10,b3,3,401,e7ce3b3bf923ab2dc23c508eeb871c1f7051f8ecaa24816b8bd1544b75d6462a,a108bb01157c48216330c7c25014c89abf30311b23155d47d0b96c64a2e2e87a,497d1bc4534c2065814b2d2b9e9a2e92f37891d1db774f4f5cc90cf4ebc76a62,750fbca11ba6026c2525f5193fc52f9e7070949a989e97759f5311720c56a8ae,e43dbb4799a4e2e6e8f8093d9a7b722b6114046020c29a9c2e0bef662156240f,/lambda/nfs/imagined-future/results/deadline_2026_09_04/lingbot_native_future_decode_all120_v1_shard1/decoded/task09_state010/b3/decoded_frames.npz,/lambda/nfs/imagined-future/results/deadline_2026_09_04/lingbot_native_future_decode_all120_v1_shard1/decoded/task09_state010/b3/decoded_video.mp4
task09_state020,9,20,b0,0,101,0c6023f41bf32da32073889b8c2850af4b70851cffb72424800f790eecaf5e01,4225c6d6926bbc57ffff44ce0f8366b1d697e681f92c82b17a0a5340f35d6b34,0dd2ff2a647656c627849a47a3f41accf131f6295fe0cedc8feb7adaf3143d85,7ca37dde699a53dd0debbbcced88b6e23feaae8b98deae9cdf0866d7454c5b90,e2840d8a1b5382fc940dcbc154be70a8b40f7947eca0259b4209fc5817145840,/lambda/nfs/imagined-future/results/deadline_2026_09_04/lingbot_native_future_decode_all120_v1_shard0/decoded/task09_state020/b0/decoded_frames.npz,/lambda/nfs/imagined-future/results/deadline_2026_09_04/lingbot_native_future_decode_all120_v1_shard0/decoded/task09_state020/b0/decoded_video.mp4
task09_state020,9,20,b1,1,211,2691273ed54af8cca749d5d26ec7bc55fd78930ba572c9237b9a51a195a226b2,59c907c658ef06e3067e5b5239ba4697adb995200278185c33e5db54ba4665c8,8c52648cc6bf4cab7cdb9a1603e83ae6ca31b6a7238e135f3c86110e45fe164f,61ed9aa949e8248bf0cec50df3c0b95d45f8b22fd885f1be722ef9e04f3ff4b4,0d39e7c3e59ea8e6f13664284af3c3887f1775743bd20f307e50db75e3f50770,/lambda/nfs/imagined-future/results/deadline_2026_09_04/lingbot_native_future_decode_all120_v1_shard1/decoded/task09_state020/b1/decoded_frames.npz,/lambda/nfs/imagined-future/results/deadline_2026_09_04/lingbot_native_future_decode_all120_v1_shard1/decoded/task09_state020/b1/decoded_video.mp4
task09_state020,9,20,b2,2,307,7bc3f4a87dee27bb369725f5cd15933bc8755f3996e1d7dbfd65c61f888ba924,ab21a0a43da0e6145f578da4ba47a779f3e1439bbf963b631a9df878eae0bfd8,2534c85ede57f001f70918e74211e58a97f60fcd7c0d50fba5fad5c9d37dbcf8,14bbd57544b6d9189232e19f50bdf323102b2e9769ff40db1a6029c803ecbced,e1da04a31e6676acaed2dca2d320bc34a6bb7b82b94a7af825783237b33357ea,/lambda/nfs/imagined-future/results/deadline_2026_09_04/lingbot_native_future_decode_all120_v1_shard0/decoded/task09_state020/b2/decoded_frames.npz,/lambda/nfs/imagined-future/results/deadline_2026_09_04/lingbot_native_future_decode_all120_v1_shard0/decoded/task09_state020/b2/decoded_video.mp4
task09_state020,9,20,b3,3,401,c57f3fc8615f0e5d7413880d9179c4128fe716670a52550dcf672cac3d7b96b1,e6e4dc7edc4df70948137940db6b22e90802f8a51a18fa48fe53e1d560fea239,c0cc0f4d17894c5069d20c7d2e7cf5caf854f24cb60d4c4411971fc6355d44ca,b79248cda48d35437a432cfa25f53b32f8dca9b51ce40f7f7e0feb810329a62e,7522ccd1bd5e9f5f32121b3d23d5e344c7b8f21ac28844fb9a798239805d952b,/lambda/nfs/imagined-future/results/deadline_2026_09_04/lingbot_native_future_decode_all120_v1_shard1/decoded/task09_state020/b3/decoded_frames.npz,/lambda/nfs/imagined-future/results/deadline_2026_09_04/lingbot_native_future_decode_all120_v1_shard1/decoded/task09_state020/b3/decoded_video.mp4
task09_state030,9,30,b0,0,101,f44bbbec7d5297164ecc88635cb24c5dadfcc93ac005d8e75a7c3b8fe3a412ce,a5288f06f5845dd2e6227769af0cce3fc99ac81db198b12751f4937cb0321c86,d59da27722a9a35ce5329b1b94d12cf347785c8ff714c9356a80b0cbb4d8190b,e19f07897571d1adb5ee6cb21c7445a811874c3fabc0ec80d2d6fc1c4770a176,2e7c7a55633cb8f72549e3a1518c4aed96274ff81ffd5f8192f7d78480950522,/lambda/nfs/imagined-future/results/deadline_2026_09_04/lingbot_native_future_decode_all120_v1_shard0/decoded/task09_state030/b0/decoded_frames.npz,/lambda/nfs/imagined-future/results/deadline_2026_09_04/lingbot_native_future_decode_all120_v1_shard0/decoded/task09_state030/b0/decoded_video.mp4
task09_state030,9,30,b1,1,211,d5b3703aaed2221c709bc5fd285d258e70883eaa290d256edc620bddb8e9d4ba,3c863dba1cbf01637e4196043165704afaea54255a0b97599909ee34eeddb96e,ab1be64c7fcaeda81170a2a79b8c7d9904333f9c7a7837915d1819d47fd14f60,3ed8a3e7f005d35ddae7641ef291769580d355aca74d81b27e00cc92980756e3,813cb9f7d67b8555e42912cf2e0643aab2f2bd94c9d5fd4665122fa1c1cac7dd,/lambda/nfs/imagined-future/results/deadline_2026_09_04/lingbot_native_future_decode_all120_v1_shard1/decoded/task09_state030/b1/decoded_frames.npz,/lambda/nfs/imagined-future/results/deadline_2026_09_04/lingbot_native_future_decode_all120_v1_shard1/decoded/task09_state030/b1/decoded_video.mp4
task09_state030,9,30,b2,2,307,5758ebe3e5510fb1de59a5040d65deeb461a95bc90df503ace35ab99cd1bef25,d1897bb8e78a648559517b2d61dc55c1c90fe48c679a0d37c4a8a0b422c092c4,d569bc386bd0abe72cd608ed7504e5895f6ddf2304bf6b5407f2cee5565d24c8,0a6534294b68ec9261452a9de24a69a0ca1d2cb6fc9094e10824e4ce2bf1c990,4242ccf671936b38b6a6f673409cc65a2705d09f7c6c24ddf92dcc71219e600c,/lambda/nfs/imagined-future/results/deadline_2026_09_04/lingbot_native_future_decode_all120_v1_shard0/decoded/task09_state030/b2/decoded_frames.npz,/lambda/nfs/imagined-future/results/deadline_2026_09_04/lingbot_native_future_decode_all120_v1_shard0/decoded/task09_state030/b2/decoded_video.mp4
task09_state030,9,30,b3,3,401,65536b93a378859c516d57d134450712b709fb40520230fd8cd79e451f5b0acb,feb41b4b9d1ff1872e388c9b46a4413208ed8c90708bc48aa3b7664b68b1a5ec,0503e64aa9cedd946af770ac3353d4d0532016e5fdb8d0b8ed0db1c431dc931a,6da5cc960130911bb177b131bccfc4bf40060ae19ccb90945bd9623325fd2879,4563230ea4f81b683418f5522aa1986920299dfb244e663fe392635e3669b54b,/lambda/nfs/imagined-future/results/deadline_2026_09_04/lingbot_native_future_decode_all120_v1_shard1/decoded/task09_state030/b3/decoded_frames.npz,/lambda/nfs/imagined-future/results/deadline_2026_09_04/lingbot_native_future_decode_all120_v1_shard1/decoded/task09_state030/b3/decoded_video.mp4
