correct_source_tie_fraction,correct_source_top1,cosine_alignment,distance_reduction,distance_to_donor_l2,future_source_index,future_source_seed,native_separation_l2,nearest_native_seed,nearest_tie_count,normalized_final_distance,normalized_projection,orthogonal_residual,recipient_index,recipient_seed,separation_quartile,separation_quartile_label,state_id,task_family
1.0,1,0.9986703769140373,0.9484270340699263,0.040245702897963434,1,223,0.7803643279413378,223,1,0.05157296593007365,0.9958304211755419,0.05140413823079975,0,211,1,Q1 (smallest),droid_episode_006011_frame_000178,use
1.0,1,0.9973202798346716,0.9268362607226671,0.03772207962461428,2,227,0.5155843590993315,227,1,0.07316373927733291,0.9938293819714108,0.07290306041715121,0,211,1,Q1 (smallest),droid_episode_006011_frame_000178,use
1.0,1,0.9967964926821229,0.9192518340447334,0.048636118259159145,3,229,0.6023185503198044,229,1,0.08074816595526657,1.0046813360722808,0.08061235263728278,0,211,1,Q1 (smallest),droid_episode_006011_frame_000178,use
1.0,1,0.9986673798162006,0.9482763148447811,0.04036331880480175,0,211,0.7803643279413378,211,1,0.0517236851552189,1.0007779721340333,0.05171783411353263,1,223,1,Q1 (smallest),droid_episode_006011_frame_000178,use
1.0,1,0.9971962923908024,0.924660864264838,0.0332692547202895,2,227,0.4415932621956288,227,1,0.0753391357351621,0.9856824783566399,0.07396616758568134,1,223,1,Q1 (smallest),droid_episode_006011_frame_000178,use
1.0,1,0.9988371631967375,0.9517861980878204,0.04334477288586733,3,229,0.899011717947878,229,1,0.048213801912179666,0.9981743752157543,0.04817922569919578,1,223,2,Q2,droid_episode_006011_frame_000178,use
1.0,1,0.9972486404960834,0.9258638812271266,0.038223423283623846,0,211,0.5155843590993315,211,1,0.07413611877287339,0.993500112205629,0.07385063009457792,2,227,1,Q1 (smallest),droid_episode_006011_frame_000178,use
1.0,1,0.9973384711969686,0.9262690459427436,0.03255909252693989,1,223,0.4415932621956288,223,1,0.07373095405725642,0.9837460047419823,0.07191704404621753,2,227,1,Q1 (smallest),droid_episode_006011_frame_000178,use
1.0,1,0.9990550029314266,0.9565274514941831,0.03648452928210335,3,229,0.8392544384008558,229,1,0.04347254850581693,0.9989826314245198,0.04346064236492866,2,227,2,Q2,droid_episode_006011_frame_000178,use
1.0,1,0.9965872000371753,0.916191753031074,0.05047926181916766,0,211,0.6023185503198044,211,1,0.08380824696892601,1.0076234811507538,0.08346079795418085,3,229,1,Q1 (smallest),droid_episode_006011_frame_000178,use
1.0,1,0.9987865226066291,0.9507037617225088,0.0443178958622153,1,223,0.899011717947878,223,1,0.049296238277491196,0.9954237963827994,0.04908337263030229,3,229,2,Q2,droid_episode_006011_frame_000178,use
1.0,1,0.9988133185271536,0.9512854149697397,0.040883931701501786,2,227,0.8392544384008558,227,1,0.04871458503026023,0.9965541180028852,0.048592557989186096,3,229,2,Q2,droid_episode_006011_frame_000178,use
1.0,1,0.9975372047334675,0.9224367565633469,0.04821950298845675,1,223,0.6216798170365092,223,1,0.07756324343665315,0.9620481097098668,0.06764400014649644,0,211,1,Q1 (smallest),droid_episode_006474_frame_000068,put
1.0,1,0.9961555387392059,0.9116195835620853,0.036189343026028414,2,227,0.40947242030083236,227,1,0.08838041643791474,0.980668055016956,0.08624021053378632,0,211,1,Q1 (smallest),droid_episode_006474_frame_000068,put
1.0,1,0.9977738536007381,0.9311954218696582,0.055177704432434235,3,229,0.8019481542043163,229,1,0.06880457813034176,0.9786571693554901,0.06541065319788568,0,211,1,Q1 (smallest),droid_episode_006474_frame_000068,put
1.0,1,0.9969998968374427,0.9176255108995709,0.05121055731243069,0,211,0.6216798170365092,211,1,0.0823744891004291,0.9659091211695898,0.07498912211199038,1,223,1,Q1 (smallest),droid_episode_006474_frame_000068,put
1.0,1,0.9973229574336583,0.9240880541292614,0.042562647660049364,2,227,0.5606844505412132,227,1,0.07591194587073856,0.9743188194611978,0.07143598877327442,1,223,1,Q1 (smallest),droid_episode_006474_frame_000068,put
1.0,1,0.997987688775649,0.9359643717958446,0.046786291080412656,3,229,0.7306290637338765,229,1,0.06403562820415537,0.9870537881950854,0.0627132942796271,1,223,1,Q1 (smallest),droid_episode_006474_frame_000068,put
1.0,1,0.9960924395967079,0.9099747016526573,0.03686287680259096,0,211,0.40947242030083236,211,1,0.09002529834734276,0.9748126259884744,0.08643003258666282,2,227,1,Q1 (smallest),droid_episode_006474_frame_000068,put
1.0,1,0.9977040239574693,0.9314468134576638,0.0384367057293391,1,223,0.5606844505412132,223,1,0.06855318654233626,0.9848142081968181,0.06685006441596572,2,227,1,Q1 (smallest),droid_episode_006474_frame_000068,put
1.0,1,0.9969315040016032,0.9197549817979842,0.04397841295141266,3,229,0.5480516290830367,229,1,0.08024501820201574,0.9762719482908562,0.07665665338592621,2,227,1,Q1 (smallest),droid_episode_006474_frame_000068,put
1.0,1,0.9986294278813455,0.9452807074434647,0.04388203566507949,0,211,0.8019481542043163,211,1,0.05471929255653533,0.981315927138001,0.051430597888564494,3,229,1,Q1 (smallest),droid_episode_006474_frame_000068,put
1.0,1,0.9984795603032277,0.9447527746666964,0.040365228519166095,1,223,0.7306290637338765,223,1,0.055247225333303576,0.9932672940566194,0.054835450009175536,3,229,1,Q1 (smallest),droid_episode_006474_frame_000068,put
1.0,1,0.9984832313851728,0.9412447436786362,0.03220091394411482,2,227,0.5480516290830367,227,1,0.058755256321363795,0.976482975029964,0.053843566764729275,3,229,1,Q1 (smallest),droid_episode_006474_frame_000068,put
1.0,1,0.9891457997955257,0.8475871205098976,0.19874441612799934,1,223,1.303987017323596,223,1,0.15241287949010243,0.9383630653977098,0.1393935942835878,0,211,3,Q3,droid_episode_007416_frame_000134,take
1.0,1,0.9907906742898259,0.8640566624900856,0.17665736566953255,2,227,1.2994926335146715,227,1,0.13594333750991444,0.9696636289141182,0.13251526554580112,0,211,3,Q3,droid_episode_007416_frame_000134,take
1.0,1,0.9981076487535819,0.9380610521919729,0.07153932260603248,3,229,1.1549973827091902,229,1,0.06193894780802714,1.0036419920991282,0.06183178106051449,0,211,2,Q2,droid_episode_007416_frame_000134,take
1.0,1,0.9980849144622185,0.933711349919336,0.08643953910109257,0,211,1.303987017323596,211,1,0.06628865008066398,0.9723930555454212,0.06026642305130204,1,223,3,Q3,droid_episode_007416_frame_000134,take
1.0,1,0.9784353916220836,0.7910882069560092,0.13596261139085905,2,227,0.6508134816603163,227,1,0.20891179304399074,0.9879649514191294,0.20856484573990725,1,223,1,Q1 (smallest),droid_episode_007416_frame_000134,take
1.0,1,0.9966618846594629,0.9144980286536776,0.09627403394917837,3,229,1.1259861314685267,229,1,0.0855019713463224,0.9680130418111595,0.0792932633325978,1,223,2,Q2,droid_episode_007416_frame_000134,take
1.0,1,0.9987851891946489,0.9499101738933488,0.06509136003962417,0,211,1.2994926335146715,211,1,0.05008982610665124,0.9885914014411895,0.048773297595287375,2,227,3,Q3,droid_episode_007416_frame_000134,take
1.0,1,0.9731296728785843,0.7654706182135033,0.15263488351211152,1,223,0.6508134816603163,223,1,0.23452938178649677,0.9903418078745163,0.23433042962027703,2,227,1,Q1 (smallest),droid_episode_007416_frame_000134,take
1.0,1,0.9977267025351624,0.9323333798783022,0.07009137241790521,3,229,1.0358338024249842,229,1,0.06766662012169783,1.0015556897601665,0.06764873471148056,2,227,2,Q2,droid_episode_007416_frame_000134,take
1.0,1,0.9984718309225723,0.9442138030269855,0.06443291149513111,0,211,1.1549973827091902,211,1,0.05578619697301451,1.0045564827040303,0.055599804298934796,3,229,2,Q2,droid_episode_007416_frame_000134,take
1.0,1,0.9902270281602625,0.8548459615218539,0.1634414342530414,1,223,1.1259861314685267,223,1,0.1451540384781461,0.9407027752644369,0.1324897506419845,3,229,2,Q2,droid_episode_007416_frame_000134,take
1.0,1,0.9948773997585451,0.8976646075263361,0.10600245870864834,2,227,1.0358338024249842,227,1,0.10233539247366386,1.0056234472426495,0.10218076821911232,3,229,2,Q2,droid_episode_007416_frame_000134,take
1.0,1,0.9940878801273536,0.8852618066844571,0.1282795994930283,1,223,1.118020040112058,223,1,0.11473819331554289,0.951341356564456,0.10390952518574745,0,211,2,Q2,droid_episode_010336_frame_000067,take
1.0,1,0.9997923206573767,0.9795158460269026,0.03562266132091464,2,227,1.7390350300871131,227,1,0.020484153973097486,0.9975150879086022,0.020332874265376034,0,211,3,Q3,droid_episode_010336_frame_000067,take
1.0,1,0.9994395403879535,0.9644148211323283,0.05105143251025779,3,229,1.4346262723618606,229,1,0.03558517886767162,0.9868155408658831,0.03305260946407999,0,211,3,Q3,droid_episode_010336_frame_000067,take
1.0,1,0.9989328744841243,0.9504762822242999,0.055368508934086486,0,211,1.118020040112058,211,1,0.049523717775700124,0.9800117806911769,0.04531081229893805,1,223,2,Q2,droid_episode_010336_frame_000067,take
1.0,1,0.9981064527202886,0.9318068145816518,0.05190461771447244,2,227,0.7611408294839217,227,1,0.06819318541834822,1.0256022349216936,0.0632047158407949,1,223,1,Q1 (smallest),droid_episode_010336_frame_000067,take
1.0,1,0.9981354997086951,0.9388702097025502,0.03845775734803588,3,229,0.6291164612360894,229,1,0.06112979029744984,0.9996337675749973,0.06112869322683964,1,223,1,Q1 (smallest),droid_episode_010336_frame_000067,take
1.0,1,0.9996323247546943,0.9727334449408117,0.047417494397727473,0,211,1.7390350300871131,211,1,0.027266555059188312,0.9963936082891186,0.027027004340537515,2,227,3,Q3,droid_episode_010336_frame_000067,take
1.0,1,0.9970968027939517,0.9207023002467976,0.06035671696631949,1,223,0.7611408294839217,223,1,0.07929769975320246,1.016277300867836,0.07760911455883895,2,227,1,Q1 (smallest),droid_episode_010336_frame_000067,take
1.0,1,0.9987174424129467,0.9457062844846987,0.04424275487019901,3,229,0.8148780102870353,229,1,0.05429371551530124,0.9778571506521025,0.049573196056062224,2,227,1,Q1 (smallest),droid_episode_010336_frame_000067,take
1.0,1,0.9996309649391897,0.9716292782270012,0.0407013828214128,0,211,1.4346262723618606,211,1,0.02837072177299884,0.9910819374459742,0.026932619891191324,3,229,3,Q3,droid_episode_010336_frame_000067,take
1.0,1,0.9964753945865833,0.91585372969563,0.052937803800100706,1,223,0.6291164612360894,223,1,0.08414627030437002,0.9995585560787719,0.0841451123559801,3,229,1,Q1 (smallest),droid_episode_010336_frame_000067,take
1.0,1,0.9992001814496168,0.9558134070821002,0.03600668291830142,2,227,0.8148780102870353,227,1,0.04418659291789983,0.9796155714226642,0.03920369963750477,3,229,1,Q1 (smallest),droid_episode_010336_frame_000067,take
1.0,1,0.9891810114295113,0.8532388454039643,0.1573342979703457,1,223,1.0720432011005432,223,1,0.14676115459603561,0.9742928538309719,0.14449214211923667,0,211,2,Q2,droid_episode_011256_frame_000212,remove
1.0,1,0.994810344973677,0.8892385732199032,0.11465165652431052,2,227,1.0351226041168395,227,1,0.11076142678009686,1.0331893715403282,0.10567194177794213,0,211,2,Q2,droid_episode_011256_frame_000212,remove
1.0,1,0.9982747125933968,0.9411055228867702,0.1231067984950999,3,229,2.090294447447358,229,1,0.05889447711322987,0.9919819563170321,0.058346125920567996,0,211,3,Q3,droid_episode_011256_frame_000212,remove
1.0,1,0.9932001537646687,0.8831074977180146,0.12531381233103223,0,211,1.0720432011005432,211,1,0.11689250228198544,0.9760107324722224,0.11440442357367432,1,223,2,Q2,droid_episode_011256_frame_000212,remove
1.0,1,0.9926768782559154,0.8786365715397279,0.17229130583233754,2,227,1.4196311691106887,227,1,0.12136342846027212,0.9970037198198917,0.12132643600103762,1,223,3,Q3,droid_episode_011256_frame_000212,remove
1.0,1,0.9993895036046844,0.9650495272094917,0.09554519376936736,3,229,2.7337310811805406,229,1,0.034950472790508315,0.9978231654705253,0.03488261658349827,1,223,4,Q4 (largest),droid_episode_011256_frame_000212,remove
1.0,1,0.994429034401284,0.8857043234802363,0.11831003831843367,0,211,1.0351226041168395,211,1,0.11429567651976366,1.0328312360497203,0.10947881809079783,2,227,2,Q2,droid_episode_011256_frame_000212,remove
1.0,1,0.9905725117148487,0.8625075700352476,0.195188539094731,1,223,1.4196311691106887,223,1,0.13749242996475244,0.992873413034739,0.13730761106303951,2,227,3,Q3,droid_episode_011256_frame_000212,remove
1.0,1,0.9986646356354556,0.9482218822710099,0.09138616442605095,3,229,1.7649572528760473,229,1,0.05177811772899011,0.9938675529854126,0.051413680758825644,2,227,3,Q3,droid_episode_011256_frame_000212,remove
1.0,1,0.9988780966513822,0.9515920323811737,0.10118690592584395,0,211,2.090294447447358,211,1,0.04840796761882622,0.9877296263090154,0.046827014195535886,3,229,3,Q3,droid_episode_011256_frame_000212,remove
1.0,1,0.9978908062490538,0.9339594862802076,0.18053700497292638,1,223,2.7337310811805406,223,1,0.06604051371979239,0.9836703907936517,0.06398979071337892,3,229,4,Q4 (largest),droid_episode_011256_frame_000212,remove
1.0,1,0.996433512641719,0.9121258421423564,0.15509413225122282,2,227,1.7649572528760473,227,1,0.08787415785764362,0.9684394280412247,0.08201096217473028,3,229,3,Q3,droid_episode_011256_frame_000212,remove
1.0,1,0.9991615491777587,0.9586597187517624,0.08455735295601563,1,223,2.045398589532343,223,1,0.04134028124823764,1.0040478904349877,0.04114162656859503,0,211,3,Q3,droid_episode_011699_frame_000330,pick
1.0,1,0.9989759252027981,0.9530904302383247,0.08799020321288706,2,227,1.8757409982637359,227,1,0.046909569761675235,1.0103259679002772,0.04575895674234631,0,211,3,Q3,droid_episode_011699_frame_000330,pick
1.0,1,0.9848394827174962,0.8264341199045375,0.2916171678869522,3,229,1.6801526182828137,229,1,0.17356588009546248,0.9641728921808156,0.16982795140560633,0,211,3,Q3,droid_episode_011699_frame_000330,pick
1.0,1,0.9976220626838119,0.9310374338035429,0.14105593562876428,0,211,2.045398589532343,211,1,0.06896256619645715,0.9976138474422765,0.06892127256785095,1,223,3,Q3,droid_episode_011699_frame_000330,pick
1.0,1,0.9994692539945984,0.9674237730950881,0.0628573285043437,2,227,1.9295460056752596,227,1,0.03257622690491191,0.9989542694967645,0.032559438064483075,1,223,3,Q3,droid_episode_011699_frame_000330,pick
1.0,1,0.9984237452385,0.9437228572576288,0.14583918856178033,3,229,2.5914462151963105,229,1,0.05627714274237119,0.9927222624255286,0.0558045816312814,1,223,4,Q4 (largest),droid_episode_011699_frame_000330,pick
1.0,1,0.9981933462239826,0.9366850996030601,0.11876235447552497,0,211,1.8757409982637359,211,1,0.06331490039693985,1.0163221819713413,0.06117485584755256,2,227,3,Q3,droid_episode_011699_frame_000330,pick
1.0,1,0.9995076578303774,0.9665880873268988,0.06446982264035293,1,223,1.9295460056752596,223,1,0.03341191267310116,0.9875358320893424,0.03100000688338425,2,227,3,Q3,droid_episode_011699_frame_000330,pick
1.0,1,0.9918387940671436,0.8724242857631301,0.19526188975358666,3,229,1.5305569004383064,229,1,0.12757571423686986,0.9793356647104158,0.12589101679662104,2,227,3,Q3,droid_episode_011699_frame_000330,pick
1.0,1,0.9957735590363013,0.9068468298432982,0.1565115427401269,0,211,1.6801526182828137,211,1,0.09315317015670176,1.0070713842194603,0.09288438316242509,3,229,3,Q3,droid_episode_011699_frame_000330,pick
1.0,1,0.9995868160911507,0.9712541988402229,0.07449319761828997,1,223,2.5914462151963105,223,1,0.028745801159777058,0.9988218297175704,0.02872164687309973,3,229,4,Q4 (largest),droid_episode_011699_frame_000330,pick
1.0,1,0.9983488805513473,0.9385182324705661,0.09410134354331891,2,227,1.5305569004383064,227,1,0.061481767529433934,1.0185844914380273,0.05860566880885538,3,229,3,Q3,droid_episode_011699_frame_000330,pick
1.0,1,0.9995926478544898,0.9713856356569452,0.15536677401625723,1,223,5.429677631611186,223,1,0.028614364343054775,0.997126327112929,0.0284697005761423,0,211,4,Q4 (largest),droid_episode_012839_frame_000207,move
1.0,1,0.9997189667081495,0.9762928515957143,0.1403410784517506,2,227,5.919778965334376,227,1,0.023707148404285647,0.9992348910695892,0.023694798876281464,0,211,4,Q4 (largest),droid_episode_012839_frame_000207,move
1.0,1,0.9997133634925185,0.9756301909782273,0.12211725698213685,3,229,5.011005907885198,229,1,0.02436980902177267,0.9948787464698989,0.02382562389609345,0,211,4,Q4 (largest),droid_episode_012839_frame_000207,move
1.0,1,0.9979921728416982,0.9366609826229465,0.3439104458604194,0,211,5.429677631611186,211,1,0.06333901737705346,0.9964437235837683,0.06323910198873824,1,223,4,Q4 (largest),droid_episode_012839_frame_000207,move
1.0,1,0.9992920311988592,0.9619415095061585,0.10957567995446296,2,227,2.879138886819335,227,1,0.03805849049384147,1.0043261304226923,0.03781181421507938,1,223,4,Q4 (largest),droid_episode_012839_frame_000207,move
1.0,1,0.9993769483064869,0.9640617965350462,0.09545399853707406,3,229,2.6560592721380396,229,1,0.03593820346495384,0.9919880323728845,0.035033738639067245,1,223,4,Q4 (largest),droid_episode_012839_frame_000207,move
1.0,1,0.9998131549551891,0.9805220389509782,0.11530522410560139,0,211,5.919778965334376,211,1,0.01947796104902177,0.9972318417687265,0.019280255875735723,2,227,4,Q4 (largest),droid_episode_012839_frame_000207,move
1.0,1,0.9994022614084649,0.9634784840888021,0.10515051666552083,1,223,2.879138886819335,223,1,0.03652151591119786,1.0105749892073765,0.03495698396194599,2,227,4,Q4 (largest),droid_episode_012839_frame_000207,move
1.0,1,0.9996837050630584,0.974752710149109,0.09651056733137024,3,229,3.822610977311079,229,1,0.025247289850890926,0.997146543809724,0.02508552237018547,2,227,4,Q4 (largest),droid_episode_012839_frame_000207,move
1.0,1,0.9973580970652928,0.9273208622409423,0.3641955886906402,0,211,5.011005907885198,211,1,0.07267913775905768,0.9923989127236787,0.0722805681882609,3,229,4,Q4 (largest),droid_episode_012839_frame_000207,move
1.0,1,0.9986194383619814,0.9473192188114784,0.1399232773392481,1,223,2.6560592721380396,223,1,0.05268078118852163,0.9932403948406731,0.052245310265352,3,229,4,Q4 (largest),droid_episode_012839_frame_000207,move
1.0,1,0.9996224631654532,0.9725189135198606,0.10504950284741564,2,227,3.822610977311079,227,1,0.02748108648013932,0.9987170835554436,0.02745112455847999,3,229,4,Q4 (largest),droid_episode_012839_frame_000207,move
1.0,1,0.9969753231265144,0.9087643977122112,0.09383292772966428,1,223,1.0284683322819816,223,1,0.09123560228778879,1.0416036387039522,0.08119773624557881,0,211,2,Q2,droid_episode_016483_frame_000077,move
1.0,1,0.9964792966978697,0.9103770358563,0.06579519380345251,2,227,0.7341332038288493,227,1,0.08962296414369994,1.024533822781832,0.08619957796655728,0,211,1,Q1 (smallest),droid_episode_016483_frame_000077,move
1.0,1,0.9981224083434511,0.9384647676651261,0.09914400357071153,3,229,1.6111746036997339,229,1,0.061535232334873916,1.0021471404082527,0.06149776098830069,0,211,3,Q3,droid_episode_016483_frame_000077,move
1.0,1,0.9988767847202201,0.9473376683359949,0.05416154042055994,0,211,1.0284683322819816,211,1,0.05266233166400512,1.0207105806227819,0.04841893252186511,1,223,2,Q2,droid_episode_016483_frame_000077,move
1.0,1,0.9952535006466788,0.9024114938586523,0.07196735107676447,2,227,0.7374572469889695,227,1,0.09758850614134777,0.9977783028327205,0.09756321331627395,1,223,1,Q1 (smallest),droid_episode_016483_frame_000077,move
1.0,1,0.9964264406761296,0.9120626660161811,0.09053520541613834,3,229,1.0295423037591458,229,1,0.08793733398381891,0.9684862427946572,0.08209663705039578,1,223,2,Q2,droid_episode_016483_frame_000077,move
1.0,1,0.9986162461942106,0.9473634954281634,0.03864220573967426,0,211,0.7341332038288493,211,1,0.05263650457183658,0.9994693398959985,0.05263382955281702,2,227,1,Q1 (smallest),droid_episode_016483_frame_000077,move
1.0,1,0.9962121366252692,0.9110867136227115,0.06556974739253697,1,223,0.7374572469889695,223,1,0.08891328637728843,1.0109208038033757,0.08824006198262713,2,227,1,Q1 (smallest),droid_episode_016483_frame_000077,move
1.0,1,0.9976363906696848,0.9312569997665532,0.07243975497493545,3,229,1.053776453296112,229,1,0.06874300023344687,0.9972656610638305,0.06868859782873593,2,227,2,Q2,droid_episode_016483_frame_000077,move
1.0,1,0.9995044493984684,0.9669250717798293,0.05328948436753061,0,211,1.6111746036997339,211,1,0.03307492822017066,1.0091576955743626,0.03178187358443079,3,229,3,Q3,droid_episode_016483_frame_000077,move
1.0,1,0.9964904980539717,0.9145621990853677,0.08796183038176572,1,223,1.0295423037591458,223,1,0.08543780091463223,0.9759381649754195,0.08197954574391227,3,229,2,Q2,droid_episode_016483_frame_000077,move
1.0,1,0.997986881549023,0.9365689751709695,0.06684212037327336,2,227,1.053776453296112,227,1,0.06343102482903049,0.9971203493800525,0.06336562572221723,3,229,2,Q2,droid_episode_016483_frame_000077,move
1.0,1,0.9952110001540769,0.8985138303706202,0.13635535004647906,1,223,1.3435855402212822,223,1,0.10148616962937988,1.0175975567754474,0.0999488300160546,0,211,3,Q3,droid_episode_016591_frame_000130,pick
1.0,1,0.9996447843748522,0.973343307774575,0.14413550931707503,2,227,5.407104080963183,227,1,0.02665669222542499,0.9987662701454166,0.026628127066073256,0,211,4,Q4 (largest),droid_episode_016591_frame_000130,pick
1.0,1,0.9987371670632903,0.9462635344865052,0.07536509788916902,3,229,1.402494510366387,229,1,0.05373646551349472,0.9784333710817639,0.04921877937318345,0,211,3,Q3,droid_episode_016591_frame_000130,pick
1.0,1,0.9976140378716124,0.9300581211002867,0.09397289714556278,0,211,1.3435855402212822,211,1,0.06994187889971329,1.0064157262190103,0.06964700195345715,1,223,3,Q3,droid_episode_016591_frame_000130,pick
1.0,1,0.9995737501328152,0.9708053275390974,0.16353062220248615,2,227,5.601385746714089,227,1,0.0291946724609026,0.9992518233388963,0.029185084063321876,1,223,4,Q4 (largest),droid_episode_016591_frame_000130,pick
1.0,1,0.9992815978347557,0.961891511174066,0.07762880460302354,3,229,2.037047571148892,229,1,0.038108488825934,1.002556925531363,0.038022612382941294,1,223,3,Q3,droid_episode_016591_frame_000130,pick
1.0,1,0.9998898137208285,0.9835402332169305,0.08899967214443734,0,211,5.407104080963183,211,1,0.0164597667830695,0.9926696210854348,0.01473734940625134,2,227,4,Q4 (largest),droid_episode_016591_frame_000130,pick
1.0,1,0.9998852409490568,0.9834670391397746,0.09260749131344857,1,223,5.601385746714089,223,1,0.016532960860225418,0.9931505401984664,0.015047381673664048,2,227,4,Q4 (largest),droid_episode_016591_frame_000130,pick
1.0,1,0.9999224129726775,0.9872357357459302,0.07492916285352613,3,229,5.870229678897118,229,1,0.0127642642540698,0.9970596563525057,0.012420983100478192,2,227,4,Q4 (largest),droid_episode_016591_frame_000130,pick
1.0,1,0.9983040357611384,0.9365147253650019,0.08903774916468724,0,211,1.402494510366387,211,1,0.06348527463499808,0.9713294443273593,0.05664255761265678,3,229,3,Q3,droid_episode_016591_frame_000130,pick
1.0,1,0.9990244439917331,0.9542884321762106,0.09311663820885788,1,223,2.037047571148892,223,1,0.04571156782378932,1.0098445545543144,0.044638908796430274,3,229,3,Q3,droid_episode_016591_frame_000130,pick
1.0,1,0.9997760544287754,0.9786498147890486,0.1253304908752778,2,227,5.870229678897118,227,1,0.021350185210951497,1.002378081818273,0.02121733101517559,3,229,4,Q4 (largest),droid_episode_016591_frame_000130,pick
1.0,1,0.9989881367200766,0.9548755183104927,0.053568429103412765,1,223,1.187125637741537,223,1,0.04512448168950739,1.0016500096612269,0.04509430469432415,0,211,2,Q2,droid_episode_018290_frame_000160,remove
1.0,1,0.9987928881716676,0.9502819596112891,0.0459133899008939,2,227,0.9234754536166135,227,1,0.04971804038871089,1.0052667104542274,0.049438297918565306,0,211,2,Q2,droid_episode_018290_frame_000160,remove
1.0,1,0.9981112707811314,0.9384798737528114,0.047519498515158846,3,229,0.772421992832475,229,1,0.06152012624718857,0.9995115166680155,0.061518186884078375,0,211,1,Q1 (smallest),droid_episode_018290_frame_000160,remove
1.0,1,0.999422380589979,0.9649765453526062,0.041577240934199115,0,211,1.187125637741537,211,1,0.035023454647393766,1.007309984068292,0.034252102247298105,1,223,2,Q2,droid_episode_018290_frame_000160,remove
1.0,1,0.9994693736198776,0.9658311430075787,0.040575061640130264,2,227,1.1874866533911237,227,1,0.034168856992421295,1.0092553535780016,0.03289147637785071,1,223,2,Q2,droid_episode_018290_frame_000160,remove
1.0,1,0.9990453276240572,0.9562690911698708,0.053059603480987406,3,229,1.213320392839194,229,1,0.043730908830129256,1.000079399390757,0.043730836749893365,1,223,2,Q2,droid_episode_018290_frame_000160,remove
1.0,1,0.9990280239947679,0.9559099754622402,0.0407160554099753,0,211,0.9234754536166135,211,1,0.04409002453775974,0.9970972025136082,0.04399436362186926,2,227,2,Q2,droid_episode_018290_frame_000160,remove
1.0,1,0.9994116201570264,0.9647414904737728,0.04186900948085867,1,223,1.1874866533911237,223,1,0.035258509526227264,1.0069887854908643,0.034558926073790894,2,227,2,Q2,droid_episode_018290_frame_000160,remove
1.0,1,0.999357521881226,0.9622519373806363,0.047044955390865034,3,229,1.246287945033033,229,1,0.0377480626193637,0.9868751669675309,0.03539286636294394,2,227,2,Q2,droid_episode_018290_frame_000160,remove
1.0,1,0.99820892209797,0.9401518001106197,0.04622806582599147,0,211,0.772421992832475,211,1,0.05984819988938033,0.9981089363678767,0.0598183158266637,3,229,1,Q1 (smallest),droid_episode_018290_frame_000160,remove
1.0,1,0.9990982942927201,0.9573754826132216,0.05171719618030704,1,223,1.213320392839194,223,1,0.042624517386778416,0.9944257373051624,0.04225845569663801,3,229,2,Q2,droid_episode_018290_frame_000160,remove
1.0,1,0.9990917255891215,0.9561166358203652,0.05469130776457321,2,227,1.246287945033033,227,1,0.04388336417963475,0.9877044853071207,0.04212564504146661,3,229,2,Q2,droid_episode_018290_frame_000160,remove
1.0,1,0.9971207083675168,0.923539018850854,0.0808770641741385,1,223,1.0577560339747458,223,1,0.07646098114914601,0.9844805345970115,0.07486940517925533,0,211,2,Q2,droid_episode_019166_frame_000104,open
1.0,1,0.9989484760645374,0.9541445584811226,0.10718010975589795,2,227,2.337347677958236,227,1,0.04585544151887747,0.9987799367392265,0.04583920769964183,0,211,4,Q4 (largest),droid_episode_019166_frame_000104,open
1.0,1,0.999473241043014,0.9675369152320764,0.10306020765921729,3,229,3.17468929388528,229,1,0.032463084767923575,0.9997282899117174,0.03246194766611081,0,211,4,Q4 (largest),droid_episode_019166_frame_000104,open
1.0,1,0.9978002104585753,0.9323630925131172,0.07154334701364198,0,211,1.0577560339747458,211,1,0.06763690748688284,0.9822179472308408,0.06525756549017121,1,223,2,Q2,droid_episode_019166_frame_000104,open
1.0,1,0.9988968682357613,0.9530235584341885,0.13285887159947118,2,227,2.828202119424968,227,1,0.04697644156581148,0.9964775324567162,0.046844191577959944,1,223,4,Q4 (largest),droid_episode_019166_frame_000104,open
1.0,1,0.9995430844303005,0.9697729474097008,0.10009809110109992,3,229,3.311539912866808,229,1,0.030227052590299223,0.9988577011886941,0.030205460793081847,1,223,4,Q4 (largest),droid_episode_019166_frame_000104,open
1.0,1,0.9996510045289048,0.9735683735891735,0.061779900616004906,0,211,2.337347677958236,211,1,0.0264316264108265,1.0001745979219028,0.026431049738653373,2,227,4,Q4 (largest),droid_episode_019166_frame_000104,open
1.0,1,0.9997100084066443,0.9758596724373187,0.06827372557638817,1,223,2.828202119424968,223,1,0.02414032756268128,1.0011096768513505,0.024114809394210977,2,227,4,Q4 (largest),droid_episode_019166_frame_000104,open
1.0,1,0.9994717747020233,0.9672414658971736,0.07585168520047499,3,229,2.315478615812989,229,1,0.032758534102826364,1.0030586893578544,0.03261542542997387,2,227,4,Q4 (largest),droid_episode_019166_frame_000104,open
1.0,1,0.9997670821685434,0.9782330678546517,0.06910324644256467,0,211,3.17468929388528,211,1,0.021766932145348323,0.9967032844268473,0.021515831414331405,3,229,4,Q4 (largest),droid_episode_019166_frame_000104,open
1.0,1,0.9997546159026793,0.9778448593520781,0.07336763253077117,1,223,3.311539912866808,223,1,0.0221551406479219,0.9998863941632342,0.022154849375318576,3,229,4,Q4 (largest),droid_episode_019166_frame_000104,open
1.0,1,0.9994140960110808,0.965064475273719,0.0808924604359096,2,227,2.315478615812989,227,1,0.034935524726281,1.005826303599321,0.034446263574865875,3,229,4,Q4 (largest),droid_episode_019166_frame_000104,open
1.0,1,0.9906082852473017,0.8497967367717103,0.07354010552973794,1,223,0.4896039137176827,223,1,0.15020326322828972,0.9197131911601633,0.12694506138776093,0,211,1,Q1 (smallest),droid_episode_019784_frame_000061,press
1.0,1,0.998616263968543,0.9466307465010037,0.05322436330129968,2,227,0.9972851372616747,227,1,0.05336925349899635,0.9881519807189785,0.05203750242043403,0,211,2,Q2,droid_episode_019784_frame_000061,press
1.0,1,0.9893921529651944,0.8519755793117101,0.08137470458749387,3,229,0.5497383756620325,229,1,0.14802442068828991,0.9507719534595949,0.13959881286715708,0,211,1,Q1 (smallest),droid_episode_019784_frame_000061,press
1.0,1,0.9910580186148352,0.8469454581113323,0.07493610272095874,0,211,0.4896039137176827,211,1,0.15305454188866777,0.907888523685096,0.12223407349769061,1,223,1,Q1 (smallest),droid_episode_019784_frame_000061,press
1.0,1,0.9978130301660515,0.9338519644497237,0.05213269202153787,2,227,0.7881215456793729,227,1,0.0661480355502763,0.9931054147942341,0.06578774431458378,1,223,1,Q1 (smallest),droid_episode_019784_frame_000061,press
1.0,1,0.9609579632746258,0.6882523691683371,0.07786669810150358,3,229,0.24977478704096379,229,1,0.31174763083166285,1.0614532846372897,0.305630625324824,1,223,1,Q1 (smallest),droid_episode_019784_frame_000061,press
1.0,1,0.9989072732187131,0.9525611922095797,0.047310017938799555,0,211,0.9972851372616747,211,1,0.04743880779042035,0.989689461057695,0.046304786699602196,2,227,2,Q2,droid_episode_019784_frame_000061,press
1.0,1,0.998101676345293,0.938386519364065,0.048558911593479144,1,223,0.7881215456793729,223,1,0.06161348063593493,0.9944278364150512,0.06136099729516543,2,227,1,Q1 (smallest),droid_episode_019784_frame_000061,press
1.0,1,0.9972678332674737,0.9260025918380483,0.06576343705232489,3,229,0.8887262227941036,229,1,0.07399740816195167,0.990225101507009,0.0733489452830659,2,227,2,Q2,droid_episode_019784_frame_000061,press
1.0,1,0.9937264816014381,0.8764699723721511,0.0679091967336197,0,211,0.5497383756620325,211,1,0.12353002762784897,0.9353620317505752,0.10526918250999899,3,229,1,Q1 (smallest),droid_episode_019784_frame_000061,press
1.0,1,0.9746666355587458,0.7577563646993941,0.06050635241923774,1,223,0.24977478704096379,223,1,0.24224363530060591,1.0406611125785716,0.23880672680543505,3,229,1,Q1 (smallest),droid_episode_019784_frame_000061,press
1.0,1,0.9986477245977396,0.9470207442977274,0.047084053806723675,2,227,0.8887262227941036,227,1,0.05297925570227257,0.9871091435024728,0.05138703487774849,3,229,2,Q2,droid_episode_019784_frame_000061,press
1.0,1,0.9908695048944074,0.8642800964973348,0.1636837606492015,1,223,1.2060409448050282,223,1,0.13571990350266513,0.9663995329003366,0.1314948699282872,0,211,2,Q2,droid_episode_019839_frame_000146,use
1.0,1,0.9980420916068873,0.9372887018445402,0.091625073174257,2,227,1.4610616566590706,227,1,0.06271129815545978,0.9915446186321992,0.062138663022855756,0,211,3,Q3,droid_episode_019839_frame_000146,use
1.0,1,0.9919669674905277,0.8733833751970742,0.11836315008666067,3,229,0.9348152367107295,229,1,0.12661662480292576,0.9785440650731521,0.12478546603230575,0,211,2,Q2,droid_episode_019839_frame_000146,use
1.0,1,0.9957798879752846,0.9069100213461762,0.11227032580753767,0,211,1.2060409448050282,211,1,0.09308997865382389,0.9760443950075565,0.0899548393095969,1,223,2,Q2,droid_episode_019839_frame_000146,use
1.0,1,0.9990244985818771,0.9552669402141007,0.09788853440919179,2,227,2.188281661878365,227,1,0.04473305978589921,0.9909158082489347,0.04380096001275211,1,223,4,Q4 (largest),droid_episode_019839_frame_000146,use
1.0,1,0.9986454723785507,0.9333787346777879,0.09899966988013256,3,229,1.4860070489703707,229,1,0.06662126532221214,0.955741776750782,0.04979560892242355,1,223,3,Q3,droid_episode_019839_frame_000146,use
1.0,1,0.9982856492178119,0.9413115640136052,0.08574742350901193,0,211,1.4610616566590706,211,1,0.058688435986394887,1.0008761366088619,0.05868189587233682,2,227,3,Q3,droid_episode_019839_frame_000146,use
1.0,1,0.9977152290596836,0.9302456472581024,0.1526421709412894,1,223,2.188281661878365,223,1,0.06975435274189762,0.9781159619393219,0.0662326098277871,2,227,4,Q4 (largest),droid_episode_019839_frame_000146,use
1.0,1,0.9976691479131284,0.9281024598418567,0.08985327480044646,3,229,1.2497405975615903,229,1,0.07189754015814331,1.0179401085242568,0.06962333507474142,2,227,2,Q2,droid_episode_019839_frame_000146,use
1.0,1,0.9939439881286671,0.8901097911124947,0.10272704163336482,0,211,0.9348152367107295,211,1,0.10989020888750535,0.9872151492410202,0.10914396731111699,3,229,2,Q2,droid_episode_019839_frame_000146,use
1.0,1,0.996099720202218,0.8920898486526576,0.16035524555761038,1,223,1.4860070489703707,223,1,0.10791015134734241,0.930334060131366,0.0824090867928179,3,229,3,Q3,droid_episode_019839_frame_000146,use
1.0,1,0.9967364664968867,0.9134642945141627,0.10814718428428419,2,227,1.2497405975615903,227,1,0.08653570548583737,1.0245589425958197,0.08297762748179063,3,229,2,Q2,droid_episode_019839_frame_000146,use
1.0,1,0.9945719539172831,0.89437226187175,0.11488360119440721,1,223,1.087627201246315,223,1,0.10562773812824998,0.9710899150037471,0.10159441937232369,0,211,2,Q2,droid_episode_022570_frame_000068,turn
1.0,1,0.9941075430056651,0.8894441910595199,0.10482250148135848,2,227,0.9481410564124381,227,1,0.11055580894048012,0.9666432517783143,0.10540357792105073,0,211,2,Q2,droid_episode_022570_frame_000068,turn
1.0,1,0.9957441747273197,0.9055899027716633,0.11211873080922878,3,229,1.1875713943823474,229,1,0.09441009722833668,0.9711063883061904,0.08988006264990772,0,211,2,Q2,droid_episode_022570_frame_000068,turn
1.0,1,0.9929960423718699,0.8772889642979469,0.13346386032266067,0,211,1.087627201246315,211,1,0.1227110357020531,0.9531200871800584,0.11340313953795646,1,223,2,Q2,droid_episode_022570_frame_000068,turn
1.0,1,0.9972777536130812,0.9261739426816799,0.11748173907639746,2,227,1.59133161574435,227,1,0.07382605731832019,0.9909389978362747,0.07326789869347192,1,223,3,Q3,droid_episode_022570_frame_000068,turn
1.0,1,0.9976220981726497,0.9274404199785874,0.1329858223728841,3,229,1.8327810377849425,229,1,0.07255958002141256,0.9726158430032357,0.0671937541625733,1,223,3,Q3,droid_episode_022570_frame_000068,turn
1.0,1,0.994296428963986,0.88283969426694,0.11108449604734778,0,211,0.9481410564124381,211,1,0.11716030573306005,0.9404053342428759,0.10087126970927233,2,227,2,Q2,droid_episode_022570_frame_000068,turn
1.0,1,0.9977715708558674,0.9332308734322338,0.10625182206292245,1,223,1.59133161574435,223,1,0.06676912656776623,0.9930588983352392,0.06640735930830136,2,227,3,Q3,droid_episode_022570_frame_000068,turn
1.0,1,0.9886216586462941,0.8471459460044228,0.10001814319841111,3,229,0.6543375238271739,229,1,0.15285405399557717,0.9505312822933942,0.14462782509374528,2,227,1,Q1 (smallest),droid_episode_022570_frame_000068,turn
1.0,1,0.9966616655493884,0.9132651624815077,0.10300381193336224,0,211,1.1875713943823474,211,1,0.0867348375184923,0.96415070365291,0.07897949095035865,3,229,2,Q2,droid_episode_022570_frame_000068,turn
1.0,1,0.998122183420738,0.9362108834855433,0.11691148316475056,1,223,1.8327810377849425,223,1,0.06378911651445669,0.9784783907109011,0.06004891105842223,3,229,3,Q3,droid_episode_022570_frame_000068,turn
1.0,1,0.9893026357077616,0.850057817548169,0.09811279638277347,2,227,0.6543375238271739,227,1,0.14994218245183105,0.9444155295382358,0.13925884073157968,3,229,1,Q1 (smallest),droid_episode_022570_frame_000068,turn
1.0,1,0.9979674189454276,0.9329570956988984,0.07519615385119516,1,223,1.1216124157371803,223,1,0.0670429043011016,1.0167225912488893,0.06492384738329389,0,211,2,Q2,droid_episode_023493_frame_000059,turn
1.0,1,0.9877889005768722,0.8427993592092073,0.05733327685162297,2,227,0.36471401492519234,227,1,0.1572006407907927,0.9964222934563363,0.15715992326583536,0,211,1,Q1 (smallest),droid_episode_023493_frame_000059,turn
1.0,1,0.99664215652339,0.9180356091176283,0.06999452128552602,3,229,0.8539625626691495,229,1,0.08196439088237172,0.9896000029847951,0.0813019153206242,0,211,2,Q2,droid_episode_023493_frame_000059,turn
1.0,1,0.9986868810986285,0.948687993429906,0.05755218364540525,0,211,1.1216124157371803,211,1,0.05131200657009405,1.000271419582407,0.05131128871563898,1,223,2,Q2,droid_episode_023493_frame_000059,turn
1.0,1,0.9992369701882091,0.9608242459309414,0.036687093599955374,2,227,0.9364744718195793,227,1,0.039175754069058585,1.0015156027222625,0.03914642583005032,1,223,2,Q2,droid_episode_023493_frame_000059,turn
1.0,1,0.9967926110955709,0.9197772549347553,0.05623172961530083,3,229,0.700944969778432,229,1,0.08022274506524474,0.988027875304018,0.07932437869953414,1,223,1,Q1 (smallest),droid_episode_023493_frame_000059,turn
1.0,1,0.9917845641045563,0.8717658056660058,0.04676880786624839,0,211,0.36471401492519234,211,1,0.12823419433399424,0.9925422832897147,0.12801715142104095,2,227,1,Q1 (smallest),droid_episode_023493_frame_000059,turn
1.0,1,0.9989473280843848,0.9504538033116829,0.046398748374360727,1,223,0.9364744718195793,223,1,0.04954619668831708,1.016600099865474,0.0466825694529949,2,227,2,Q2,droid_episode_023493_frame_000059,turn
1.0,1,0.9987894310598895,0.9490797608780228,0.041761750969771826,3,229,0.8201405117076029,229,1,0.05092023912197713,0.9844357748882545,0.0484832512205013,2,227,1,Q1 (smallest),droid_episode_023493_frame_000059,turn
1.0,1,0.9980404313738529,0.9373902206068228,0.05346640765874774,0,211,0.8539625626691495,211,1,0.06260977939317723,0.9939239664280343,0.06231425432190186,3,229,2,Q2,droid_episode_023493_frame_000059,turn
1.0,1,0.9967949358004358,0.9199272716521127,0.056126576151886404,1,223,0.700944969778432,223,1,0.08007272834788721,0.990178092803468,0.07946805624964823,3,229,1,Q1 (smallest),droid_episode_023493_frame_000059,turn
1.0,1,0.9990660273442826,0.9560723221143845,0.036026868219235404,2,227,0.8201405117076029,227,1,0.04392767788561545,0.9902303287426935,0.042827495933646945,3,229,1,Q1 (smallest),droid_episode_023493_frame_000059,turn
1.0,1,0.9987638323229102,0.9502919616880987,0.09936259504679738,1,223,1.9989240859462274,223,1,0.04970803831190131,0.997814897113019,0.04965998789962353,0,211,3,Q3,droid_episode_025075_frame_000057,place
1.0,1,0.9984091654593196,0.9434533445177581,0.0566581849211818,2,227,1.0019723436866206,227,1,0.05654665548224189,0.9925398024559736,0.056052383524980084,0,211,2,Q2,droid_episode_025075_frame_000057,place
1.0,1,0.9967721097084665,0.9197062186614186,0.08305032767205747,3,229,1.0343307574698999,229,1,0.08029378133858146,0.9948656931339486,0.08012945909372626,0,211,2,Q2,droid_episode_025075_frame_000057,place
1.0,1,0.9990395889806064,0.9561833069870835,0.08758624303003058,0,211,1.9989240859462274,211,1,0.04381669301291651,0.9980259571301295,0.04377220283851477,1,223,3,Q3,droid_episode_025075_frame_000057,place
1.0,1,0.9990603705566479,0.9546999400304679,0.09858175456447614,2,227,2.176194791591449,227,1,0.04530005996953214,0.984953741135035,0.04272827550243134,1,223,4,Q4 (largest),droid_episode_025075_frame_000057,place
1.0,1,0.9981619519022648,0.9390473163831139,0.09595813437305112,3,229,1.5743053247038203,229,1,0.06095268361688611,0.9898191541261229,0.06009642266718192,1,223,3,Q3,droid_episode_025075_frame_000057,place
1.0,1,0.9982804035767987,0.9403626744146701,0.059754950887935,0,211,1.0019723436866206,211,1,0.05963732558532984,0.9856110872171574,0.05787546796267297,2,227,2,Q2,droid_episode_025075_frame_000057,place
1.0,1,0.9985014222234063,0.9436643557168126,0.1225973356700209,1,223,2.176194791591449,223,1,0.05633564428318735,0.9836537035849207,0.053911996905254604,2,227,4,Q4 (largest),droid_episode_025075_frame_000057,place
1.0,1,0.998650917221547,0.9439255550417183,0.07809315629891271,3,229,1.3926692695221954,229,1,0.05607444495828169,0.9761662495219623,0.050757223284277495,2,227,3,Q3,droid_episode_025075_frame_000057,place
1.0,1,0.997523234274363,0.9292054668535552,0.07322496309409014,0,211,1.0343307574698999,211,1,0.07079453314644477,1.003061965417095,0.07072828494462155,3,229,2,Q2,droid_episode_025075_frame_000057,place
1.0,1,0.9975885403940903,0.9304808950750345,0.1094442970520168,1,223,1.5743053247038203,223,1,0.06951910492496552,0.9912173246045636,0.06896209511366923,3,229,3,Q3,droid_episode_025075_frame_000057,place
1.0,1,0.9991137439284609,0.9548656710220566,0.06285719296808696,2,227,1.3926692695221954,227,1,0.04513432897794345,0.9819521934191805,0.041368881177892086,3,229,3,Q3,droid_episode_025075_frame_000057,place
1.0,1,0.9970543215180244,0.9114310286445655,0.09124700722082166,1,223,1.030236727653073,223,1,0.08856897135543455,1.0382788667327234,0.07986983816571931,0,211,2,Q2,droid_episode_031870_frame_000098,remove
1.0,1,0.9972853350658756,0.9244140181508526,0.0588410153421948,2,227,0.7784646557827113,227,1,0.0755859818491474,1.011598641168545,0.07469077704203492,0,211,1,Q1 (smallest),droid_episode_031870_frame_000098,remove
1.0,1,0.9978460192487596,0.9327148769419163,0.07533853730468645,3,229,1.1196908600382691,229,1,0.06728512305808365,0.9807634226879544,0.06447667701005656,0,211,2,Q2,droid_episode_031870_frame_000098,remove
1.0,1,0.9954369950573198,0.8998575930903541,0.10317038559389607,0,211,1.030236727653073,211,1,0.10014240690964589,1.0211422218122965,0.09788517823703823,1,223,2,Q2,droid_episode_031870_frame_000098,remove
1.0,1,0.998398009890841,0.9414987622081094,0.05580019652937138,2,227,0.9538293314044437,227,1,0.0585012377918906,1.0116402008106078,0.05733149700009632,1,223,2,Q2,droid_episode_031870_frame_000098,remove
1.0,1,0.9988907787279079,0.9529045063175606,0.06548252127781327,3,229,1.3904201051454292,229,1,0.04709549368243939,0.9986612171939042,0.0470764610584822,1,223,3,Q3,droid_episode_031870_frame_000098,remove
1.0,1,0.9952919178598251,0.8961385437225313,0.08085247281013082,0,211,0.7784646557827113,211,1,0.10386145627746873,1.0277559156544174,0.10008402093372055,2,227,1,Q1 (smallest),droid_episode_031870_frame_000098,remove
1.0,1,0.9977358847468892,0.9298331579387219,0.0669271920500701,1,223,0.9538293314044437,223,1,0.07016684206127811,1.015438632154862,0.06844731084592882,2,227,2,Q2,droid_episode_031870_frame_000098,remove
1.0,1,0.9988010647696361,0.9495627714741234,0.05144021742233942,3,229,1.0198858844107224,229,1,0.05043722852587665,1.0097331827240297,0.04948918240820062,2,227,2,Q2,droid_episode_031870_frame_000098,remove
1.0,1,0.9979943946024089,0.9355371955186709,0.0721784129901782,0,211,1.1196908600382691,211,1,0.06446280448132913,0.9838408285122205,0.062404601901034584,3,229,2,Q2,droid_episode_031870_frame_000098,remove
1.0,1,0.9967724347218953,0.9172378227195925,0.11507419523628874,1,223,1.3904201051454292,223,1,0.08276217728040743,1.0136115916959372,0.08163517966965395,3,229,3,Q3,droid_episode_031870_frame_000098,remove
1.0,1,0.9976405845113696,0.9267262756032459,0.07473083721045104,2,227,1.0198858844107224,227,1,0.07327372439675406,1.0208344111495338,0.07024931315695304,3,229,2,Q2,droid_episode_031870_frame_000098,remove
1.0,1,0.9958156902237837,0.9081961225200236,0.1509865266153444,1,223,1.6446639375148002,223,1,0.09180387747997647,1.0003780990569173,0.09180309886633288,0,211,3,Q3,droid_episode_032588_frame_000101,open
1.0,1,0.9948895907435458,0.8962040490528422,0.15328100251318055,2,227,1.4767531981205648,227,1,0.10379595094715781,0.9658679729761521,0.09802348781933905,0,211,3,Q3,droid_episode_032588_frame_000101,open
1.0,1,0.9942361212733081,0.8926092609627829,0.10978775287114709,3,229,1.0223204892285849,229,1,0.10739073903721712,0.9823576055232625,0.10593166074449532,0,211,2,Q2,droid_episode_032588_frame_000101,open
1.0,1,0.9974444246380425,0.9283529664586918,0.11783529229530296,0,211,1.6446639375148002,211,1,0.07164703354130823,0.9895539133782176,0.0708814269718067,1,223,3,Q3,droid_episode_032588_frame_000101,open
1.0,1,0.9964480068226459,0.9156184565336809,0.11711451598664938,2,227,1.3879162572250854,227,1,0.08438154346631904,0.9875541542278633,0.0834586472498475,1,223,3,Q3,droid_episode_032588_frame_000101,open
1.0,1,0.9932554750501998,0.8839858522763024,0.13372852404618604,3,229,1.1526915179748376,229,1,0.1160141477236976,0.9904946921984963,0.11562409608578395,1,223,2,Q2,droid_episode_032588_frame_000101,open
1.0,1,0.9975101133592319,0.9285723811628283,0.10548096455193011,0,211,1.4767531981205648,211,1,0.07142761883717177,0.9837263057647853,0.06954905900648141,2,227,3,Q3,droid_episode_032588_frame_000101,open
1.0,1,0.996508683412869,0.9165036229519654,0.11588597912436262,1,223,1.3879162572250854,223,1,0.08349637704803453,0.9941216757147784,0.08328919668087406,2,227,3,Q3,droid_episode_032588_frame_000101,open
1.0,1,0.9948810953497047,0.8988969740193281,0.10683775701671057,3,229,1.0567216557606793,229,1,0.10110302598067188,0.9866085467974169,0.10021222901208934,2,227,2,Q2,droid_episode_032588_frame_000101,open
1.0,1,0.9962285611653998,0.9126470689166267,0.08930269124070507,0,211,1.0223204892285849,211,1,0.08735293108337332,0.9824158189259315,0.08556477747771535,3,229,2,Q2,droid_episode_032588_frame_000101,open
1.0,1,0.9904698087780152,0.8617720178945596,0.15933422251971882,1,223,1.1526915179748376,223,1,0.13822798210544043,0.9926412299874564,0.13803196564870202,3,229,2,Q2,droid_episode_032588_frame_000101,open
1.0,1,0.9926942176730709,0.8771885004799312,0.1297775711192989,2,227,1.0567216557606793,227,1,0.12281149952006874,0.962707720408555,0.11701260742860717,3,229,2,Q2,droid_episode_032588_frame_000101,open
1.0,1,0.9980892219603111,0.9377376859145797,0.10207361926536701,1,223,1.6394125525968726,223,1,0.06226231408542024,0.9885357446935173,0.06119776634436345,0,211,3,Q3,droid_episode_034636_frame_000261,move
1.0,1,0.999482348789543,0.9678218870574374,0.11186206384300683,2,227,3.4763400837917,227,1,0.03217811294256259,0.9995943176060645,0.03217555554049635,0,211,4,Q4 (largest),droid_episode_034636_frame_000261,move
1.0,1,0.9976420973210601,0.9313379510731359,0.15465338727466404,3,229,2.252385265103205,229,1,0.0686620489268641,0.9973419189334356,0.06861057912507847,0,211,4,Q4 (largest),droid_episode_034636_frame_000261,move
1.0,1,0.9997890451913958,0.9777201933974625,0.036525794613630556,0,211,1.6394125525968726,211,1,0.02227980660253744,0.99094718895675,0.02035771093373914,1,223,3,Q3,droid_episode_034636_frame_000261,move
1.0,1,0.9993750606207478,0.9645298198297284,0.1016787859202541,2,227,2.866599082162923,227,1,0.035470180170271606,0.9958120309554154,0.03522207541575497,1,223,4,Q4 (largest),droid_episode_034636_frame_000261,move
1.0,1,0.9990746920452934,0.9566999522795001,0.10459887925021787,3,229,2.4156758423316216,229,1,0.04330004772049984,1.003159025104263,0.043184658074230484,1,223,4,Q4 (largest),droid_episode_034636_frame_000261,move
1.0,1,0.9999629103150828,0.9908379705878023,0.031850330094501465,0,211,3.4763400837917,211,1,0.009162029412197728,0.9968010717073182,0.00858543188944252,2,227,4,Q4 (largest),droid_episode_034636_frame_000261,move
1.0,1,0.9997377827446959,0.9763023580354644,0.06793163870496334,1,223,2.866599082162923,223,1,0.023697641964535606,1.0055742381046764,0.02303271812513001,2,227,4,Q4 (largest),droid_episode_034636_frame_000261,move
1.0,1,0.9986879012254176,0.9482191819716632,0.10957523213711204,3,229,2.116135594403852,229,1,0.051780818028336735,1.0050340916922813,0.05153553178650075,2,227,3,Q3,droid_episode_034636_frame_000261,move
1.0,1,0.9998372736282517,0.9805168437534719,0.04388357404738331,0,211,2.252385265103205,211,1,0.019483156246528077,0.9923159402830106,0.01790387119011884,3,229,4,Q4 (largest),droid_episode_034636_frame_000261,move
1.0,1,0.9993973926547349,0.9652623797927903,0.08391482995464741,1,223,2.4156758423316216,223,1,0.03473762020720977,1.0001547340146735,0.03473727558466628,3,229,4,Q4 (largest),droid_episode_034636_frame_000261,move
1.0,1,0.9993065550080898,0.960402415006602,0.08379385905696154,2,227,2.116135594403852,227,1,0.039597584993398105,1.012078653211517,0.03771040803154083,3,229,3,Q3,droid_episode_034636_frame_000261,move
1.0,1,0.9983565800187127,0.9407298058936546,0.1314846014792669,1,223,2.218393299730909,223,1,0.05927019410634534,1.0118176922104356,0.05808010038062316,0,211,4,Q4 (largest),droid_episode_036175_frame_000107,pick
1.0,1,0.9962965692410173,0.913880090902008,0.1848651420921626,2,227,2.146601686281538,227,1,0.0861199090979921,0.9974358227218836,0.08608172708497903,0,211,3,Q3,droid_episode_036175_frame_000107,pick
1.0,1,0.9980626468828708,0.9375923441579014,0.22209173572361932,3,229,3.5587258121911667,229,1,0.06240765584209865,0.9912638002846532,0.061793157568127303,0,211,4,Q4 (largest),droid_episode_036175_frame_000107,pick
1.0,1,0.9987539967784367,0.9490350287553012,0.11306035073021824,0,211,2.218393299730909,211,1,0.050964971244698794,1.0078395005882324,0.050358420591794587,1,223,4,Q4 (largest),droid_episode_036175_frame_000107,pick
1.0,1,0.9975103543621316,0.9294376049596001,0.16364730150102078,2,227,2.3191857561995444,227,1,0.07056239504039988,0.9925919490384443,0.07017244740486428,1,223,4,Q4 (largest),droid_episode_036175_frame_000107,pick
1.0,1,0.9970851505402687,0.9231770015307992,0.2735558064561222,3,229,3.560858231351044,229,1,0.07682299846920077,0.9852288530492697,0.07538956367799693,1,223,4,Q4 (largest),droid_episode_036175_frame_000107,pick
1.0,1,0.9987413517619859,0.9497231826436541,0.10792430091800116,0,211,2.146601686281538,211,1,0.050276817356345975,0.9940179094416971,0.0499196650232715,2,227,3,Q3,droid_episode_036175_frame_000107,pick
1.0,1,0.9991805167405325,0.9593040879809137,0.09438137949021475,1,223,2.3191857561995444,223,1,0.04069591201908628,0.9941387883587987,0.040271620940337836,2,227,4,Q4 (largest),droid_episode_036175_frame_000107,pick
1.0,1,0.9981484317317489,0.9340024067588175,0.21667244841693847,3,229,3.2830356044216322,229,1,0.06599759324118246,0.9707357231340693,0.05915474970907011,2,227,4,Q4 (largest),droid_episode_036175_frame_000107,pick
1.0,1,0.999425082475204,0.9660075050313393,0.1209699692657515,0,211,3.5587258121911667,211,1,0.03399249496866079,0.9964054362267847,0.03380190564856836,3,229,4,Q4 (largest),droid_episode_036175_frame_000107,pick
1.0,1,0.9995838230642128,0.9679207092474692,0.11422980653205256,1,223,3.560858231351044,223,1,0.03207929075253075,0.9851415450476527,0.028430744126991668,3,229,4,Q4 (largest),droid_episode_036175_frame_000107,pick
1.0,1,0.9988398700756599,0.947088392995384,0.17371068968331915,2,227,3.2830356044216322,227,1,0.05291160700461594,0.975781098598431,0.047043415806167735,3,229,4,Q4 (largest),droid_episode_036175_frame_000107,pick
1.0,1,0.9767768786158468,0.7805630411797293,0.43125430074529364,1,223,1.9652765106834689,223,1,0.2194369588202707,1.0003808510809244,0.21943662832066876,0,211,3,Q3,droid_episode_037602_frame_000148,open
1.0,1,0.9615714924427994,0.7101882556117998,0.40076812585900046,2,227,1.3828567462130694,227,1,0.2898117443882003,1.0138470531590487,0.28948075290793,0,211,3,Q3,droid_episode_037602_frame_000148,open
1.0,1,0.9951899922865796,0.9002305489242378,0.21911117128542723,3,229,2.196174970623424,229,1,0.09976945107576222,0.9715978711047453,0.09564132183411232,0,211,4,Q4 (largest),droid_episode_037602_frame_000148,open
1.0,1,0.9853727348468476,0.8272018981110585,0.3395960507330254,0,211,1.9652765106834689,211,1,0.17279810188894146,0.9991522922526567,0.17279602254680543,1,223,3,Q3,droid_episode_037602_frame_000148,open
1.0,1,0.9449507258678538,0.6681552399759758,0.43601482709849293,2,227,1.3139120444961288,227,1,0.33184476002402424,0.9451425959884643,0.3272791010445326,1,223,3,Q3,droid_episode_037602_frame_000148,open
1.0,1,0.9981075891349456,0.9274187466633744,0.19565285463484317,3,229,2.695638965166697,229,1,0.07258125333662555,1.0347048074090497,0.06374648757865956,1,223,4,Q4 (largest),droid_episode_037602_frame_000148,open
1.0,1,0.9700929309136133,0.7462336963568912,0.3509224449544272,0,211,1.3828567462130694,211,1,0.2537663036431088,1.0128778644880831,0.2534393368656749,2,227,3,Q3,droid_episode_037602_frame_000148,open
1.0,1,0.9706675175803924,0.7595062915344267,0.31598758017845735,1,223,1.3139120444961288,223,1,0.2404937084655733,0.9477421382439165,0.234747395504628,2,227,3,Q3,droid_episode_037602_frame_000148,open
1.0,1,0.996210376791831,0.9095886617715725,0.22058618347727646,3,229,2.4398066415072583,229,1,0.09041133822842748,1.017026077293952,0.0887937090802918,2,227,4,Q4 (largest),droid_episode_037602_frame_000148,open
1.0,1,0.9895897647454026,0.8559783534914506,0.3162967352900507,0,211,2.196174970623424,211,1,0.14402164650854943,0.9847204845881893,0.14320883726856315,3,229,4,Q4 (largest),droid_episode_037602_frame_000148,open
1.0,1,0.9978023062860859,0.9312425116950288,0.18534536462187381,1,223,2.695638965166697,223,1,0.06875748830497119,1.0139275989392438,0.06733211853042964,3,229,4,Q4 (largest),droid_episode_037602_frame_000148,open
1.0,1,0.9893175401490811,0.8537449283103298,0.3568340952625775,2,227,2.4398066415072583,227,1,0.14625507168967017,0.9670542549843543,0.1424960486480752,3,229,4,Q4 (largest),droid_episode_037602_frame_000148,open
1.0,1,0.9996910507629296,0.9745290304796901,0.06446471547821109,1,223,2.530909372209347,223,1,0.025470969520309954,1.0049453015157646,0.024986281860707785,0,211,4,Q4 (largest),droid_episode_038079_frame_000074,take
1.0,1,0.9998552817265717,0.9829791108793283,0.026293181627022703,2,227,1.5447595857427912,227,1,0.01702088912067164,0.9991674660075625,0.017000516274796897,0,211,3,Q3,droid_episode_038079_frame_000074,take
1.0,1,0.9994191238212073,0.9640763218080376,0.07769506969651772,3,229,2.1627815860431916,229,1,0.03592367819196243,1.0101940146286117,0.03444695517155809,0,211,4,Q4 (largest),droid_episode_038079_frame_000074,take
1.0,1,0.9999392352171738,0.9889489460059839,0.027969216126246844,0,211,2.530909372209347,211,1,0.011051053994016083,1.0006529727897537,0.011031746050127326,1,223,4,Q4 (largest),droid_episode_038079_frame_000074,take
1.0,1,0.9997601477850894,0.9763037401148484,0.03519054361754485,2,227,1.4850674236399541,227,1,0.02369625988515158,1.0085661568289401,0.022093747751946637,1,223,3,Q3,droid_episode_038079_frame_000074,take
1.0,1,0.9994501303304233,0.9661472678476384,0.07462787582787131,3,229,2.2044860512880424,229,1,0.03385273215236157,0.9920800578779201,0.03291324947437489,1,223,4,Q4 (largest),droid_episode_038079_frame_000074,take
1.0,1,0.9998765692741781,0.9842880286318033,0.024271218381938162,0,211,1.5447595857427912,211,1,0.01571197136819672,0.9998939475364503,0.015711613448338414,2,227,3,Q3,droid_episode_038079_frame_000074,take
1.0,1,0.9995726878702829,0.968012362974478,0.04750379770582196,1,223,1.4850674236399541,223,1,0.031987637025521994,1.0121310524323726,0.029598082528427015,2,227,3,Q3,droid_episode_038079_frame_000074,take
1.0,1,0.9991501620775028,0.9587297644884278,0.0599930234331958,3,229,1.4536632197403803,229,1,0.04127023551157218,1.0003677948732594,0.04126859660942976,2,227,3,Q3,droid_episode_038079_frame_000074,take
1.0,1,0.9999090085896621,0.9860587071867618,0.030151971382107862,0,211,2.1627815860431916,211,1,0.0139412928132382,1.0033369528935923,0.013536040436198236,3,229,4,Q4 (largest),droid_episode_038079_frame_000074,take
1.0,1,0.9998163182096834,0.9794337138986002,0.04533809083733502,1,223,2.2044860512880424,223,1,0.020566286101399812,1.007090675474874,0.01930529578417929,3,229,4,Q4 (largest),droid_episode_038079_frame_000074,take
1.0,1,0.9996573347694699,0.9738034379631028,0.03808097871668473,2,227,1.4536632197403803,227,1,0.026196562036897287,0.9982919948692103,0.02614082211840715,3,229,3,Q3,droid_episode_038079_frame_000074,take
1.0,1,0.9944636126488472,0.894905698506567,0.14732683606290933,1,223,1.4018537063316918,223,1,0.10509430149343302,0.9905886422664819,0.10467205239224245,0,211,3,Q3,droid_episode_039259_frame_000062,put
1.0,1,0.9892661327783493,0.8521869275578129,0.11259338983714935,2,227,0.7617282286124396,227,1,0.14781307244218705,1.0006836115565276,0.14781149163728446,0,211,1,Q1 (smallest),droid_episode_039259_frame_000062,put
1.0,1,0.9926988449219881,0.8739999493763467,0.1582781974280412,3,229,1.256175665363808,229,1,0.1260000506236533,0.9492888230812487,0.11534465437409011,0,211,2,Q2,droid_episode_039259_frame_000062,put
1.0,1,0.9965262483082733,0.9167181113057346,0.1167490243363594,0,211,1.4018537063316918,211,1,0.08328188869426542,0.9937229890900163,0.08304500056306797,1,223,3,Q3,droid_episode_039259_frame_000062,put
1.0,1,0.9749668072738378,0.7591013642347728,0.2721925070525145,2,227,1.129904726059908,227,1,0.24089863576522713,1.0409351651854062,0.23739516626248122,1,223,2,Q2,droid_episode_039259_frame_000062,put
1.0,1,0.9934020497341393,0.8851587864058716,0.14916642420239937,3,229,1.2988927888691866,229,1,0.1148412135941284,0.9928193551043465,0.11461650264536405,1,223,3,Q3,droid_episode_039259_frame_000062,put
1.0,1,0.994698688575827,0.8961845635001031,0.07907914854769363,0,211,0.7617282286124396,211,1,0.10381543649989684,0.975248811793005,0.10082174139542535,2,227,1,Q1 (smallest),droid_episode_039259_frame_000062,put
1.0,1,0.9970091392923346,0.9213529208324225,0.08886370644225357,1,223,1.129904726059908,223,1,0.07864707916757752,1.008563975880224,0.07817941787142026,2,227,2,Q2,droid_episode_039259_frame_000062,put
1.0,1,0.9970912377361931,0.9175489132687533,0.08810345750886138,3,229,1.0685542301709,229,1,0.08245108673124667,0.9628321700739123,0.07359846548501521,2,227,2,Q2,droid_episode_039259_frame_000062,put
1.0,1,0.9959178854785566,0.8997947558591928,0.12587538923152128,0,211,1.256175665363808,211,1,0.10020524414080717,0.948515407191312,0.08596759655034192,3,229,2,Q2,droid_episode_039259_frame_000062,put
1.0,1,0.9980377656121181,0.9351562535633808,0.08422507464978662,1,223,1.2988927888691866,223,1,0.06484374643661915,0.9792573953925129,0.06143659988991917,3,229,3,Q3,droid_episode_039259_frame_000062,put
1.0,1,0.9891176289726027,0.8501726964002594,0.1600985990566025,2,227,1.0685542301709,227,1,0.14982730359974059,0.9503439255991533,0.14135945380152828,3,229,2,Q2,droid_episode_039259_frame_000062,put
1.0,1,0.9989502777406345,0.9521228824985806,0.06952301058836914,1,223,1.452113540175177,223,1,0.047877117501419465,0.9839923453902888,0.04512176164713566,0,211,3,Q3,droid_episode_041320_frame_000077,put
1.0,1,0.9971310947938448,0.9242890329005795,0.05823187588275907,2,227,0.7691339592359374,227,1,0.07571096709942048,0.9926716661214703,0.07535546471022739,0,211,1,Q1 (smallest),droid_episode_041320_frame_000077,put
1.0,1,0.9863312130854097,0.786766172141226,0.09711302415962908,3,229,0.455429727706936,229,1,0.21323382785877393,1.1063430145868216,0.18482377712808568,0,211,1,Q1 (smallest),droid_episode_041320_frame_000077,put
1.0,1,0.9992270294875946,0.9603162899593344,0.05762525267443624,0,211,1.452113540175177,211,1,0.03968371004066566,0.9930317618694611,0.03906712812516085,1,223,3,Q3,droid_episode_041320_frame_000077,put
1.0,1,0.9937538244422109,0.886356826280738,0.1478821512460855,2,227,1.3012849466119762,227,1,0.11364317371926208,0.9661998107313566,0.10850031400134409,1,223,3,Q3,droid_episode_041320_frame_000077,put
1.0,1,0.9966826745639801,0.9179035971827089,0.1079718393823353,3,229,1.3151835607539468,229,1,0.08209640281729114,0.9826337450693939,0.08023859760255116,1,223,3,Q3,droid_episode_041320_frame_000077,put
1.0,1,0.99655341226275,0.9170452499896202,0.06380331531291078,0,211,0.7691339592359374,211,1,0.08295475001037973,0.9926797199436801,0.08263113244523304,2,227,1,Q1 (smallest),droid_episode_041320_frame_000077,put
1.0,1,0.9988615053159158,0.9516683908448117,0.06289319543918012,1,223,1.3012849466119762,223,1,0.04833160915518831,0.9899709764106055,0.04727962700120689,2,227,3,Q3,droid_episode_041320_frame_000077,put
1.0,1,0.9852989617019537,0.8290261191205488,0.10296202219354975,3,229,0.6022090723093856,229,1,0.17097388087945126,0.9641232999661772,0.16716737222814712,2,227,1,Q1 (smallest),droid_episode_041320_frame_000077,put
1.0,1,0.9768337889245212,0.753225661215374,0.11238836991774138,0,211,0.455429727706936,211,1,0.24677433878462596,1.0742468522122506,0.23534013516432245,3,229,1,Q1 (smallest),droid_episode_041320_frame_000077,put
1.0,1,0.9970717207759926,0.921833430338618,0.10280338741917784,1,223,1.3151835607539468,223,1,0.07816656966138202,0.9780121079879655,0.07501030074259664,3,229,3,Q3,droid_episode_041320_frame_000077,put
1.0,1,0.9917350997689098,0.8712406543718452,0.07754004608189463,2,227,0.6022090723093856,227,1,0.12875934562815478,0.9727893988360622,0.12585131016754544,3,229,1,Q1 (smallest),droid_episode_041320_frame_000077,put
1.0,1,0.9983992789362638,0.9428208902198749,0.04796078553650715,1,223,0.8387816060959004,223,1,0.057179109780125116,0.9884139258779058,0.05599297707467373,0,211,1,Q1 (smallest),droid_episode_042965_frame_000072,press
1.0,1,0.9972251977024147,0.9229112210945478,0.04894368398347305,2,227,0.6349002368230725,227,1,0.07708877890545215,0.9744942849242921,0.07274708469492436,0,211,1,Q1 (smallest),droid_episode_042965_frame_000072,press
1.0,1,0.9916898222220814,0.8703855988177788,0.05009927663924363,3,229,0.38652554177842074,229,1,0.1296144011822212,0.9678127865628613,0.1255542762512606,0,211,1,Q1 (smallest),droid_episode_042965_frame_000072,press
1.0,1,0.9972068566922014,0.9249254407415795,0.0629711593917198,0,211,0.8387816060959004,211,1,0.0750745592584205,0.9868463861107798,0.07391327275597669,1,223,1,Q1 (smallest),droid_episode_042965_frame_000072,press
1.0,1,0.9993135528101266,0.9629314179509648,0.037541243473533284,2,227,1.0127509982408516,227,1,0.037068582049035174,0.9999137850405223,0.03706848178853316,1,223,2,Q2,droid_episode_042965_frame_000072,press
1.0,1,0.9978482754060249,0.9292679116451915,0.04533062331432924,3,229,0.6408777737049183,229,1,0.07073208835480849,0.9692213433755238,0.06368439855588669,1,223,1,Q1 (smallest),droid_episode_042965_frame_000072,press
1.0,1,0.9966702899320583,0.9167341650999323,0.05286549829732382,0,211,0.6349002368230725,211,1,0.08326583490006767,0.9765298889797703,0.07988963105624801,2,227,1,Q1 (smallest),droid_episode_042965_frame_000072,press
1.0,1,0.9993053477330724,0.9627009357935721,0.037774664508509546,1,223,1.0127509982408516,223,1,0.03729906420642797,0.9970636419271549,0.03718330259596738,2,227,2,Q2,droid_episode_042965_frame_000072,press
1.0,1,0.998145019728204,0.9390580555857742,0.0349973385831338,3,229,0.5742734157816642,229,1,0.06094194441422587,0.9990089113615337,0.060933884927003454,2,227,1,Q1 (smallest),droid_episode_042965_frame_000072,press
1.0,1,0.979945867476396,0.7994199566751297,0.07752930991608459,0,211,0.38652554177842074,211,1,0.20058004332487028,0.937813659539932,0.1906966513612427,3,229,1,Q1 (smallest),droid_episode_042965_frame_000072,press
1.0,1,0.9979045069827018,0.931867037052222,0.0436649016098917,1,223,0.6408777737049183,223,1,0.06813296294777807,0.9745155488594142,0.06318736733007946,3,229,1,Q1 (smallest),droid_episode_042965_frame_000072,press
1.0,1,0.9975639158052957,0.9299279365699928,0.04024052321681963,2,227,0.5742734157816642,227,1,0.07007206343000713,0.9885271969473424,0.06912647006360062,3,229,1,Q1 (smallest),droid_episode_042965_frame_000072,press
1.0,1,0.9152954853265756,0.5970421227269223,0.15734714871541275,1,223,0.3904803891171514,223,1,0.4029578772730778,0.8269020617073306,0.36388480954177255,0,211,1,Q1 (smallest),droid_episode_043719_frame_000060,press
1.0,1,0.928446018092477,0.6207667963050989,0.07849476091300026,2,227,0.20698282784370986,227,1,0.37923320369490104,0.9329019555082196,0.3732501509846679,0,211,1,Q1 (smallest),droid_episode_043719_frame_000060,press
1.0,1,0.9819531454107874,0.80929046361392,0.09956583114042687,3,229,0.5220810297543895,229,1,0.19070953638608001,0.9401369414221614,0.1810705428453227,0,211,1,Q1 (smallest),droid_episode_043719_frame_000060,press
1.0,1,0.9330300042266367,0.637611255331907,0.14150569802967297,0,211,0.3904803891171514,211,1,0.362388744668093,0.830191133159528,0.32014145467975735,1,223,1,Q1 (smallest),droid_episode_043719_frame_000060,press
1.0,1,0.950312025614748,0.6757202281672748,0.09876736439348631,2,227,0.30457454634091075,227,1,0.32427977183272516,0.8167749143857805,0.26755548662202056,1,223,1,Q1 (smallest),droid_episode_043719_frame_000060,press
1.0,1,0.954120822569478,0.6652883702330217,0.07053612419799206,3,229,0.2107369984338409,229,1,0.3347116297669784,1.053077467639251,0.33047640994520483,1,223,1,Q1 (smallest),droid_episode_043719_frame_000060,press
1.0,1,0.932611700417366,0.6312858563916584,0.07631749611002628,0,211,0.20698282784370986,211,1,0.3687141436083416,0.9402659785599482,0.36384332669355385,2,227,1,Q1 (smallest),droid_episode_043719_frame_000060,press
1.0,1,0.9447228832545684,0.6602772358512108,0.10347090677229767,1,223,0.30457454634091075,223,1,0.33972276414878916,0.8084640829898865,0.28058073521891824,2,227,1,Q1 (smallest),droid_episode_043719_frame_000060,press
1.0,1,0.988959641658294,0.8517705660587715,0.06647447315443022,3,229,0.4484566350080426,229,1,0.1482294339412284,0.9816257819043709,0.14708621008072528,2,227,1,Q1 (smallest),droid_episode_043719_frame_000060,press
1.0,1,0.9798047109747318,0.7986491840560285,0.1051214413299152,0,211,0.5220810297543895,211,1,0.20135081594397153,0.9368428141023001,0.19118922812435452,3,229,1,Q1 (smallest),droid_episode_043719_frame_000060,press
1.0,1,0.9473171204138284,0.6464042111495736,0.07451571520118504,1,223,0.2107369984338409,223,1,0.35359578885042636,1.0393167831495294,0.3514031480444195,3,229,1,Q1 (smallest),droid_episode_043719_frame_000060,press
1.0,1,0.9855293990194721,0.8304316733470891,0.07604404117470899,2,227,0.4484566350080426,227,1,0.16956832665291086,0.9758499791663525,0.1678397863964402,3,229,1,Q1 (smallest),droid_episode_043719_frame_000060,press
1.0,1,0.9790892747770354,0.7955259886087851,0.24230657918361756,1,223,1.1850238450108874,223,1,0.20447401139121496,0.9788104426485326,0.20337311521846635,0,211,2,Q2,droid_episode_044305_frame_000165,place
1.0,1,0.9974195455315089,0.928206588442467,0.26639932118699783,2,227,3.710637444405515,227,1,0.07179341155753306,0.9946371213215497,0.0715928311728873,0,211,4,Q4 (largest),droid_episode_044305_frame_000165,place
1.0,1,0.9959439616875038,0.9098074758947952,0.19078702736836167,3,229,2.115330835467234,229,1,0.09019252410520487,0.9856794281760063,0.08904837240007143,0,211,3,Q3,droid_episode_044305_frame_000165,place
1.0,1,0.9930912310770277,0.8826448251583334,0.1390686805227967,0,211,1.1850238450108874,211,1,0.11735517484166658,0.9877783661605808,0.11671704557781308,1,223,2,Q2,droid_episode_044305_frame_000165,place
1.0,1,0.9992088506162798,0.9601641868392994,0.1307192893553174,2,227,3.281451512687498,227,1,0.03983581316070056,0.9961355864556611,0.03964792955669406,1,223,4,Q4 (largest),droid_episode_044305_frame_000165,place
1.0,1,0.9982676505833531,0.9408166757822278,0.10579333111938694,3,229,1.7875530399425954,229,1,0.059183324217772205,0.9901487601513101,0.05835768106178935,1,223,3,Q3,droid_episode_044305_frame_000165,place
1.0,1,0.9996209476608179,0.9722504459028657,0.10296853449838304,0,211,3.710637444405515,211,1,0.02774955409713431,0.9957681936989093,0.027424980729616442,2,227,4,Q4 (largest),droid_episode_044305_frame_000165,place
1.0,1,0.99975686145061,0.9779486017874106,0.07236059402157599,1,223,3.281451512687498,223,1,0.022051398212589435,0.999728626730376,0.022049728335712577,2,227,4,Q4 (largest),droid_episode_044305_frame_000165,place
1.0,1,0.99927458833795,0.9612212352349052,0.09950453399762865,3,229,2.5659541916918904,229,1,0.038778764765094745,1.0058584586282844,0.03833368048084132,2,227,4,Q4 (largest),droid_episode_044305_frame_000165,place
1.0,1,0.9985360376514745,0.9454970271348343,0.11529181912631903,0,211,2.115330835467234,211,1,0.054502972865165734,0.9903912934806725,0.05364929459150816,3,229,3,Q3,droid_episode_044305_frame_000165,place
1.0,1,0.9988217387600672,0.9513390812960199,0.08698397315569914,1,223,1.7875530399425954,223,1,0.04866091870398011,0.9940782429231365,0.04829925260537658,3,229,3,Q3,droid_episode_044305_frame_000165,place
1.0,1,0.9985728881745266,0.9465483935475248,0.13715437362939392,2,227,2.5659541916918904,227,1,0.05345160645247515,0.9993553660029421,0.0534477191221489,3,229,4,Q4 (largest),droid_episode_044305_frame_000165,place
1.0,1,0.99927550961289,0.9607286883607405,0.11498754025197287,1,223,2.928029023024026,223,1,0.03927131163925944,1.0082285371229769,0.03839957154296941,0,211,4,Q4 (largest),droid_episode_048372_frame_000095,place
1.0,1,0.9982455858622473,0.9396759530592731,0.16935635449662728,2,227,2.8074435168952303,227,1,0.0603240469407269,1.008016976169034,0.059788951591511964,0,211,4,Q4 (largest),droid_episode_048372_frame_000095,place
1.0,1,0.9980072616549162,0.9351396365268577,0.24752190995592868,3,229,3.8162276111576836,229,1,0.06486036347314224,0.9810363786626745,0.06202618653151796,0,211,4,Q4 (largest),droid_episode_048372_frame_000095,place
1.0,1,0.999002118765982,0.954415930867045,0.13347147740882578,0,211,2.928029023024026,211,1,0.045584069132954964,1.0071142843704413,0.04502548519021772,1,223,4,Q4 (largest),droid_episode_048372_frame_000095,place
1.0,1,0.9988012150572062,0.9487081219415578,0.15352936393992775,2,227,2.993249024046184,227,1,0.05129187805844211,0.9823015299682347,0.04814167543092786,1,223,4,Q4 (largest),droid_episode_048372_frame_000095,place
1.0,1,0.9997020926371287,0.9745142134695743,0.07954488449514986,3,229,3.121146934201414,229,1,0.0254857865304257,1.0067368921411501,0.024579251399359944,1,223,4,Q4 (largest),droid_episode_048372_frame_000095,place
1.0,1,0.9994452334119475,0.9657904922496457,0.09604126074990921,0,211,2.8074435168952303,211,1,0.034209507750354265,1.0067008498470202,0.03354681850562339,2,227,4,Q4 (largest),droid_episode_048372_frame_000095,place
1.0,1,0.999406729523921,0.9644569841334092,0.10638909755433083,1,223,2.993249024046184,223,1,0.03554301586659076,0.9900373926557889,0.034118212611416183,2,227,4,Q4 (largest),droid_episode_048372_frame_000095,place
1.0,1,0.9995749356780752,0.9701374681234108,0.10578557641641512,3,229,3.5424181999566473,229,1,0.0298625318765892,0.9926857424310886,0.02895293502040735,2,227,4,Q4 (largest),droid_episode_048372_frame_000095,place
1.0,1,0.999417389091486,0.9658316310509711,0.1303942730115069,0,211,3.8162276111576836,211,1,0.034168368949028895,1.0004450965455909,0.03416546978605834,3,229,4,Q4 (largest),droid_episode_048372_frame_000095,place
1.0,1,0.9993051855300062,0.9627284452385744,0.11632999887654358,1,223,3.121146934201414,223,1,0.03727155476142559,0.9987611537594201,0.03725096044837163,3,229,4,Q4 (largest),droid_episode_048372_frame_000095,place
1.0,1,0.9993030590240911,0.9595351188411966,0.14334353147602819,2,227,3.5424181999566473,227,1,0.04046488115880346,0.9829966589013105,0.03671910944832008,3,229,4,Q4 (largest),droid_episode_048372_frame_000095,place
1.0,1,0.998568060566454,0.9462165422157645,0.1713193903035548,1,223,3.1853547049883084,223,1,0.053783457784235565,0.9915934733023751,0.05312241184387968,0,211,4,Q4 (largest),droid_episode_050050_frame_000130,turn
1.0,1,0.9905951103589903,0.8623618433085589,0.10426547082336632,2,227,0.7575331821473745,227,1,0.13763815669144108,0.9960692510317243,0.13758201695703579,0,211,1,Q1 (smallest),droid_episode_050050_frame_000130,turn
1.0,1,0.9983094388071112,0.9413565847609863,0.0807184616222534,3,229,1.3764283900122152,229,1,0.05864341523901368,0.9888383936627874,0.05757142255380247,0,211,3,Q3,droid_episode_050050_frame_000130,turn
1.0,1,0.9993273202327351,0.96322807161858,0.11713163508124921,0,211,3.1853547049883084,211,1,0.03677192838141997,1.001349143088099,0.03674717036475209,1,223,4,Q4 (largest),droid_episode_050050_frame_000130,turn
1.0,1,0.999833309189522,0.9815607735573492,0.06542033303910844,2,227,3.5478892372506436,227,1,0.018439226442650853,0.9970880768991052,0.0182078492869924,1,223,4,Q4 (largest),droid_episode_050050_frame_000130,turn
1.0,1,0.9993917630423744,0.9651272388550718,0.07821964186887667,3,229,2.2430011074776286,229,1,0.034872761144928155,0.9988580588288163,0.034854059164360844,1,223,4,Q4 (largest),droid_episode_050050_frame_000130,turn
1.0,1,0.9914993939354615,0.8698494261167077,0.09859337839211742,0,211,0.7575331821473745,211,1,0.13015057388329232,0.9862407550524901,0.12942123110457868,2,227,1,Q1 (smallest),droid_episode_050050_frame_000130,turn
1.0,1,0.999428898266918,0.9660861090319636,0.12032272875878826,1,223,3.5478892372506436,223,1,0.03391389096803643,0.9959831891378773,0.03367517232457462,2,227,4,Q4 (largest),droid_episode_050050_frame_000130,turn
1.0,1,0.9991840253609717,0.9592124542403574,0.06564130073059679,3,229,1.6093466647249408,229,1,0.04078754575964264,0.9926864925662511,0.04012650617872736,2,227,3,Q3,droid_episode_050050_frame_000130,turn
1.0,1,0.9954316448182621,0.9009933702966983,0.1362755359230511,0,211,1.3764283900122152,211,1,0.0990066297033017,1.016965080874241,0.097542292141087,3,229,3,Q3,droid_episode_050050_frame_000130,turn
1.0,1,0.9975219061342612,0.9296395055677392,0.15781866693423438,1,223,2.2430011074776286,223,1,0.07036049443226075,0.9943085625625177,0.0701299273965646,3,229,4,Q4 (largest),droid_episode_050050_frame_000130,turn
1.0,1,0.9989117554174339,0.9521227097369267,0.077051157400945,2,227,1.6093466647249408,227,1,0.04787729026307336,0.9870230435893078,0.046085068354615406,3,229,3,Q3,droid_episode_050050_frame_000130,turn
1.0,1,0.9980663070255612,0.9377791136770902,0.06750669409529748,1,223,1.0849523059661303,223,1,0.062220886322909834,0.9989223555966081,0.06221155340729169,0,211,2,Q2,droid_episode_051025_frame_000156,use
1.0,1,0.9954129569467417,0.9029591002514402,0.06724423326883498,2,227,0.6929473391432873,227,1,0.09704089974855976,1.0070171643330377,0.09678685669414609,0,211,1,Q1 (smallest),droid_episode_051025_frame_000156,use
1.0,1,0.9729494425318161,0.7634941591723403,0.11677224558172963,3,229,0.49373937308728383,229,1,0.23650584082765969,0.9959125044087632,0.23647051639768946,0,211,1,Q1 (smallest),droid_episode_051025_frame_000156,use
1.0,1,0.9968728398751476,0.9209438826020372,0.0857721168716489,0,211,1.0849523059661303,211,1,0.07905611739796284,0.9960566116903082,0.07895770631597318,1,223,2,Q2,droid_episode_051025_frame_000156,use
1.0,1,0.9983048697289926,0.9415065180033638,0.0678274272800796,2,227,1.1595723996048006,227,1,0.058493481996636155,1.0024422655378213,0.05844247406752702,1,223,2,Q2,droid_episode_051025_frame_000156,use
1.0,1,0.9988507957512115,0.9509539607245887,0.05455931259549445,3,229,1.1124101640322899,229,1,0.04904603927541133,0.9873020911925409,0.04737380162624318,1,223,2,Q2,droid_episode_051025_frame_000156,use
1.0,1,0.9971669763093527,0.9243058415015962,0.05245206572015914,0,211,0.6929473391432873,211,1,0.07569415849840377,1.0027787580852143,0.07564313672954956,2,227,1,Q1 (smallest),droid_episode_051025_frame_000156,use
1.0,1,0.9987935844004592,0.9506067748549443,0.05727502060567242,1,223,1.1595723996048006,223,1,0.0493932251450557,1.0029033821655193,0.04930781948363877,2,227,2,Q2,droid_episode_051025_frame_000156,use
1.0,1,0.9939236682604876,0.8844703512099124,0.06413465507068715,3,229,0.5551358957839218,229,1,0.11552964879008759,1.022761747652684,0.1132651870318348,2,227,1,Q1 (smallest),droid_episode_051025_frame_000156,use
1.0,1,0.9872206233415491,0.8396851116887485,0.07915377245135524,0,211,0.49373937308728383,211,1,0.1603148883112515,0.9918575653944036,0.1601079766062348,3,229,1,Q1 (smallest),droid_episode_051025_frame_000156,use
1.0,1,0.9989340306667995,0.9527916530058861,0.05251504502341549,1,223,1.1124101640322899,223,1,0.04720834699411389,0.9879890557726231,0.045654849081817196,3,229,2,Q2,droid_episode_051025_frame_000156,use
1.0,1,0.9957240047239145,0.9052399441228838,0.05260470850387738,2,227,0.5551358957839218,227,1,0.0947600558771162,1.012489085338085,0.09393343886631753,3,229,1,Q1 (smallest),droid_episode_051025_frame_000156,use
