action_l2_from_baseline,contrast,direction,episode_index,physical_endpoint_donor_steering,prefix_chunks,primary_pixel_donor_preference,proprio_endpoint_donor_steering,task_name,unit_id
0.03323730081319809,block27_future_gate1,forward,0,0.012665076554795486,0,0.3393388605442176,0.038781982397079716,OpenDrawer,OpenDrawer_episode00_prefix00
0.05825340002775192,block27_current_gate1,forward,0,0.14154962727771475,0,0.12165178571428581,0.2690991223015042,OpenDrawer,OpenDrawer_episode00_prefix00
0.0,block27_all_key_control,forward,0,0.0,0,0.0,0.0,OpenDrawer,OpenDrawer_episode00_prefix00
0.02909548208117485,block27_future_gate1,reverse,0,0.06840747459180258,0,0.410435267857143,0.09117225145692215,OpenDrawer,OpenDrawer_episode00_prefix00
0.06211686134338379,block27_current_gate1,reverse,0,0.22042472271245148,0,0.8124069940476193,0.31657494039714185,OpenDrawer,OpenDrawer_episode00_prefix00
0.0,block27_all_key_control,reverse,0,0.0,0,0.0,0.0,OpenDrawer,OpenDrawer_episode00_prefix00
-0.025016099214553833,block27_future_gate1_minus_block27_current_gate1,forward,0,-0.12888455072291927,0,0.21768707482993177,-0.23031713990442446,OpenDrawer,OpenDrawer_episode00_prefix00
0.03323730081319809,block27_future_gate1_minus_block27_all_key_control,forward,0,0.012665076554795486,0,0.3393388605442176,0.038781982397079716,OpenDrawer,OpenDrawer_episode00_prefix00
-0.03302137926220894,block27_future_gate1_minus_block27_current_gate1,reverse,0,-0.1520172481206489,0,-0.4019717261904763,-0.2254026889402197,OpenDrawer,OpenDrawer_episode00_prefix00
0.02909548208117485,block27_future_gate1_minus_block27_all_key_control,reverse,0,0.06840747459180258,0,0.410435267857143,0.09117225145692215,OpenDrawer,OpenDrawer_episode00_prefix00
0.02110200747847557,block27_future_gate1,forward,10,0.11827608167489848,3,0.10565476190476186,0.40397950941556227,OpenDrawer,OpenDrawer_episode10_prefix03
0.027904024347662926,block27_current_gate1,forward,10,0.14365954795776875,3,0.10408694727891143,0.21366650280621177,OpenDrawer,OpenDrawer_episode10_prefix03
0.0,block27_all_key_control,forward,10,0.0,3,0.0,0.0,OpenDrawer,OpenDrawer_episode10_prefix03
0.02108304388821125,block27_future_gate1,reverse,10,0.23158092828962812,3,0.028207376700680298,0.36491019354822135,OpenDrawer,OpenDrawer_episode10_prefix03
0.027946893125772476,block27_current_gate1,reverse,10,0.06544778291173216,3,0.24136373299319724,0.30317104576625153,OpenDrawer,OpenDrawer_episode10_prefix03
0.0,block27_all_key_control,reverse,10,0.0,3,0.0,0.0,OpenDrawer,OpenDrawer_episode10_prefix03
-0.006802016869187355,block27_future_gate1_minus_block27_current_gate1,forward,10,-0.025383466282870276,3,0.0015678146258504277,0.1903130066093505,OpenDrawer,OpenDrawer_episode10_prefix03
0.02110200747847557,block27_future_gate1_minus_block27_all_key_control,forward,10,0.11827608167489848,3,0.10565476190476186,0.40397950941556227,OpenDrawer,OpenDrawer_episode10_prefix03
-0.006863849237561226,block27_future_gate1_minus_block27_current_gate1,reverse,10,0.16613314537789597,3,-0.21315635629251695,0.061739147781969816,OpenDrawer,OpenDrawer_episode10_prefix03
0.02108304388821125,block27_future_gate1_minus_block27_all_key_control,reverse,10,0.23158092828962812,3,0.028207376700680298,0.36491019354822135,OpenDrawer,OpenDrawer_episode10_prefix03
0.0433434322476387,block27_future_gate1,forward,0,0.03428379268109722,0,0.470915710034014,0.006229601451355392,PnPCounterToCab,PnPCounterToCab_episode00_prefix00
0.034600503742694855,block27_current_gate1,forward,0,0.03998785613090734,0,0.07140199829931992,0.07336901253294648,PnPCounterToCab,PnPCounterToCab_episode00_prefix00
0.0,block27_all_key_control,forward,0,0.0,0,0.0,0.0,PnPCounterToCab,PnPCounterToCab_episode00_prefix00
0.04022864252328873,block27_future_gate1,reverse,0,0.0025931319345239177,0,0.24817974064625847,0.04742126004251223,PnPCounterToCab,PnPCounterToCab_episode00_prefix00
0.03611018881201744,block27_current_gate1,reverse,0,0.07425764303834129,0,0.28235278486394555,0.1165084766240706,PnPCounterToCab,PnPCounterToCab_episode00_prefix00
0.0,block27_all_key_control,reverse,0,0.0,0,0.0,0.0,PnPCounterToCab,PnPCounterToCab_episode00_prefix00
0.008742928504943848,block27_future_gate1_minus_block27_current_gate1,forward,0,-0.005704063449810122,0,0.3995137117346941,-0.06713941108159108,PnPCounterToCab,PnPCounterToCab_episode00_prefix00
0.0433434322476387,block27_future_gate1_minus_block27_all_key_control,forward,0,0.03428379268109722,0,0.470915710034014,0.006229601451355392,PnPCounterToCab,PnPCounterToCab_episode00_prefix00
0.004118453711271286,block27_future_gate1_minus_block27_current_gate1,reverse,0,-0.07166451110381737,0,-0.034173044217687076,-0.06908721658155836,PnPCounterToCab,PnPCounterToCab_episode00_prefix00
0.04022864252328873,block27_future_gate1_minus_block27_all_key_control,reverse,0,0.0025931319345239177,0,0.24817974064625847,0.04742126004251223,PnPCounterToCab,PnPCounterToCab_episode00_prefix00
0.026481518521904945,block27_future_gate1,forward,10,6.560693690083488e-05,3,0.3871970663265306,0.18680188433438194,PnPCounterToCab,PnPCounterToCab_episode10_prefix03
0.02946852333843708,block27_current_gate1,forward,10,1.90668985164978e-06,3,0.09588913690476186,0.026894943442239073,PnPCounterToCab,PnPCounterToCab_episode10_prefix03
0.0,block27_all_key_control,forward,10,0.0,3,0.0,0.0,PnPCounterToCab,PnPCounterToCab_episode10_prefix03
0.024695148691534996,block27_future_gate1,reverse,10,3.7407438952817965e-05,3,0.05846088435374164,0.12983890406042026,PnPCounterToCab,PnPCounterToCab_episode10_prefix03
0.03432827070355415,block27_current_gate1,reverse,10,2.926761449681424e-05,3,0.040191857993197355,0.08907165255801877,PnPCounterToCab,PnPCounterToCab_episode10_prefix03
0.0,block27_all_key_control,reverse,10,0.0,3,0.0,0.0,PnPCounterToCab,PnPCounterToCab_episode10_prefix03
-0.002987004816532135,block27_future_gate1_minus_block27_current_gate1,forward,10,6.37002470491851e-05,3,0.29130792942176875,0.15990694089214286,PnPCounterToCab,PnPCounterToCab_episode10_prefix03
0.026481518521904945,block27_future_gate1_minus_block27_all_key_control,forward,10,6.560693690083488e-05,3,0.3871970663265306,0.18680188433438194,PnPCounterToCab,PnPCounterToCab_episode10_prefix03
-0.009633122012019157,block27_future_gate1_minus_block27_current_gate1,reverse,10,8.139824456003726e-06,3,0.018269026360544283,0.040767251502401486,PnPCounterToCab,PnPCounterToCab_episode10_prefix03
0.024695148691534996,block27_future_gate1_minus_block27_all_key_control,reverse,10,3.7407438952817965e-05,3,0.05846088435374164,0.12983890406042026,PnPCounterToCab,PnPCounterToCab_episode10_prefix03
0.06286146491765976,block27_future_gate1,forward,0,0.02714361332643414,0,0.838501806972789,0.05243132222118014,TurnOffMicrowave,TurnOffMicrowave_episode00_prefix00
0.034144721925258636,block27_current_gate1,forward,0,0.027263366818388073,0,0.652768920068028,0.03816701092248311,TurnOffMicrowave,TurnOffMicrowave_episode00_prefix00
0.0,block27_all_key_control,forward,0,0.0,0,0.0,0.0,TurnOffMicrowave,TurnOffMicrowave_episode00_prefix00
0.044075049459934235,block27_future_gate1,reverse,0,0.005707204200008413,0,0.36690848214285676,0.02702889428378103,TurnOffMicrowave,TurnOffMicrowave_episode00_prefix00
0.03347790241241455,block27_current_gate1,reverse,0,0.020355608535520067,0,0.9827141794217686,0.018130760214543566,TurnOffMicrowave,TurnOffMicrowave_episode00_prefix00
0.0,block27_all_key_control,reverse,0,0.0,0,0.0,0.0,TurnOffMicrowave,TurnOffMicrowave_episode00_prefix00
0.028716742992401123,block27_future_gate1_minus_block27_current_gate1,forward,0,-0.00011975349195393267,0,0.18573288690476097,0.014264311298697027,TurnOffMicrowave,TurnOffMicrowave_episode00_prefix00
0.06286146491765976,block27_future_gate1_minus_block27_all_key_control,forward,0,0.02714361332643414,0,0.838501806972789,0.05243132222118014,TurnOffMicrowave,TurnOffMicrowave_episode00_prefix00
0.010597147047519684,block27_future_gate1_minus_block27_current_gate1,reverse,0,-0.014648404335511653,0,-0.6158056972789119,0.008898134069237465,TurnOffMicrowave,TurnOffMicrowave_episode00_prefix00
0.044075049459934235,block27_future_gate1_minus_block27_all_key_control,reverse,0,0.005707204200008413,0,0.36690848214285676,0.02702889428378103,TurnOffMicrowave,TurnOffMicrowave_episode00_prefix00
0.03086068481206894,block27_future_gate1,forward,10,0.0472129690377266,3,0.14481026785714302,0.24783335542250137,TurnOffMicrowave,TurnOffMicrowave_episode10_prefix03
0.04543546959757805,block27_current_gate1,forward,10,0.9107681246071031,3,0.7364609906462585,0.06122868314329963,TurnOffMicrowave,TurnOffMicrowave_episode10_prefix03
0.0,block27_all_key_control,forward,10,0.0,3,0.0,0.0,TurnOffMicrowave,TurnOffMicrowave_episode10_prefix03
0.03005087561905384,block27_future_gate1,reverse,10,0.013913432169384567,3,0.18363360969387754,0.25937398885118745,TurnOffMicrowave,TurnOffMicrowave_episode10_prefix03
0.04655198007822037,block27_current_gate1,reverse,10,0.9271442205283419,3,0.1544164540816324,0.223796698003154,TurnOffMicrowave,TurnOffMicrowave_episode10_prefix03
0.0,block27_all_key_control,reverse,10,0.0,3,0.0,0.0,TurnOffMicrowave,TurnOffMicrowave_episode10_prefix03
-0.01457478478550911,block27_future_gate1_minus_block27_current_gate1,forward,10,-0.8635551555693765,3,-0.5916507227891155,0.18660467227920174,TurnOffMicrowave,TurnOffMicrowave_episode10_prefix03
0.03086068481206894,block27_future_gate1_minus_block27_all_key_control,forward,10,0.0472129690377266,3,0.14481026785714302,0.24783335542250137,TurnOffMicrowave,TurnOffMicrowave_episode10_prefix03
-0.016501104459166527,block27_future_gate1_minus_block27_current_gate1,reverse,10,-0.9132307883589573,3,0.029217155612245138,0.03557729084803346,TurnOffMicrowave,TurnOffMicrowave_episode10_prefix03
0.03005087561905384,block27_future_gate1_minus_block27_all_key_control,reverse,10,0.013913432169384567,3,0.18363360969387754,0.25937398885118745,TurnOffMicrowave,TurnOffMicrowave_episode10_prefix03
