state_index,state_id,branch_index,seed,video_relative_path,video_sha256
0,droid_episode_041320_frame_000077,0,211,states/droid_episode_041320_frame_000077/media/native_future_seed_211.mp4,b69a4ae48797d2f91d5de4038e271e318f09c2f07215b3aeb8b575fa0f673298
0,droid_episode_041320_frame_000077,1,223,states/droid_episode_041320_frame_000077/media/native_future_seed_223.mp4,c6d24a03b073d18402a3a1052cb3bf3779f28e905a769fe361c69484d9cfbd94
0,droid_episode_041320_frame_000077,2,227,states/droid_episode_041320_frame_000077/media/native_future_seed_227.mp4,2e76298006d128b4cfa39d3ef2acae331be3fd0f8541ade6c8c0bdc577a96388
0,droid_episode_041320_frame_000077,3,229,states/droid_episode_041320_frame_000077/media/native_future_seed_229.mp4,05524f55fd9e1d64f5943c193a0073611a858e231a62b03f3846f48a43d7f042
1,droid_episode_039259_frame_000062,0,211,states/droid_episode_039259_frame_000062/media/native_future_seed_211.mp4,c439e17ace871fe4e64388b45e384d33c1e67f7a3dd032d3c76b9d72bd069b3a
1,droid_episode_039259_frame_000062,1,223,states/droid_episode_039259_frame_000062/media/native_future_seed_223.mp4,288a51e70c29a5d775fa0d4f348916eb1b97ec01c9eaf38aa593c29160d249f2
1,droid_episode_039259_frame_000062,2,227,states/droid_episode_039259_frame_000062/media/native_future_seed_227.mp4,35fa81e661113b950232ca0275ce12876dac4dcb737ea8ccf89dfe2ef7b23edc
1,droid_episode_039259_frame_000062,3,229,states/droid_episode_039259_frame_000062/media/native_future_seed_229.mp4,4d567a6eef267920fa9cc09207a55e658ead872dc5fec1e0074bc955137730b9
2,droid_episode_006474_frame_000068,0,211,states/droid_episode_006474_frame_000068/media/native_future_seed_211.mp4,ccdfde4cdf7b5f032f83789e8e3eab72b6461fa13df7eec51f41a2ef6e40d3c7
2,droid_episode_006474_frame_000068,1,223,states/droid_episode_006474_frame_000068/media/native_future_seed_223.mp4,b4b5777ce5a34cec26ed622273d636d275c166825e5b3f4c97d21542218ecb8b
2,droid_episode_006474_frame_000068,2,227,states/droid_episode_006474_frame_000068/media/native_future_seed_227.mp4,4497f646a17a8b1ec687b982643ccced8712c1239db3ca1cf528648fd7b72c77
2,droid_episode_006474_frame_000068,3,229,states/droid_episode_006474_frame_000068/media/native_future_seed_229.mp4,18989cfa2b10157f2b51ea057c32c11a10e4130e522a5cbb0c4f6ab2911e2ded
3,droid_episode_016591_frame_000130,0,211,states/droid_episode_016591_frame_000130/media/native_future_seed_211.mp4,83ea5bb5bf1669c56adcaa9821777de165f27cb4b1e351455f479588fc95a18d
3,droid_episode_016591_frame_000130,1,223,states/droid_episode_016591_frame_000130/media/native_future_seed_223.mp4,f721bce289a2f8da7131345fd063b13204024da3f2035afd841ac7afc18e7793
3,droid_episode_016591_frame_000130,2,227,states/droid_episode_016591_frame_000130/media/native_future_seed_227.mp4,b711557923e7e3951d5340d36e132c8d1fa2675f4df431c76512e639a7d6513a
3,droid_episode_016591_frame_000130,3,229,states/droid_episode_016591_frame_000130/media/native_future_seed_229.mp4,1645ac384f90ff2a462d42ecde81c3c8a1fadc8508639a46e61dfbf608cb5cb7
4,droid_episode_036175_frame_000107,0,211,states/droid_episode_036175_frame_000107/media/native_future_seed_211.mp4,de07b30a20eb148159a194111ed9421b55e5893385af84c438a35f4189881a5a
4,droid_episode_036175_frame_000107,1,223,states/droid_episode_036175_frame_000107/media/native_future_seed_223.mp4,cd3ae90c42df09a5da6d50b1f33ccce1ff93742dcb5d7ab2d8119956de317de4
4,droid_episode_036175_frame_000107,2,227,states/droid_episode_036175_frame_000107/media/native_future_seed_227.mp4,b3dcfed48c0fe5748f4aa2dcdade230b402b10a4147bc1a2824367075eedd85b
4,droid_episode_036175_frame_000107,3,229,states/droid_episode_036175_frame_000107/media/native_future_seed_229.mp4,4fed84f93c90a131ffadd9582f14b6471825c2ac76e800239fb0b48510d33620
5,droid_episode_011699_frame_000330,0,211,states/droid_episode_011699_frame_000330/media/native_future_seed_211.mp4,3ec9c0709c8c6a31a1f5bc691e5bdd7f47ffb1932534afe49f1b7f6e15c3accb
5,droid_episode_011699_frame_000330,1,223,states/droid_episode_011699_frame_000330/media/native_future_seed_223.mp4,c220c2bb0bb5c16ad6672ce247bc71571b726bd20e47c9721dc2bcd3f667cde8
5,droid_episode_011699_frame_000330,2,227,states/droid_episode_011699_frame_000330/media/native_future_seed_227.mp4,7954dd344df3d5bbffd0d78646213f3fef833e6512726a626f18c4345a4142af
5,droid_episode_011699_frame_000330,3,229,states/droid_episode_011699_frame_000330/media/native_future_seed_229.mp4,b4adc31ea4aef3c9dd9a9add5ff813c506abba027159a27eef44388df61a388e
6,droid_episode_034636_frame_000261,0,211,states/droid_episode_034636_frame_000261/media/native_future_seed_211.mp4,ac81506911662250a6bfa89b60692993dd33b58809d9d424d5da2739fc018a69
6,droid_episode_034636_frame_000261,1,223,states/droid_episode_034636_frame_000261/media/native_future_seed_223.mp4,246632484f5ea70c71780edd15d252b9e85e08e921b0ad0637aaf1ab7f357628
6,droid_episode_034636_frame_000261,2,227,states/droid_episode_034636_frame_000261/media/native_future_seed_227.mp4,3c8f06f37e2373904b00d9ad01f177a4eacbe865a134a0338ffd34091a88ec25
6,droid_episode_034636_frame_000261,3,229,states/droid_episode_034636_frame_000261/media/native_future_seed_229.mp4,e3ae30c86e38ad079a2127defafd3032df5dfacaa90c4c3c01ffe33b224c2936
7,droid_episode_012839_frame_000207,0,211,states/droid_episode_012839_frame_000207/media/native_future_seed_211.mp4,9a63f4419bbbc2c8cb8ac262abe7857604286e1b550eda6d594daab43f6d8a6d
7,droid_episode_012839_frame_000207,1,223,states/droid_episode_012839_frame_000207/media/native_future_seed_223.mp4,763a033e6b666030e7d420461755e3544c8cfcb4a30be0a89138cabd05b610b4
7,droid_episode_012839_frame_000207,2,227,states/droid_episode_012839_frame_000207/media/native_future_seed_227.mp4,cea9bc52f53f9a772db01ccec47ba699ce344ade6a512a1e55a298e5195d93f6
7,droid_episode_012839_frame_000207,3,229,states/droid_episode_012839_frame_000207/media/native_future_seed_229.mp4,7ed1ccc799a6a9ba748a5ffec0608416153612696e170e0aad98848181df7559
8,droid_episode_016483_frame_000077,0,211,states/droid_episode_016483_frame_000077/media/native_future_seed_211.mp4,5b9822598f6b934c39142ec42774d58d84125905e4472557ebc983d10d8502c0
8,droid_episode_016483_frame_000077,1,223,states/droid_episode_016483_frame_000077/media/native_future_seed_223.mp4,06cbf2a755feb3ce98e1d899d2c112fe5f448348d90589e684a58ccb85d8dfe8
8,droid_episode_016483_frame_000077,2,227,states/droid_episode_016483_frame_000077/media/native_future_seed_227.mp4,b026c3553866aac278899383480b095e8debac599f9cf765ad724fa07a62c62d
8,droid_episode_016483_frame_000077,3,229,states/droid_episode_016483_frame_000077/media/native_future_seed_229.mp4,59fdcd6fd1f4ec2ce92265a7840be120c071aa27a75bec6a1f94375259680663
9,droid_episode_018290_frame_000160,0,211,states/droid_episode_018290_frame_000160/media/native_future_seed_211.mp4,30bff904c0aaca6bdd2da0e2d690515642cddee38952011462c714e000534848
9,droid_episode_018290_frame_000160,1,223,states/droid_episode_018290_frame_000160/media/native_future_seed_223.mp4,7798e97f5031c5ba459ae648dc1cfee28ba1cc5524f90515c5225b45dfa6ed59
9,droid_episode_018290_frame_000160,2,227,states/droid_episode_018290_frame_000160/media/native_future_seed_227.mp4,02f5b0db670598e09d01b4f121bc508c91e23e5285f95967f7e71181e28a22eb
9,droid_episode_018290_frame_000160,3,229,states/droid_episode_018290_frame_000160/media/native_future_seed_229.mp4,9ab2513d01b94385e72de554704aeca5067fcffd922b77dae388c5e08c85127b
10,droid_episode_011256_frame_000212,0,211,states/droid_episode_011256_frame_000212/media/native_future_seed_211.mp4,2cf21fc0bf72eb1e006e44706cfaf9d0cba77944618ec53d7bb26ba9c22ebcb9
10,droid_episode_011256_frame_000212,1,223,states/droid_episode_011256_frame_000212/media/native_future_seed_223.mp4,cba55212e6d2bcde3b57838259be8eaead4c57108f03edc986ab060b3865c1b0
10,droid_episode_011256_frame_000212,2,227,states/droid_episode_011256_frame_000212/media/native_future_seed_227.mp4,a4fdaba6a98b597b403c26263c02da5e0f85177f199ab1aca95f7a2a4feb7ad1
10,droid_episode_011256_frame_000212,3,229,states/droid_episode_011256_frame_000212/media/native_future_seed_229.mp4,90518523ecabd7f87b95eaa6ca678b62e42407fc86dd12e971dc620a733ffd18
11,droid_episode_031870_frame_000098,0,211,states/droid_episode_031870_frame_000098/media/native_future_seed_211.mp4,3c60942da19a2a103f273bb30e06f33dcffcc18b112b779d23963169e52bfc0f
11,droid_episode_031870_frame_000098,1,223,states/droid_episode_031870_frame_000098/media/native_future_seed_223.mp4,2d8058ae735bbb02a87c5bbe25914d0cd0f08e086d9a91535f8079bace416e28
11,droid_episode_031870_frame_000098,2,227,states/droid_episode_031870_frame_000098/media/native_future_seed_227.mp4,a9c9c632f190e72fc3dd76d4d673b26f4a0af00a2d11ea8237f0bfa0b17cd813
11,droid_episode_031870_frame_000098,3,229,states/droid_episode_031870_frame_000098/media/native_future_seed_229.mp4,24468d129ed37acbfe245ff057e31aee7b3088a2ffc72a483e967e52ffc1d887
12,droid_episode_010336_frame_000067,0,211,states/droid_episode_010336_frame_000067/media/native_future_seed_211.mp4,23a4e81324b047dbefb952672236432c7e53e147dd660889ff256d61b798365b
12,droid_episode_010336_frame_000067,1,223,states/droid_episode_010336_frame_000067/media/native_future_seed_223.mp4,3988ab5a20b94b908d7e5b02bf1c2141a49344718973ac79b44d90b177068778
12,droid_episode_010336_frame_000067,2,227,states/droid_episode_010336_frame_000067/media/native_future_seed_227.mp4,4891e4c87cb4af8a468ea4f9f735cab333ba57885a02a21724e896994a169345
12,droid_episode_010336_frame_000067,3,229,states/droid_episode_010336_frame_000067/media/native_future_seed_229.mp4,047642a32d3311a3a302d8286e7f6179c6c7b1802e844521ee64533d175234f9
13,droid_episode_038079_frame_000074,0,211,states/droid_episode_038079_frame_000074/media/native_future_seed_211.mp4,c672f85d891ae7e64d4f1819699b54d65fe1c099a6f87c1fcab8dcce9ab469c1
13,droid_episode_038079_frame_000074,1,223,states/droid_episode_038079_frame_000074/media/native_future_seed_223.mp4,342f9491e63ef5a44c161331c0fef1b924e94f1404212dc08e08561ac8df94ab
13,droid_episode_038079_frame_000074,2,227,states/droid_episode_038079_frame_000074/media/native_future_seed_227.mp4,cf210a96de2cf27e8809a41b839f8c003f92f109b2ebe96e8ecc909b858c70f0
13,droid_episode_038079_frame_000074,3,229,states/droid_episode_038079_frame_000074/media/native_future_seed_229.mp4,3ffc4d8b437ca4da04f9e50aefe3c84f309c815e56db9152195e78cadaf3e42b
14,droid_episode_007416_frame_000134,0,211,states/droid_episode_007416_frame_000134/media/native_future_seed_211.mp4,38e1e49b0fd92daf9f80894229a54f1e27a8111c38a31b367cac7f17ad464002
14,droid_episode_007416_frame_000134,1,223,states/droid_episode_007416_frame_000134/media/native_future_seed_223.mp4,e87eeebe6cfe6c676321f6854c190d4b57320445e15497fd2e4e6095f55738e4
14,droid_episode_007416_frame_000134,2,227,states/droid_episode_007416_frame_000134/media/native_future_seed_227.mp4,754f2c630cdc93ef89ac507ef09739197cdd45c1e3fb2b7dd0f24962421b5bef
14,droid_episode_007416_frame_000134,3,229,states/droid_episode_007416_frame_000134/media/native_future_seed_229.mp4,c649289a52985efdb8590125f1e07f36c810463b38ad1f2b24857de868cb0b85
15,droid_episode_037602_frame_000148,0,211,states/droid_episode_037602_frame_000148/media/native_future_seed_211.mp4,93ae705f46e7b539a0df11dd15d49177027a523044c1fc76aff9d4e1be8f4ff3
15,droid_episode_037602_frame_000148,1,223,states/droid_episode_037602_frame_000148/media/native_future_seed_223.mp4,8c93391ec150d9f8e66631f940a7d1e54f29d58f457af3b1bbd2d448007af376
15,droid_episode_037602_frame_000148,2,227,states/droid_episode_037602_frame_000148/media/native_future_seed_227.mp4,bd4b62dc81ed21f0b608bc8d58fd69ddf40c153b61caed79bb036c73d3d1d31b
15,droid_episode_037602_frame_000148,3,229,states/droid_episode_037602_frame_000148/media/native_future_seed_229.mp4,af78d8ca595f7aed5c5f1f5c44a6928311c7849082b683aed84532b97fc333c3
16,droid_episode_032588_frame_000101,0,211,states/droid_episode_032588_frame_000101/media/native_future_seed_211.mp4,9b7e7f6a0cb699d37dde95754422786a5d5731fd76d1c4dc02e09d21420e4e29
16,droid_episode_032588_frame_000101,1,223,states/droid_episode_032588_frame_000101/media/native_future_seed_223.mp4,bdd4a631db78796d61dfa9128215cb9ff8a0e583dd745e8fb867ea4d28b0089e
16,droid_episode_032588_frame_000101,2,227,states/droid_episode_032588_frame_000101/media/native_future_seed_227.mp4,f5db49641243793998a1835705382ec2083eeea09b72b28dd78d78a67da49623
16,droid_episode_032588_frame_000101,3,229,states/droid_episode_032588_frame_000101/media/native_future_seed_229.mp4,0a3214455fe46cc514e048ded366f125c0a40470ffd3ca29ecdda1434c71f734
17,droid_episode_019166_frame_000104,0,211,states/droid_episode_019166_frame_000104/media/native_future_seed_211.mp4,bc5858b1b6bb442cf83b92d94f70e67efd8545854fe4f168c804fa62d138a032
17,droid_episode_019166_frame_000104,1,223,states/droid_episode_019166_frame_000104/media/native_future_seed_223.mp4,ec66874ca80bb773adafc962b47737f6d677ddb8cc04b0a290cdf555c01df7c7
17,droid_episode_019166_frame_000104,2,227,states/droid_episode_019166_frame_000104/media/native_future_seed_227.mp4,16b6d0388e59c382dee59a3d048593851c4aadc710af075ce9490e98240c6f49
17,droid_episode_019166_frame_000104,3,229,states/droid_episode_019166_frame_000104/media/native_future_seed_229.mp4,fe70156a2f3e91fa1fcd5eccca0a23c4bd2d0f2d725525edc20721c62dcfe193
18,droid_episode_025075_frame_000057,0,211,states/droid_episode_025075_frame_000057/media/native_future_seed_211.mp4,d0227f47d96f2db3c8886793ed5fef0375076417d13c7c35ca57bef8e16b0a60
18,droid_episode_025075_frame_000057,1,223,states/droid_episode_025075_frame_000057/media/native_future_seed_223.mp4,461051f3d7cec08e8c1e9ad4fc4deefad30190f20139660fedc85b6bc332f61e
18,droid_episode_025075_frame_000057,2,227,states/droid_episode_025075_frame_000057/media/native_future_seed_227.mp4,e162c3d8178e23e36507a6fe10e442682ddd4620f396928f1a634622ce5bdb45
18,droid_episode_025075_frame_000057,3,229,states/droid_episode_025075_frame_000057/media/native_future_seed_229.mp4,ddf92e4a77fc3ffe336d3230a6e0e9fd4048a06860d911a1d3278ba71159a5a5
19,droid_episode_044305_frame_000165,0,211,states/droid_episode_044305_frame_000165/media/native_future_seed_211.mp4,b74a51224557f81c1d748377d4fbaea5ddd93d4a676efd39d4d5ee4d1dd0026b
19,droid_episode_044305_frame_000165,1,223,states/droid_episode_044305_frame_000165/media/native_future_seed_223.mp4,b3b222f0e47ada8ae758d1f2ee8a42962e75288b2cc2a4bffb737a11abb0611f
19,droid_episode_044305_frame_000165,2,227,states/droid_episode_044305_frame_000165/media/native_future_seed_227.mp4,467dc496fec1490f9475002b58ee0a1d89899c7f7e8075cf248069da9111adb1
19,droid_episode_044305_frame_000165,3,229,states/droid_episode_044305_frame_000165/media/native_future_seed_229.mp4,62e26e0f0b71ae6fe140d80d264ebf1284cd4b416bd4e5e2a5f65f0273c76088
20,droid_episode_048372_frame_000095,0,211,states/droid_episode_048372_frame_000095/media/native_future_seed_211.mp4,359006569a9001969d16a4100c19df5cfb629bc4fa5cab00e6fa2d1ada4adeae
20,droid_episode_048372_frame_000095,1,223,states/droid_episode_048372_frame_000095/media/native_future_seed_223.mp4,5f24e707ccc09fc0a85284601ee3a56fcb3b3cd03dfbbb8c3ae1d17892e37b99
20,droid_episode_048372_frame_000095,2,227,states/droid_episode_048372_frame_000095/media/native_future_seed_227.mp4,d155c8a406126e73d6c6c6ad0bb64e3b41d6291906fd064a52d51a791e1a9c22
20,droid_episode_048372_frame_000095,3,229,states/droid_episode_048372_frame_000095/media/native_future_seed_229.mp4,173107847d3e4d8eaa26af8f4c7d6e71dc2971bb3d3bfe17f515bc068030559b
21,droid_episode_006011_frame_000178,0,211,states/droid_episode_006011_frame_000178/media/native_future_seed_211.mp4,ed52e9fc8d0e6f73daaa4ec1838e5dd4a2f75d598447f81b100bea3a1cfca95d
21,droid_episode_006011_frame_000178,1,223,states/droid_episode_006011_frame_000178/media/native_future_seed_223.mp4,fa774767474795fa5b71b2785d176c8b02b6cac6d6f4a66a557a7db98b70e61c
21,droid_episode_006011_frame_000178,2,227,states/droid_episode_006011_frame_000178/media/native_future_seed_227.mp4,4ee5044233f22b4dec1d093599d1371bc7f8709add58d95b9dcdd25c92465218
21,droid_episode_006011_frame_000178,3,229,states/droid_episode_006011_frame_000178/media/native_future_seed_229.mp4,5cd5c67877b80f2dd136b0ee0a2bd5070b5ae5e56afed096439ffd2c7bf60b2d
22,droid_episode_051025_frame_000156,0,211,states/droid_episode_051025_frame_000156/media/native_future_seed_211.mp4,a923a4fbdbe9b567b4062b5087c7785b06a3a101944af446331b0d20c8fe6fe4
22,droid_episode_051025_frame_000156,1,223,states/droid_episode_051025_frame_000156/media/native_future_seed_223.mp4,c895ef8998a13e2b849a47f87141852b8eb8cf23ed7bb79bad21e0ef984ad233
22,droid_episode_051025_frame_000156,2,227,states/droid_episode_051025_frame_000156/media/native_future_seed_227.mp4,9ca80ef717beb85d75589627da0f9188a87e1578302d71263aa17248c9bc6ef7
22,droid_episode_051025_frame_000156,3,229,states/droid_episode_051025_frame_000156/media/native_future_seed_229.mp4,40de7835ef004e464504460c8907a8f3c8b9697cb4faadedbc12e0cc16947abe
23,droid_episode_019839_frame_000146,0,211,states/droid_episode_019839_frame_000146/media/native_future_seed_211.mp4,29e437ca9a24441d98608276300f60f5d23095b2c8ac594b30b69ddcb70e67e9
23,droid_episode_019839_frame_000146,1,223,states/droid_episode_019839_frame_000146/media/native_future_seed_223.mp4,8333930bce1734d79a39ed024b540e48fcbb34bc6033e9381f7ea80602f83edc
23,droid_episode_019839_frame_000146,2,227,states/droid_episode_019839_frame_000146/media/native_future_seed_227.mp4,62cb1b4fe4fbc13844b12313934f1c7dab05383f4d77f7c89a86bf2f81a103b7
23,droid_episode_019839_frame_000146,3,229,states/droid_episode_019839_frame_000146/media/native_future_seed_229.mp4,55788ab09829a156befe29affe1c3e7971c9faf6fbfccfb5cd4680e611efe207
24,droid_episode_022570_frame_000068,0,211,states/droid_episode_022570_frame_000068/media/native_future_seed_211.mp4,46a4b2ce3826df7458eeeffcbbf6f20dfd2a9d2dc4e5c8b67d1cf6e74c5471c3
24,droid_episode_022570_frame_000068,1,223,states/droid_episode_022570_frame_000068/media/native_future_seed_223.mp4,eb1bd76328b3033f4f3a18112feec681def351e3941838b813a5ee55bb9f1989
24,droid_episode_022570_frame_000068,2,227,states/droid_episode_022570_frame_000068/media/native_future_seed_227.mp4,fca821a636e54664e23c0ddccaf6856c46f0c0f05cb9a4725c80a3932457b6e3
24,droid_episode_022570_frame_000068,3,229,states/droid_episode_022570_frame_000068/media/native_future_seed_229.mp4,f2d276acae80c48af8e51ef4e344bf99d520628165285279dff787a78e4ee7e1
25,droid_episode_023493_frame_000059,0,211,states/droid_episode_023493_frame_000059/media/native_future_seed_211.mp4,c48f453fce37b334c3a7470759d30dbf4b4addefc5ca346309a09b81e58a256d
25,droid_episode_023493_frame_000059,1,223,states/droid_episode_023493_frame_000059/media/native_future_seed_223.mp4,91dd555850b3eeceab2fbad479163b65d452aea7dbd082e3cb4fc3bc1113bd97
25,droid_episode_023493_frame_000059,2,227,states/droid_episode_023493_frame_000059/media/native_future_seed_227.mp4,5e29da47431e4df02a7616c6829a03ffe82fe3c95d5ec2ab8d4e3c9fd1c33911
25,droid_episode_023493_frame_000059,3,229,states/droid_episode_023493_frame_000059/media/native_future_seed_229.mp4,dd140be728e05b571f64e1a7cb5e2d87389c245bc7bb30356d6ff41f00505dc5
26,droid_episode_050050_frame_000130,0,211,states/droid_episode_050050_frame_000130/media/native_future_seed_211.mp4,ef55390d4c928acb8cb63b30722bd05093d0da7620e45f8ef23ee4b976448d3d
26,droid_episode_050050_frame_000130,1,223,states/droid_episode_050050_frame_000130/media/native_future_seed_223.mp4,df96c5d8d39cbd70cd0815c7d793bb43f5714e96762688a77f96299cf4d6e08c
26,droid_episode_050050_frame_000130,2,227,states/droid_episode_050050_frame_000130/media/native_future_seed_227.mp4,92b2a44beeb6a0094cf7fbbd1cf6ab47fd528b3695e8aa0c42640a9c104e36d6
26,droid_episode_050050_frame_000130,3,229,states/droid_episode_050050_frame_000130/media/native_future_seed_229.mp4,0ab2f37711908b54067a819f89dd6a3aee126b4e99aabb3919ba4b5e4ef60e34
27,droid_episode_042965_frame_000072,0,211,states/droid_episode_042965_frame_000072/media/native_future_seed_211.mp4,0fe985eaca88b0f4b8589442b1596033eb0ad6eb6abbe755396f6012a7c89fd0
27,droid_episode_042965_frame_000072,1,223,states/droid_episode_042965_frame_000072/media/native_future_seed_223.mp4,b866321f4ad84a43f61804c31e993e302934a2a54aa6f8544de6c676fc8ded33
27,droid_episode_042965_frame_000072,2,227,states/droid_episode_042965_frame_000072/media/native_future_seed_227.mp4,ccae4111a6fe450fe93687eaa7af95ffa862316b0df4e787e9a6e510b15002b1
27,droid_episode_042965_frame_000072,3,229,states/droid_episode_042965_frame_000072/media/native_future_seed_229.mp4,193fb1e16004b091660ce5fefea8fea678bff1b9938f3735c0d3daf7e8084ee1
28,droid_episode_043719_frame_000060,0,211,states/droid_episode_043719_frame_000060/media/native_future_seed_211.mp4,61ff9c23bc66c0c815e4b8287950a7916b835a5186eae683b3b5763c46a5767c
28,droid_episode_043719_frame_000060,1,223,states/droid_episode_043719_frame_000060/media/native_future_seed_223.mp4,12b05f13554d2c61a6d38e82b978d2a22248f392dd69fd836ec03eaa34663ee7
28,droid_episode_043719_frame_000060,2,227,states/droid_episode_043719_frame_000060/media/native_future_seed_227.mp4,7cde83e4c0b365bc8bea3589a8512bff14489117b0872beaf0cc9d4c9d5b45d2
28,droid_episode_043719_frame_000060,3,229,states/droid_episode_043719_frame_000060/media/native_future_seed_229.mp4,7bf23bcfa6bcb3676663dd5b9e8449d84484d6b6d7dcafba8d5e912d4d0c31d9
29,droid_episode_019784_frame_000061,0,211,states/droid_episode_019784_frame_000061/media/native_future_seed_211.mp4,3d67ee5e1781541f5cf49f79ba46b7ae02b0e10504686afec4cec4ab6fb0dc04
29,droid_episode_019784_frame_000061,1,223,states/droid_episode_019784_frame_000061/media/native_future_seed_223.mp4,78cc4defa34c93be17ef6d9218a209ce1da9217e2db4cc6641d3699d04bd339a
29,droid_episode_019784_frame_000061,2,227,states/droid_episode_019784_frame_000061/media/native_future_seed_227.mp4,1cca5fb6ba7e9f233d4eec383a2a8a6139358740d32dcdb4d1deacfbbc7359a6
29,droid_episode_019784_frame_000061,3,229,states/droid_episode_019784_frame_000061/media/native_future_seed_229.mp4,83d65e3afed290433af159b0fca46c68824aca3bebf43f033def05227a892f5c
