state_id,suite,task_id,initial_state_index,condition,n_rows,valid_axes,degenerate_axes,invalid_rows,correct_donor_retrieval_rate,donor_distance_reduction,donor_projection,cosine_alignment,orthogonal_residual,orthogonal_residual_ratio,distance_to_donor
libero_spatial_task00_state004_wait30,libero_spatial,0,4,future_recipient_cache_recipient,12,12,0,0,0.0,0.0,0.0,0.0,0.0,0.0,0.7165939385489698
libero_spatial_task00_state004_wait30,libero_spatial,0,4,future_donor_cache_recipient,12,12,0,0,0.0,0.0,0.0,0.0,0.0,0.0,0.7165939385489698
libero_spatial_task00_state004_wait30,libero_spatial,0,4,future_recipient_cache_donor,12,12,0,0,1.0,0.5701249273478443,0.8203952489361285,0.9053677988253653,0.27066179451098876,0.3790929628659569,0.30366786518153305
libero_spatial_task00_state004_wait30,libero_spatial,0,4,future_donor_cache_donor,12,12,0,0,1.0,0.5701249273478443,0.8203952489361285,0.9053677988253653,0.27066179451098876,0.3790929628659569,0.30366786518153305
libero_spatial_task00_state005_wait30,libero_spatial,0,5,future_recipient_cache_recipient,12,12,0,0,0.0,0.0,0.0,0.0,0.0,0.0,0.6196531036374257
libero_spatial_task00_state005_wait30,libero_spatial,0,5,future_donor_cache_recipient,12,12,0,0,0.0,0.0,0.0,0.0,0.0,0.0,0.6196531036374257
libero_spatial_task00_state005_wait30,libero_spatial,0,5,future_recipient_cache_donor,12,12,0,0,1.0,0.48447416991134884,0.7302900532276019,0.8547245856064709,0.26704345588996364,0.43388636743725795,0.3170642644931155
libero_spatial_task00_state005_wait30,libero_spatial,0,5,future_donor_cache_donor,12,12,0,0,1.0,0.48447416991134884,0.7302900532276019,0.8547245856064709,0.26704345588996364,0.43388636743725795,0.3170642644931155
libero_spatial_task00_state006_wait30,libero_spatial,0,6,future_recipient_cache_recipient,12,12,0,0,0.0,0.0,0.0,0.0,0.0,0.0,0.6866069220887425
libero_spatial_task00_state006_wait30,libero_spatial,0,6,future_donor_cache_recipient,12,12,0,0,0.0,0.0,0.0,0.0,0.0,0.0,0.6866069220887425
libero_spatial_task00_state006_wait30,libero_spatial,0,6,future_recipient_cache_donor,12,12,0,0,1.0,0.5544347153969666,0.7693149631330901,0.8950341869068256,0.25796083845055406,0.3803663145487215,0.30275321295588115
libero_spatial_task00_state006_wait30,libero_spatial,0,6,future_donor_cache_donor,12,12,0,0,1.0,0.5544347153969666,0.7693149631330901,0.8950341869068256,0.25796083845055406,0.3803663145487215,0.30275321295588115
libero_spatial_task01_state004_wait30,libero_spatial,1,4,future_recipient_cache_recipient,12,12,0,0,0.0,0.0,0.0,0.0,0.0,0.0,0.39696957938024796
libero_spatial_task01_state004_wait30,libero_spatial,1,4,future_donor_cache_recipient,12,12,0,0,0.0,0.0,0.0,0.0,0.0,0.0,0.39696957938024796
libero_spatial_task01_state004_wait30,libero_spatial,1,4,future_recipient_cache_donor,12,12,0,0,1.0,0.6306448100799927,0.8241034254605758,0.9308171730673961,0.1272186426431318,0.322747884095069,0.14591380521180275
libero_spatial_task01_state004_wait30,libero_spatial,1,4,future_donor_cache_donor,12,12,0,0,1.0,0.6306448100799927,0.8241034254605758,0.9308171730673961,0.1272186426431318,0.322747884095069,0.14591380521180275
libero_spatial_task01_state005_wait30,libero_spatial,1,5,future_recipient_cache_recipient,12,12,0,0,0.0,0.0,0.0,0.0,0.0,0.0,0.547045351201766
libero_spatial_task01_state005_wait30,libero_spatial,1,5,future_donor_cache_recipient,12,12,0,0,0.0,0.0,0.0,0.0,0.0,0.0,0.547045351201766
libero_spatial_task01_state005_wait30,libero_spatial,1,5,future_recipient_cache_donor,12,12,0,0,1.0,0.6644612931624204,0.8266524068156973,0.9432976147015456,0.15391096897960063,0.2859670538718989,0.18053822310692091
libero_spatial_task01_state005_wait30,libero_spatial,1,5,future_donor_cache_donor,12,12,0,0,1.0,0.6644612931624204,0.8266524068156973,0.9432976147015456,0.15391096897960063,0.2859670538718989,0.18053822310692091
libero_spatial_task01_state006_wait30,libero_spatial,1,6,future_recipient_cache_recipient,12,12,0,0,0.0,0.0,0.0,0.0,0.0,0.0,0.4924542617013628
libero_spatial_task01_state006_wait30,libero_spatial,1,6,future_donor_cache_recipient,12,12,0,0,0.0,0.0,0.0,0.0,0.0,0.0,0.4924542617013628
libero_spatial_task01_state006_wait30,libero_spatial,1,6,future_recipient_cache_donor,12,12,0,0,1.0,0.6158092574223394,0.7942689349106548,0.9252453767247925,0.15556865301691178,0.32295737312746725,0.18586287163177362
libero_spatial_task01_state006_wait30,libero_spatial,1,6,future_donor_cache_donor,12,12,0,0,1.0,0.6158092574223394,0.7942689349106548,0.9252453767247925,0.15556865301691178,0.32295737312746725,0.18586287163177362
libero_spatial_task02_state004_wait30,libero_spatial,2,4,future_recipient_cache_recipient,12,12,0,0,0.0,0.0,0.0,0.0,0.0,0.0,0.6028312876475883
libero_spatial_task02_state004_wait30,libero_spatial,2,4,future_donor_cache_recipient,12,12,0,0,0.0,0.0,0.0,0.0,0.0,0.0,0.6028312876475883
libero_spatial_task02_state004_wait30,libero_spatial,2,4,future_recipient_cache_donor,12,12,0,0,1.0,0.5700164343396735,0.8140469556404092,0.8987757660223598,0.22859621335295946,0.3847042644209169,0.2540727063713549
libero_spatial_task02_state004_wait30,libero_spatial,2,4,future_donor_cache_donor,12,12,0,0,1.0,0.5700164343396735,0.8140469556404092,0.8987757660223598,0.22859621335295946,0.3847042644209169,0.2540727063713549
libero_spatial_task02_state005_wait30,libero_spatial,2,5,future_recipient_cache_recipient,12,12,0,0,0.0,0.0,0.0,0.0,0.0,0.0,0.6898783627325827
libero_spatial_task02_state005_wait30,libero_spatial,2,5,future_donor_cache_recipient,12,12,0,0,0.0,0.0,0.0,0.0,0.0,0.0,0.6898783627325827
libero_spatial_task02_state005_wait30,libero_spatial,2,5,future_recipient_cache_donor,12,12,0,0,1.0,0.6458529923752443,0.8591444407954425,0.9335224220143021,0.21899403143393584,0.3229389433894206,0.23994968103826297
libero_spatial_task02_state005_wait30,libero_spatial,2,5,future_donor_cache_donor,12,12,0,0,1.0,0.6458529923752443,0.8591444407954425,0.9335224220143021,0.21899403143393584,0.3229389433894206,0.23994968103826297
libero_spatial_task02_state006_wait30,libero_spatial,2,6,future_recipient_cache_recipient,12,12,0,0,0.0,0.0,0.0,0.0,0.0,0.0,0.617809293190925
libero_spatial_task02_state006_wait30,libero_spatial,2,6,future_donor_cache_recipient,12,12,0,0,0.0,0.0,0.0,0.0,0.0,0.0,0.617809293190925
libero_spatial_task02_state006_wait30,libero_spatial,2,6,future_recipient_cache_donor,12,12,0,0,1.0,0.6388409578309278,0.8235995041939851,0.930431139154874,0.1901883078083517,0.31322995721468916,0.2178211676083037
libero_spatial_task02_state006_wait30,libero_spatial,2,6,future_donor_cache_donor,12,12,0,0,1.0,0.6388409578309278,0.8235995041939851,0.930431139154874,0.1901883078083517,0.31322995721468916,0.2178211676083037
libero_spatial_task03_state004_wait30,libero_spatial,3,4,future_recipient_cache_recipient,12,12,0,0,0.0,0.0,0.0,0.0,0.0,0.0,0.6665410826311088
libero_spatial_task03_state004_wait30,libero_spatial,3,4,future_donor_cache_recipient,12,12,0,0,0.0,0.0,0.0,0.0,0.0,0.0,0.6665410826311088
libero_spatial_task03_state004_wait30,libero_spatial,3,4,future_recipient_cache_donor,12,12,0,0,1.0,0.5807502753133966,0.7889215366954687,0.9054115826832395,0.229559980372298,0.3579900927344843,0.2700252595161556
libero_spatial_task03_state004_wait30,libero_spatial,3,4,future_donor_cache_donor,12,12,0,0,1.0,0.5807502753133966,0.7889215366954687,0.9054115826832395,0.229559980372298,0.3579900927344843,0.2700252595161556
libero_spatial_task03_state005_wait30,libero_spatial,3,5,future_recipient_cache_recipient,12,12,0,0,0.0,0.0,0.0,0.0,0.0,0.0,0.6182707831628358
libero_spatial_task03_state005_wait30,libero_spatial,3,5,future_donor_cache_recipient,12,12,0,0,0.0,0.0,0.0,0.0,0.0,0.0,0.6182707831628358
libero_spatial_task03_state005_wait30,libero_spatial,3,5,future_recipient_cache_donor,12,12,0,0,1.0,0.5549993353132251,0.7916551929394897,0.8950341888490247,0.2385319201488966,0.38910504139810204,0.2730999201466948
libero_spatial_task03_state005_wait30,libero_spatial,3,5,future_donor_cache_donor,12,12,0,0,1.0,0.5549993353132251,0.7916551929394897,0.8950341888490247,0.2385319201488966,0.38910504139810204,0.2730999201466948
libero_spatial_task03_state006_wait30,libero_spatial,3,6,future_recipient_cache_recipient,12,12,0,0,0.0,0.0,0.0,0.0,0.0,0.0,0.6201739548016441
libero_spatial_task03_state006_wait30,libero_spatial,3,6,future_donor_cache_recipient,12,12,0,0,0.0,0.0,0.0,0.0,0.0,0.0,0.6201739548016441
libero_spatial_task03_state006_wait30,libero_spatial,3,6,future_recipient_cache_donor,12,12,0,0,1.0,0.5705490520726385,0.7725504375985587,0.9028822076183699,0.2198363621058396,0.3596490396074621,0.26273196234683766
libero_spatial_task03_state006_wait30,libero_spatial,3,6,future_donor_cache_donor,12,12,0,0,1.0,0.5705490520726385,0.7725504375985587,0.9028822076183699,0.2198363621058396,0.3596490396074621,0.26273196234683766
libero_spatial_task04_state004_wait30,libero_spatial,4,4,future_recipient_cache_recipient,12,12,0,0,0.0,0.0,0.0,0.0,0.0,0.0,0.7563013164059099
libero_spatial_task04_state004_wait30,libero_spatial,4,4,future_donor_cache_recipient,12,12,0,0,0.0,0.0,0.0,0.0,0.0,0.0,0.7563013164059099
libero_spatial_task04_state004_wait30,libero_spatial,4,4,future_recipient_cache_donor,12,12,0,0,1.0,0.6644812779799563,0.8950036676266512,0.941389722688044,0.23323114892376726,0.314019482461211,0.2474317970832051
libero_spatial_task04_state004_wait30,libero_spatial,4,4,future_donor_cache_donor,12,12,0,0,1.0,0.6644812779799563,0.8950036676266512,0.941389722688044,0.23323114892376726,0.314019482461211,0.2474317970832051
libero_spatial_task04_state005_wait30,libero_spatial,4,5,future_recipient_cache_recipient,12,12,0,0,0.0,0.0,0.0,0.0,0.0,0.0,0.8867800596816607
libero_spatial_task04_state005_wait30,libero_spatial,4,5,future_donor_cache_recipient,12,12,0,0,0.0,0.0,0.0,0.0,0.0,0.0,0.8867800596816607
libero_spatial_task04_state005_wait30,libero_spatial,4,5,future_recipient_cache_donor,12,12,0,0,1.0,0.6968287670728784,0.8885971014129673,0.9522898434367669,0.24227372620536133,0.27848099648872066,0.26418164815820266
libero_spatial_task04_state005_wait30,libero_spatial,4,5,future_donor_cache_donor,12,12,0,0,1.0,0.6968287670728784,0.8885971014129673,0.9522898434367669,0.24227372620536133,0.27848099648872066,0.26418164815820266
libero_spatial_task04_state006_wait30,libero_spatial,4,6,future_recipient_cache_recipient,12,12,0,0,0.0,0.0,0.0,0.0,0.0,0.0,0.7117085311940841
libero_spatial_task04_state006_wait30,libero_spatial,4,6,future_donor_cache_recipient,12,12,0,0,0.0,0.0,0.0,0.0,0.0,0.0,0.7117085311940841
libero_spatial_task04_state006_wait30,libero_spatial,4,6,future_recipient_cache_donor,12,12,0,0,1.0,0.6707710777021472,0.8792263846381355,0.9442890481457685,0.2159429327785677,0.3041746076551172,0.23364945091563005
libero_spatial_task04_state006_wait30,libero_spatial,4,6,future_donor_cache_donor,12,12,0,0,1.0,0.6707710777021472,0.8792263846381355,0.9442890481457685,0.2159429327785677,0.3041746076551172,0.23364945091563005
libero_spatial_task05_state004_wait30,libero_spatial,5,4,future_recipient_cache_recipient,12,12,0,0,0.0,0.0,0.0,0.0,0.0,0.0,2.0324753225934917
libero_spatial_task05_state004_wait30,libero_spatial,5,4,future_donor_cache_recipient,12,12,0,0,0.0,0.0,0.0,0.0,0.0,0.0,2.0324753225934917
libero_spatial_task05_state004_wait30,libero_spatial,5,4,future_recipient_cache_donor,12,12,0,0,1.0,0.7949144268230853,0.9213847208215066,0.9718035600289004,0.29218295844681413,0.18633290373048858,0.3114003481131235
libero_spatial_task05_state004_wait30,libero_spatial,5,4,future_donor_cache_donor,12,12,0,0,1.0,0.7949144268230853,0.9213847208215066,0.9718035600289004,0.29218295844681413,0.18633290373048858,0.3114003481131235
libero_spatial_task05_state005_wait30,libero_spatial,5,5,future_recipient_cache_recipient,12,12,0,0,0.0,0.0,0.0,0.0,0.0,0.0,2.088412368880627
libero_spatial_task05_state005_wait30,libero_spatial,5,5,future_donor_cache_recipient,12,12,0,0,0.0,0.0,0.0,0.0,0.0,0.0,2.088412368880627
libero_spatial_task05_state005_wait30,libero_spatial,5,5,future_recipient_cache_donor,12,12,0,0,1.0,0.7767757826816406,0.9694678441596793,0.961264448885208,0.4090436301726576,0.22012555128768993,0.41371432364300914
libero_spatial_task05_state005_wait30,libero_spatial,5,5,future_donor_cache_donor,12,12,0,0,1.0,0.7767757826816406,0.9694678441596793,0.961264448885208,0.4090436301726576,0.22012555128768993,0.41371432364300914
libero_spatial_task05_state006_wait30,libero_spatial,5,6,future_recipient_cache_recipient,12,12,0,0,0.0,0.0,0.0,0.0,0.0,0.0,0.6616462830114691
libero_spatial_task05_state006_wait30,libero_spatial,5,6,future_donor_cache_recipient,12,12,0,0,0.0,0.0,0.0,0.0,0.0,0.0,0.6616462830114691
libero_spatial_task05_state006_wait30,libero_spatial,5,6,future_recipient_cache_donor,12,12,0,0,1.0,0.5679805559016913,0.7737709582344209,0.9023005082596761,0.24247061674681938,0.3676112489160605,0.2846778247808766
libero_spatial_task05_state006_wait30,libero_spatial,5,6,future_donor_cache_donor,12,12,0,0,1.0,0.5679805559016913,0.7737709582344209,0.9023005082596761,0.24247061674681938,0.3676112489160605,0.2846778247808766
libero_spatial_task06_state004_wait30,libero_spatial,6,4,future_recipient_cache_recipient,12,12,0,0,0.0,0.0,0.0,0.0,0.0,0.0,0.680837092234852
libero_spatial_task06_state004_wait30,libero_spatial,6,4,future_donor_cache_recipient,12,12,0,0,0.0,0.0,0.0,0.0,0.0,0.0,0.680837092234852
libero_spatial_task06_state004_wait30,libero_spatial,6,4,future_recipient_cache_donor,12,12,0,0,1.0,0.6066663888400927,0.8112225072769469,0.9232016560233509,0.22444473744251195,0.33649294402927793,0.26560640292132076
libero_spatial_task06_state004_wait30,libero_spatial,6,4,future_donor_cache_donor,12,12,0,0,1.0,0.6066663888400927,0.8112225072769469,0.9232016560233509,0.22444473744251195,0.33649294402927793,0.26560640292132076
libero_spatial_task06_state005_wait30,libero_spatial,6,5,future_recipient_cache_recipient,12,12,0,0,0.0,0.0,0.0,0.0,0.0,0.0,0.6339421502299342
libero_spatial_task06_state005_wait30,libero_spatial,6,5,future_donor_cache_recipient,12,12,0,0,0.0,0.0,0.0,0.0,0.0,0.0,0.6339421502299342
libero_spatial_task06_state005_wait30,libero_spatial,6,5,future_recipient_cache_donor,12,12,0,0,1.0,0.5694488715529847,0.772965424043713,0.8983655946859525,0.21757912337336224,0.36141674073344915,0.2602843587993045
libero_spatial_task06_state005_wait30,libero_spatial,6,5,future_donor_cache_donor,12,12,0,0,1.0,0.5694488715529847,0.772965424043713,0.8983655946859525,0.21757912337336224,0.36141674073344915,0.2602843587993045
libero_spatial_task06_state006_wait30,libero_spatial,6,6,future_recipient_cache_recipient,12,12,0,0,0.0,0.0,0.0,0.0,0.0,0.0,0.6140045962864099
libero_spatial_task06_state006_wait30,libero_spatial,6,6,future_donor_cache_recipient,12,12,0,0,0.0,0.0,0.0,0.0,0.0,0.0,0.6140045962864099
libero_spatial_task06_state006_wait30,libero_spatial,6,6,future_recipient_cache_donor,12,12,0,0,1.0,0.5720311476761519,0.7572139451421269,0.9044903421378568,0.20752439717045268,0.34703854212051705,0.2567375537473036
libero_spatial_task06_state006_wait30,libero_spatial,6,6,future_donor_cache_donor,12,12,0,0,1.0,0.5720311476761519,0.7572139451421269,0.9044903421378568,0.20752439717045268,0.34703854212051705,0.2567375537473036
libero_spatial_task07_state004_wait30,libero_spatial,7,4,future_recipient_cache_recipient,12,12,0,0,0.0,0.0,0.0,0.0,0.0,0.0,2.375077913351274
libero_spatial_task07_state004_wait30,libero_spatial,7,4,future_donor_cache_recipient,12,12,0,0,0.0,0.0,0.0,0.0,0.0,0.0,2.375077913351274
libero_spatial_task07_state004_wait30,libero_spatial,7,4,future_recipient_cache_donor,12,12,0,0,1.0,0.8584846150556545,0.9598926588406765,0.9843904899922423,0.24548004587311764,0.13338541369182785,0.25242234395061397
libero_spatial_task07_state004_wait30,libero_spatial,7,4,future_donor_cache_donor,12,12,0,0,1.0,0.8584846150556545,0.9598926588406765,0.9843904899922423,0.24548004587311764,0.13338541369182785,0.25242234395061397
libero_spatial_task07_state005_wait30,libero_spatial,7,5,future_recipient_cache_recipient,12,12,0,0,0.0,0.0,0.0,0.0,0.0,0.0,1.3953865704691413
libero_spatial_task07_state005_wait30,libero_spatial,7,5,future_donor_cache_recipient,12,12,0,0,0.0,0.0,0.0,0.0,0.0,0.0,1.3953865704691413
libero_spatial_task07_state005_wait30,libero_spatial,7,5,future_recipient_cache_donor,12,12,0,0,1.0,0.7661877373336319,0.9026739814622101,0.9652769946048047,0.22091525701209458,0.2074636023780926,0.239272671229394
libero_spatial_task07_state005_wait30,libero_spatial,7,5,future_donor_cache_donor,12,12,0,0,1.0,0.7661877373336319,0.9026739814622101,0.9652769946048047,0.22091525701209458,0.2074636023780926,0.239272671229394
libero_spatial_task07_state006_wait30,libero_spatial,7,6,future_recipient_cache_recipient,12,12,0,0,0.0,0.0,0.0,0.0,0.0,0.0,2.0153243702888095
libero_spatial_task07_state006_wait30,libero_spatial,7,6,future_donor_cache_recipient,12,12,0,0,0.0,0.0,0.0,0.0,0.0,0.0,2.0153243702888095
libero_spatial_task07_state006_wait30,libero_spatial,7,6,future_recipient_cache_donor,12,12,0,0,1.0,0.8470213078779657,0.9545698766791046,0.9844580258891473,0.2432805286223887,0.14352668559811818,0.2515887317490791
libero_spatial_task07_state006_wait30,libero_spatial,7,6,future_donor_cache_donor,12,12,0,0,1.0,0.8470213078779657,0.9545698766791046,0.9844580258891473,0.2432805286223887,0.14352668559811818,0.2515887317490791
libero_spatial_task08_state004_wait30,libero_spatial,8,4,future_recipient_cache_recipient,12,12,0,0,0.0,0.0,0.0,0.0,0.0,0.0,0.6590723626105542
libero_spatial_task08_state004_wait30,libero_spatial,8,4,future_donor_cache_recipient,12,12,0,0,0.0,0.0,0.0,0.0,0.0,0.0,0.6590723626105542
libero_spatial_task08_state004_wait30,libero_spatial,8,4,future_recipient_cache_donor,12,12,0,0,1.0,0.6090550423697692,0.8128627009100909,0.9215410891561754,0.22345884983134223,0.33929779494343487,0.2572123195801531
libero_spatial_task08_state004_wait30,libero_spatial,8,4,future_donor_cache_donor,12,12,0,0,1.0,0.6090550423697692,0.8128627009100909,0.9215410891561754,0.22345884983134223,0.33929779494343487,0.2572123195801531
libero_spatial_task08_state005_wait30,libero_spatial,8,5,future_recipient_cache_recipient,12,12,0,0,0.0,0.0,0.0,0.0,0.0,0.0,0.7792880332097649
libero_spatial_task08_state005_wait30,libero_spatial,8,5,future_donor_cache_recipient,12,12,0,0,0.0,0.0,0.0,0.0,0.0,0.0,0.7792880332097649
libero_spatial_task08_state005_wait30,libero_spatial,8,5,future_recipient_cache_donor,12,12,0,0,1.0,0.6539795210082845,0.8361071354681869,0.9368192669346889,0.2253491223667091,0.30267876396101295,0.2582615720591344
libero_spatial_task08_state005_wait30,libero_spatial,8,5,future_donor_cache_donor,12,12,0,0,1.0,0.6539795210082845,0.8361071354681869,0.9368192669346889,0.2253491223667091,0.30267876396101295,0.2582615720591344
libero_spatial_task08_state006_wait30,libero_spatial,8,6,future_recipient_cache_recipient,12,12,0,0,0.0,0.0,0.0,0.0,0.0,0.0,0.6571776744970069
libero_spatial_task08_state006_wait30,libero_spatial,8,6,future_donor_cache_recipient,12,12,0,0,0.0,0.0,0.0,0.0,0.0,0.0,0.6571776744970069
libero_spatial_task08_state006_wait30,libero_spatial,8,6,future_recipient_cache_donor,12,12,0,0,1.0,0.612517935135187,0.8362751948369823,0.9219798739098053,0.22627316258402438,0.3465014859668987,0.25306864376073296
libero_spatial_task08_state006_wait30,libero_spatial,8,6,future_donor_cache_donor,12,12,0,0,1.0,0.612517935135187,0.8362751948369823,0.9219798739098053,0.22627316258402438,0.3465014859668987,0.25306864376073296
libero_spatial_task09_state004_wait30,libero_spatial,9,4,future_recipient_cache_recipient,12,12,0,0,0.0,0.0,0.0,0.0,0.0,0.0,0.803968670598946
libero_spatial_task09_state004_wait30,libero_spatial,9,4,future_donor_cache_recipient,12,12,0,0,0.0,0.0,0.0,0.0,0.0,0.0,0.803968670598946
libero_spatial_task09_state004_wait30,libero_spatial,9,4,future_recipient_cache_donor,12,12,0,0,1.0,0.6384295788664148,0.8447533633044794,0.9332809809635124,0.25654695976238345,0.32264502619464025,0.28820327688536695
libero_spatial_task09_state004_wait30,libero_spatial,9,4,future_donor_cache_donor,12,12,0,0,1.0,0.6384295788664148,0.8447533633044794,0.9332809809635124,0.25654695976238345,0.32264502619464025,0.28820327688536695
libero_spatial_task09_state005_wait30,libero_spatial,9,5,future_recipient_cache_recipient,12,12,0,0,0.0,0.0,0.0,0.0,0.0,0.0,0.7200816905862456
libero_spatial_task09_state005_wait30,libero_spatial,9,5,future_donor_cache_recipient,12,12,0,0,0.0,0.0,0.0,0.0,0.0,0.0,0.7200816905862456
libero_spatial_task09_state005_wait30,libero_spatial,9,5,future_recipient_cache_donor,12,12,0,0,1.0,0.6283560975877389,0.8566497699529104,0.9277965441291715,0.23949105202083562,0.3369044133270854,0.26271699279734523
libero_spatial_task09_state005_wait30,libero_spatial,9,5,future_donor_cache_donor,12,12,0,0,1.0,0.6283560975877389,0.8566497699529104,0.9277965441291715,0.23949105202083562,0.3369044133270854,0.26271699279734523
libero_spatial_task09_state006_wait30,libero_spatial,9,6,future_recipient_cache_recipient,12,12,0,0,0.0,0.0,0.0,0.0,0.0,0.0,0.9368046803763405
libero_spatial_task09_state006_wait30,libero_spatial,9,6,future_donor_cache_recipient,12,12,0,0,0.0,0.0,0.0,0.0,0.0,0.0,0.9368046803763405
libero_spatial_task09_state006_wait30,libero_spatial,9,6,future_recipient_cache_donor,12,12,0,0,1.0,0.6949998054265446,0.8762092470005055,0.9516640618322705,0.2540508589861294,0.2761194574228792,0.27982465309553195
libero_spatial_task09_state006_wait30,libero_spatial,9,6,future_donor_cache_donor,12,12,0,0,1.0,0.6949998054265446,0.8762092470005055,0.9516640618322705,0.2540508589861294,0.2761194574228792,0.27982465309553195
libero_object_task00_state004_wait30,libero_object,0,4,future_recipient_cache_recipient,12,12,0,0,0.0,0.0,0.0,0.0,0.0,0.0,0.9301194424424976
libero_object_task00_state004_wait30,libero_object,0,4,future_donor_cache_recipient,12,12,0,0,0.0,0.0,0.0,0.0,0.0,0.0,0.9301194424424976
libero_object_task00_state004_wait30,libero_object,0,4,future_recipient_cache_donor,12,12,0,0,1.0,0.7808188282336208,0.9460855643929381,0.9753356947580843,0.19405625873515672,0.2113127162606838,0.20113646826563547
libero_object_task00_state004_wait30,libero_object,0,4,future_donor_cache_donor,12,12,0,0,1.0,0.7808188282336208,0.9460855643929381,0.9753356947580843,0.19405625873515672,0.2113127162606838,0.20113646826563547
libero_object_task00_state005_wait30,libero_object,0,5,future_recipient_cache_recipient,12,12,0,0,0.0,0.0,0.0,0.0,0.0,0.0,0.8097688419097504
libero_object_task00_state005_wait30,libero_object,0,5,future_donor_cache_recipient,12,12,0,0,0.0,0.0,0.0,0.0,0.0,0.0,0.8097688419097504
libero_object_task00_state005_wait30,libero_object,0,5,future_recipient_cache_donor,12,12,0,0,1.0,0.7547959811296449,0.9419545138622984,0.9685474676737447,0.18597778411668253,0.2359009663258308,0.1929727087439638
libero_object_task00_state005_wait30,libero_object,0,5,future_donor_cache_donor,12,12,0,0,1.0,0.7547959811296449,0.9419545138622984,0.9685474676737447,0.18597778411668253,0.2359009663258308,0.1929727087439638
libero_object_task00_state006_wait30,libero_object,0,6,future_recipient_cache_recipient,12,12,0,0,0.0,0.0,0.0,0.0,0.0,0.0,0.7251613550405759
libero_object_task00_state006_wait30,libero_object,0,6,future_donor_cache_recipient,12,12,0,0,0.0,0.0,0.0,0.0,0.0,0.0,0.7251613550405759
libero_object_task00_state006_wait30,libero_object,0,6,future_recipient_cache_donor,12,12,0,0,1.0,0.7261033599211073,0.96697246335752,0.9622810056111758,0.19235488287411762,0.27029347238437756,0.19484794726887536
libero_object_task00_state006_wait30,libero_object,0,6,future_donor_cache_donor,12,12,0,0,1.0,0.7261033599211073,0.96697246335752,0.9622810056111758,0.19235488287411762,0.27029347238437756,0.19484794726887536
libero_object_task01_state004_wait30,libero_object,1,4,future_recipient_cache_recipient,12,12,0,0,0.0,0.0,0.0,0.0,0.0,0.0,1.054840766996292
libero_object_task01_state004_wait30,libero_object,1,4,future_donor_cache_recipient,12,12,0,0,0.0,0.0,0.0,0.0,0.0,0.0,1.054840766996292
libero_object_task01_state004_wait30,libero_object,1,4,future_recipient_cache_donor,12,12,0,0,1.0,0.8003907184210654,0.9276484998666344,0.980190114253841,0.19062586394266204,0.18394158074043734,0.20541880845336366
libero_object_task01_state004_wait30,libero_object,1,4,future_donor_cache_donor,12,12,0,0,1.0,0.8003907184210654,0.9276484998666344,0.980190114253841,0.19062586394266204,0.18394158074043734,0.20541880845336366
libero_object_task01_state005_wait30,libero_object,1,5,future_recipient_cache_recipient,12,12,0,0,0.0,0.0,0.0,0.0,0.0,0.0,0.8761276284378515
libero_object_task01_state005_wait30,libero_object,1,5,future_donor_cache_recipient,12,12,0,0,0.0,0.0,0.0,0.0,0.0,0.0,0.8761276284378515
libero_object_task01_state005_wait30,libero_object,1,5,future_recipient_cache_donor,12,12,0,0,1.0,0.7536253540612518,0.9156712163238567,0.9689146226438248,0.19834646685601723,0.22988797075155787,0.21150528931282042
libero_object_task01_state005_wait30,libero_object,1,5,future_donor_cache_donor,12,12,0,0,1.0,0.7536253540612518,0.9156712163238567,0.9689146226438248,0.19834646685601723,0.22988797075155787,0.21150528931282042
libero_object_task01_state006_wait30,libero_object,1,6,future_recipient_cache_recipient,12,12,0,0,0.0,0.0,0.0,0.0,0.0,0.0,1.22671023644365
libero_object_task01_state006_wait30,libero_object,1,6,future_donor_cache_recipient,12,12,0,0,0.0,0.0,0.0,0.0,0.0,0.0,1.22671023644365
libero_object_task01_state006_wait30,libero_object,1,6,future_recipient_cache_donor,12,12,0,0,1.0,0.8214080923406035,0.9456702758885583,0.9830038747308474,0.1970847926643032,0.16952502043147957,0.20831339718697883
libero_object_task01_state006_wait30,libero_object,1,6,future_donor_cache_donor,12,12,0,0,1.0,0.8214080923406035,0.9456702758885583,0.9830038747308474,0.1970847926643032,0.16952502043147957,0.20831339718697883
libero_object_task02_state004_wait30,libero_object,2,4,future_recipient_cache_recipient,12,12,0,0,0.0,0.0,0.0,0.0,0.0,0.0,0.7111481910102514
libero_object_task02_state004_wait30,libero_object,2,4,future_donor_cache_recipient,12,12,0,0,0.0,0.0,0.0,0.0,0.0,0.0,0.7111481910102514
libero_object_task02_state004_wait30,libero_object,2,4,future_recipient_cache_donor,12,12,0,0,1.0,0.7483872720103606,0.9150051065408743,0.9678593477279556,0.16472764258511643,0.23550134595112646,0.17656302760707795
libero_object_task02_state004_wait30,libero_object,2,4,future_donor_cache_donor,12,12,0,0,1.0,0.7483872720103606,0.9150051065408743,0.9678593477279556,0.16472764258511643,0.23550134595112646,0.17656302760707795
libero_object_task02_state005_wait30,libero_object,2,5,future_recipient_cache_recipient,12,12,0,0,0.0,0.0,0.0,0.0,0.0,0.0,0.6420875352108183
libero_object_task02_state005_wait30,libero_object,2,5,future_donor_cache_recipient,12,12,0,0,0.0,0.0,0.0,0.0,0.0,0.0,0.6420875352108183
libero_object_task02_state005_wait30,libero_object,2,5,future_recipient_cache_donor,12,12,0,0,1.0,0.7052212066713487,0.8995581909362084,0.9545046315156785,0.1745011312281206,0.27673218899633695,0.18565817080770286
libero_object_task02_state005_wait30,libero_object,2,5,future_donor_cache_donor,12,12,0,0,1.0,0.7052212066713487,0.8995581909362084,0.9545046315156785,0.1745011312281206,0.27673218899633695,0.18565817080770286
libero_object_task02_state006_wait30,libero_object,2,6,future_recipient_cache_recipient,12,12,0,0,0.0,0.0,0.0,0.0,0.0,0.0,0.5884326150719573
libero_object_task02_state006_wait30,libero_object,2,6,future_donor_cache_recipient,12,12,0,0,0.0,0.0,0.0,0.0,0.0,0.0,0.5884326150719573
libero_object_task02_state006_wait30,libero_object,2,6,future_recipient_cache_donor,12,12,0,0,1.0,0.725230533026079,0.897487088987297,0.9616730431480683,0.1493284844142037,0.25448744142686014,0.1611853110705223
libero_object_task02_state006_wait30,libero_object,2,6,future_donor_cache_donor,12,12,0,0,1.0,0.725230533026079,0.897487088987297,0.9616730431480683,0.1493284844142037,0.25448744142686014,0.1611853110705223
libero_object_task03_state004_wait30,libero_object,3,4,future_recipient_cache_recipient,12,12,0,0,0.0,0.0,0.0,0.0,0.0,0.0,0.94945296784294
libero_object_task03_state004_wait30,libero_object,3,4,future_donor_cache_recipient,12,12,0,0,0.0,0.0,0.0,0.0,0.0,0.0,0.94945296784294
libero_object_task03_state004_wait30,libero_object,3,4,future_recipient_cache_donor,12,12,0,0,1.0,0.7722412841164075,0.9288626984228796,0.971801257410262,0.1891135339922132,0.21581120174156357,0.199932528344502
libero_object_task03_state004_wait30,libero_object,3,4,future_donor_cache_donor,12,12,0,0,1.0,0.7722412841164075,0.9288626984228796,0.971801257410262,0.1891135339922132,0.21581120174156357,0.199932528344502
libero_object_task03_state005_wait30,libero_object,3,5,future_recipient_cache_recipient,12,12,0,0,0.0,0.0,0.0,0.0,0.0,0.0,0.6202272930208569
libero_object_task03_state005_wait30,libero_object,3,5,future_donor_cache_recipient,12,12,0,0,0.0,0.0,0.0,0.0,0.0,0.0,0.6202272930208569
libero_object_task03_state005_wait30,libero_object,3,5,future_recipient_cache_donor,12,12,0,0,1.0,0.7142348096560475,0.8946921470125471,0.9586234111624417,0.16018406718741263,0.2633393011843632,0.1742864822669672
libero_object_task03_state005_wait30,libero_object,3,5,future_donor_cache_donor,12,12,0,0,1.0,0.7142348096560475,0.8946921470125471,0.9586234111624417,0.16018406718741263,0.2633393011843632,0.1742864822669672
libero_object_task03_state006_wait30,libero_object,3,6,future_recipient_cache_recipient,12,12,0,0,0.0,0.0,0.0,0.0,0.0,0.0,0.9919014386749372
libero_object_task03_state006_wait30,libero_object,3,6,future_donor_cache_recipient,12,12,0,0,0.0,0.0,0.0,0.0,0.0,0.0,0.9919014386749372
libero_object_task03_state006_wait30,libero_object,3,6,future_recipient_cache_donor,12,12,0,0,1.0,0.7952636268298177,0.9335229590195274,0.9785190290694229,0.18344493351492377,0.19067808909107353,0.19502295548190005
libero_object_task03_state006_wait30,libero_object,3,6,future_donor_cache_donor,12,12,0,0,1.0,0.7952636268298177,0.9335229590195274,0.9785190290694229,0.18344493351492377,0.19067808909107353,0.19502295548190005
libero_object_task04_state004_wait30,libero_object,4,4,future_recipient_cache_recipient,12,12,0,0,0.0,0.0,0.0,0.0,0.0,0.0,0.6713687226089751
libero_object_task04_state004_wait30,libero_object,4,4,future_donor_cache_recipient,12,12,0,0,0.0,0.0,0.0,0.0,0.0,0.0,0.6713687226089751
libero_object_task04_state004_wait30,libero_object,4,4,future_recipient_cache_donor,12,12,0,0,1.0,0.7408823142884718,0.9166934763653458,0.9659318202735895,0.1638466395998733,0.24443208937785743,0.17382225018231803
libero_object_task04_state004_wait30,libero_object,4,4,future_donor_cache_donor,12,12,0,0,1.0,0.7408823142884718,0.9166934763653458,0.9659318202735895,0.1638466395998733,0.24443208937785743,0.17382225018231803
libero_object_task04_state005_wait30,libero_object,4,5,future_recipient_cache_recipient,12,12,0,0,0.0,0.0,0.0,0.0,0.0,0.0,0.6648840797696066
libero_object_task04_state005_wait30,libero_object,4,5,future_donor_cache_recipient,12,12,0,0,0.0,0.0,0.0,0.0,0.0,0.0,0.6648840797696066
libero_object_task04_state005_wait30,libero_object,4,5,future_recipient_cache_donor,12,12,0,0,1.0,0.7503210504733898,0.948511357373054,0.9686243753087574,0.15976943192340673,0.2420434050594316,0.16466793126537316
libero_object_task04_state005_wait30,libero_object,4,5,future_donor_cache_donor,12,12,0,0,1.0,0.7503210504733898,0.948511357373054,0.9686243753087574,0.15976943192340673,0.2420434050594316,0.16466793126537316
libero_object_task04_state006_wait30,libero_object,4,6,future_recipient_cache_recipient,12,12,0,0,0.0,0.0,0.0,0.0,0.0,0.0,0.7236786840482315
libero_object_task04_state006_wait30,libero_object,4,6,future_donor_cache_recipient,12,12,0,0,0.0,0.0,0.0,0.0,0.0,0.0,0.7236786840482315
libero_object_task04_state006_wait30,libero_object,4,6,future_recipient_cache_donor,12,12,0,0,1.0,0.7501586742618334,0.9382937478935314,0.9653621074973288,0.16228959488394473,0.2410473122406291,0.16749886377588266
libero_object_task04_state006_wait30,libero_object,4,6,future_donor_cache_donor,12,12,0,0,1.0,0.7501586742618334,0.9382937478935314,0.9653621074973288,0.16228959488394473,0.2410473122406291,0.16749886377588266
libero_object_task05_state004_wait30,libero_object,5,4,future_recipient_cache_recipient,12,12,0,0,0.0,0.0,0.0,0.0,0.0,0.0,0.7689053317376388
libero_object_task05_state004_wait30,libero_object,5,4,future_donor_cache_recipient,12,12,0,0,0.0,0.0,0.0,0.0,0.0,0.0,0.7689053317376388
libero_object_task05_state004_wait30,libero_object,5,4,future_recipient_cache_donor,12,12,0,0,1.0,0.7458669536505228,0.9169394874568951,0.9650306348614711,0.16980927135226412,0.2380593595426386,0.18023423180471485
libero_object_task05_state004_wait30,libero_object,5,4,future_donor_cache_donor,12,12,0,0,1.0,0.7458669536505228,0.9169394874568951,0.9650306348614711,0.16980927135226412,0.2380593595426386,0.18023423180471485
libero_object_task05_state005_wait30,libero_object,5,5,future_recipient_cache_recipient,12,12,0,0,0.0,0.0,0.0,0.0,0.0,0.0,1.109544355356743
libero_object_task05_state005_wait30,libero_object,5,5,future_donor_cache_recipient,12,12,0,0,0.0,0.0,0.0,0.0,0.0,0.0,1.109544355356743
libero_object_task05_state005_wait30,libero_object,5,5,future_recipient_cache_donor,12,12,0,0,1.0,0.8139495127153187,0.9512603362833346,0.9823458966438467,0.19027027811349448,0.17758067702311395,0.19971890159373584
libero_object_task05_state005_wait30,libero_object,5,5,future_donor_cache_donor,12,12,0,0,1.0,0.8139495127153187,0.9512603362833346,0.9823458966438467,0.19027027811349448,0.17758067702311395,0.19971890159373584
libero_object_task05_state006_wait30,libero_object,5,6,future_recipient_cache_recipient,12,12,0,0,0.0,0.0,0.0,0.0,0.0,0.0,1.0360550836964617
libero_object_task05_state006_wait30,libero_object,5,6,future_donor_cache_recipient,12,12,0,0,0.0,0.0,0.0,0.0,0.0,0.0,1.0360550836964617
libero_object_task05_state006_wait30,libero_object,5,6,future_recipient_cache_donor,12,12,0,0,1.0,0.8218890188228296,0.9615951594304438,0.9837504339370612,0.1763832990498121,0.173097176070259,0.18153172870261325
libero_object_task05_state006_wait30,libero_object,5,6,future_donor_cache_donor,12,12,0,0,1.0,0.8218890188228296,0.9615951594304438,0.9837504339370612,0.1763832990498121,0.173097176070259,0.18153172870261325
libero_object_task06_state004_wait30,libero_object,6,4,future_recipient_cache_recipient,12,12,0,0,0.0,0.0,0.0,0.0,0.0,0.0,0.8924227639244423
libero_object_task06_state004_wait30,libero_object,6,4,future_donor_cache_recipient,12,12,0,0,0.0,0.0,0.0,0.0,0.0,0.0,0.8924227639244423
libero_object_task06_state004_wait30,libero_object,6,4,future_recipient_cache_donor,12,12,0,0,1.0,0.7683901433962919,0.9292395121302879,0.9729692401164817,0.19626032546258362,0.21972785952631488,0.2067279235344538
libero_object_task06_state004_wait30,libero_object,6,4,future_donor_cache_donor,12,12,0,0,1.0,0.7683901433962919,0.9292395121302879,0.9729692401164817,0.19626032546258362,0.21972785952631488,0.2067279235344538
libero_object_task06_state005_wait30,libero_object,6,5,future_recipient_cache_recipient,12,12,0,0,0.0,0.0,0.0,0.0,0.0,0.0,0.9795592484767445
libero_object_task06_state005_wait30,libero_object,6,5,future_donor_cache_recipient,12,12,0,0,0.0,0.0,0.0,0.0,0.0,0.0,0.9795592484767445
libero_object_task06_state005_wait30,libero_object,6,5,future_recipient_cache_donor,12,12,0,0,1.0,0.7812102450063304,0.9616122017531777,0.9751729709959468,0.20455220445839592,0.21490630357171567,0.20806486488960188
libero_object_task06_state005_wait30,libero_object,6,5,future_donor_cache_donor,12,12,0,0,1.0,0.7812102450063304,0.9616122017531777,0.9751729709959468,0.20455220445839592,0.21490630357171567,0.20806486488960188
libero_object_task06_state006_wait30,libero_object,6,6,future_recipient_cache_recipient,12,12,0,0,0.0,0.0,0.0,0.0,0.0,0.0,1.0497624676826736
libero_object_task06_state006_wait30,libero_object,6,6,future_donor_cache_recipient,12,12,0,0,0.0,0.0,0.0,0.0,0.0,0.0,1.0497624676826736
libero_object_task06_state006_wait30,libero_object,6,6,future_recipient_cache_donor,12,12,0,0,1.0,0.8043989116108295,0.9700908774686825,0.9803362080985897,0.19661553362362705,0.19253412412512685,0.19974942387861075
libero_object_task06_state006_wait30,libero_object,6,6,future_donor_cache_donor,12,12,0,0,1.0,0.8043989116108295,0.9700908774686825,0.9803362080985897,0.19661553362362705,0.19253412412512685,0.19974942387861075
libero_object_task07_state004_wait30,libero_object,7,4,future_recipient_cache_recipient,12,12,0,0,0.0,0.0,0.0,0.0,0.0,0.0,0.7423695931313149
libero_object_task07_state004_wait30,libero_object,7,4,future_donor_cache_recipient,12,12,0,0,0.0,0.0,0.0,0.0,0.0,0.0,0.7423695931313149
libero_object_task07_state004_wait30,libero_object,7,4,future_recipient_cache_donor,12,12,0,0,1.0,0.7383806853612002,0.9018855638722614,0.9651641411482631,0.17696967945568587,0.2414127384544135,0.19160196433021168
libero_object_task07_state004_wait30,libero_object,7,4,future_donor_cache_donor,12,12,0,0,1.0,0.7383806853612002,0.9018855638722614,0.9651641411482631,0.17696967945568587,0.2414127384544135,0.19160196433021168
libero_object_task07_state005_wait30,libero_object,7,5,future_recipient_cache_recipient,12,12,0,0,0.0,0.0,0.0,0.0,0.0,0.0,0.9056383883075135
libero_object_task07_state005_wait30,libero_object,7,5,future_donor_cache_recipient,12,12,0,0,0.0,0.0,0.0,0.0,0.0,0.0,0.9056383883075135
libero_object_task07_state005_wait30,libero_object,7,5,future_recipient_cache_donor,12,12,0,0,1.0,0.7753260321103816,0.9488401952002364,0.9731033618486351,0.1906034232853947,0.21858006188355186,0.19612736904526365
libero_object_task07_state005_wait30,libero_object,7,5,future_donor_cache_donor,12,12,0,0,1.0,0.7753260321103816,0.9488401952002364,0.9731033618486351,0.1906034232853947,0.21858006188355186,0.19612736904526365
libero_object_task07_state006_wait30,libero_object,7,6,future_recipient_cache_recipient,12,12,0,0,0.0,0.0,0.0,0.0,0.0,0.0,0.9538797345667435
libero_object_task07_state006_wait30,libero_object,7,6,future_donor_cache_recipient,12,12,0,0,0.0,0.0,0.0,0.0,0.0,0.0,0.9538797345667435
libero_object_task07_state006_wait30,libero_object,7,6,future_recipient_cache_donor,12,12,0,0,1.0,0.7818321021489535,0.9343338180990894,0.9752993838018827,0.18972228810388714,0.2071488417076797,0.20004889181143434
libero_object_task07_state006_wait30,libero_object,7,6,future_donor_cache_donor,12,12,0,0,1.0,0.7818321021489535,0.9343338180990894,0.9752993838018827,0.18972228810388714,0.2071488417076797,0.20004889181143434
libero_object_task08_state004_wait30,libero_object,8,4,future_recipient_cache_recipient,12,12,0,0,0.0,0.0,0.0,0.0,0.0,0.0,0.7545135075576505
libero_object_task08_state004_wait30,libero_object,8,4,future_donor_cache_recipient,12,12,0,0,0.0,0.0,0.0,0.0,0.0,0.0,0.7545135075576505
libero_object_task08_state004_wait30,libero_object,8,4,future_recipient_cache_donor,12,12,0,0,1.0,0.7399761843207862,0.9337486806309608,0.9640112777284296,0.18366450722214775,0.2502396487623839,0.19018591930152487
libero_object_task08_state004_wait30,libero_object,8,4,future_donor_cache_donor,12,12,0,0,1.0,0.7399761843207862,0.9337486806309608,0.9640112777284296,0.18366450722214775,0.2502396487623839,0.19018591930152487
libero_object_task08_state005_wait30,libero_object,8,5,future_recipient_cache_recipient,12,12,0,0,0.0,0.0,0.0,0.0,0.0,0.0,0.7648308410296328
libero_object_task08_state005_wait30,libero_object,8,5,future_donor_cache_recipient,12,12,0,0,0.0,0.0,0.0,0.0,0.0,0.0,0.7648308410296328
libero_object_task08_state005_wait30,libero_object,8,5,future_recipient_cache_donor,12,12,0,0,1.0,0.7370061722654814,0.9262559101083526,0.9639205228017177,0.1915511455413508,0.25207669145055206,0.19984191761741388
libero_object_task08_state005_wait30,libero_object,8,5,future_donor_cache_donor,12,12,0,0,1.0,0.7370061722654814,0.9262559101083526,0.9639205228017177,0.1915511455413508,0.25207669145055206,0.19984191761741388
libero_object_task08_state006_wait30,libero_object,8,6,future_recipient_cache_recipient,12,12,0,0,0.0,0.0,0.0,0.0,0.0,0.0,0.7658093001042671
libero_object_task08_state006_wait30,libero_object,8,6,future_donor_cache_recipient,12,12,0,0,0.0,0.0,0.0,0.0,0.0,0.0,0.7658093001042671
libero_object_task08_state006_wait30,libero_object,8,6,future_recipient_cache_donor,12,12,0,0,1.0,0.7478258668930629,0.9298106278503865,0.9671424799854856,0.18060070309953646,0.24058755459866998,0.18962440882213313
libero_object_task08_state006_wait30,libero_object,8,6,future_donor_cache_donor,12,12,0,0,1.0,0.7478258668930629,0.9298106278503865,0.9671424799854856,0.18060070309953646,0.24058755459866998,0.18962440882213313
libero_object_task09_state004_wait30,libero_object,9,4,future_recipient_cache_recipient,12,12,0,0,0.0,0.0,0.0,0.0,0.0,0.0,0.9244835300130321
libero_object_task09_state004_wait30,libero_object,9,4,future_donor_cache_recipient,12,12,0,0,0.0,0.0,0.0,0.0,0.0,0.0,0.9244835300130321
libero_object_task09_state004_wait30,libero_object,9,4,future_recipient_cache_donor,12,12,0,0,1.0,0.7964881464026212,0.9394358404785818,0.979278337091743,0.17845728538925196,0.1937004458851539,0.1877106681696283
libero_object_task09_state004_wait30,libero_object,9,4,future_donor_cache_donor,12,12,0,0,1.0,0.7964881464026212,0.9394358404785818,0.979278337091743,0.17845728538925196,0.1937004458851539,0.1877106681696283
libero_object_task09_state005_wait30,libero_object,9,5,future_recipient_cache_recipient,12,12,0,0,0.0,0.0,0.0,0.0,0.0,0.0,0.809078194662156
libero_object_task09_state005_wait30,libero_object,9,5,future_donor_cache_recipient,12,12,0,0,0.0,0.0,0.0,0.0,0.0,0.0,0.809078194662156
libero_object_task09_state005_wait30,libero_object,9,5,future_recipient_cache_donor,12,12,0,0,1.0,0.7642508248410388,0.925575968386514,0.9716580726789399,0.18026120668483028,0.22346138637680757,0.19010483200047334
libero_object_task09_state005_wait30,libero_object,9,5,future_donor_cache_donor,12,12,0,0,1.0,0.7642508248410388,0.925575968386514,0.9716580726789399,0.18026120668483028,0.22346138637680757,0.19010483200047334
libero_object_task09_state006_wait30,libero_object,9,6,future_recipient_cache_recipient,12,12,0,0,0.0,0.0,0.0,0.0,0.0,0.0,0.7468640945852135
libero_object_task09_state006_wait30,libero_object,9,6,future_donor_cache_recipient,12,12,0,0,0.0,0.0,0.0,0.0,0.0,0.0,0.7468640945852135
libero_object_task09_state006_wait30,libero_object,9,6,future_recipient_cache_donor,12,12,0,0,1.0,0.7496721391733159,0.9278571341757114,0.9670533766435506,0.17151570937729008,0.23754401257599111,0.18000427740251526
libero_object_task09_state006_wait30,libero_object,9,6,future_donor_cache_donor,12,12,0,0,1.0,0.7496721391733159,0.9278571341757114,0.9670533766435506,0.17151570937729008,0.23754401257599111,0.18000427740251526
libero_goal_task00_state004_wait30,libero_goal,0,4,future_recipient_cache_recipient,12,12,0,0,0.0,0.0,0.0,0.0,0.0,0.0,0.5311303836784317
libero_goal_task00_state004_wait30,libero_goal,0,4,future_donor_cache_recipient,12,12,0,0,0.0,0.0,0.0,0.0,0.0,0.0,0.5311303836784317
libero_goal_task00_state004_wait30,libero_goal,0,4,future_recipient_cache_donor,12,12,0,0,1.0,0.6179706580095115,0.8238982199878261,0.9227588907529797,0.17214631882577267,0.33684961271121416,0.19574764454451402
libero_goal_task00_state004_wait30,libero_goal,0,4,future_donor_cache_donor,12,12,0,0,1.0,0.6179706580095115,0.8238982199878261,0.9227588907529797,0.17214631882577267,0.33684961271121416,0.19574764454451402
libero_goal_task00_state005_wait30,libero_goal,0,5,future_recipient_cache_recipient,12,12,0,0,0.0,0.0,0.0,0.0,0.0,0.0,0.5733684659280653
libero_goal_task00_state005_wait30,libero_goal,0,5,future_donor_cache_recipient,12,12,0,0,0.0,0.0,0.0,0.0,0.0,0.0,0.5733684659280653
libero_goal_task00_state005_wait30,libero_goal,0,5,future_recipient_cache_donor,12,12,0,0,1.0,0.6477038815676098,0.8179343818685701,0.9380575067655809,0.1657254967915244,0.29562950165236007,0.19856823930773004
libero_goal_task00_state005_wait30,libero_goal,0,5,future_donor_cache_donor,12,12,0,0,1.0,0.6477038815676098,0.8179343818685701,0.9380575067655809,0.1657254967915244,0.29562950165236007,0.19856823930773004
libero_goal_task00_state006_wait30,libero_goal,0,6,future_recipient_cache_recipient,12,12,0,0,0.0,0.0,0.0,0.0,0.0,0.0,0.6732370144800036
libero_goal_task00_state006_wait30,libero_goal,0,6,future_donor_cache_recipient,12,12,0,0,0.0,0.0,0.0,0.0,0.0,0.0,0.6732370144800036
libero_goal_task00_state006_wait30,libero_goal,0,6,future_recipient_cache_donor,12,12,0,0,1.0,0.6779667995301873,0.920541224481703,0.946955457233198,0.20179600020924027,0.30905981997609894,0.21094354200867574
libero_goal_task00_state006_wait30,libero_goal,0,6,future_donor_cache_donor,12,12,0,0,1.0,0.6779667995301873,0.920541224481703,0.946955457233198,0.20179600020924027,0.30905981997609894,0.21094354200867574
libero_goal_task01_state004_wait30,libero_goal,1,4,future_recipient_cache_recipient,12,12,0,0,0.0,0.0,0.0,0.0,0.0,0.0,0.5467726253502203
libero_goal_task01_state004_wait30,libero_goal,1,4,future_donor_cache_recipient,12,12,0,0,0.0,0.0,0.0,0.0,0.0,0.0,0.5467726253502203
libero_goal_task01_state004_wait30,libero_goal,1,4,future_recipient_cache_donor,12,12,0,0,1.0,0.5952756790775904,0.8099431532691,0.9136839983214383,0.19171031264025307,0.35554837497541586,0.21755924937575388
libero_goal_task01_state004_wait30,libero_goal,1,4,future_donor_cache_donor,12,12,0,0,1.0,0.5952756790775904,0.8099431532691,0.9136839983214383,0.19171031264025307,0.35554837497541586,0.21755924937575388
libero_goal_task01_state005_wait30,libero_goal,1,5,future_recipient_cache_recipient,12,12,0,0,0.0,0.0,0.0,0.0,0.0,0.0,0.6401617915714597
libero_goal_task01_state005_wait30,libero_goal,1,5,future_donor_cache_recipient,12,12,0,0,0.0,0.0,0.0,0.0,0.0,0.0,0.6401617915714597
libero_goal_task01_state005_wait30,libero_goal,1,5,future_recipient_cache_donor,12,12,0,0,1.0,0.6454235561847917,0.8788502026087435,0.9346526027655783,0.2108945472952771,0.331987072725743,0.22538005607024067
libero_goal_task01_state005_wait30,libero_goal,1,5,future_donor_cache_donor,12,12,0,0,1.0,0.6454235561847917,0.8788502026087435,0.9346526027655783,0.2108945472952771,0.331987072725743,0.22538005607024067
libero_goal_task01_state006_wait30,libero_goal,1,6,future_recipient_cache_recipient,12,12,0,0,0.0,0.0,0.0,0.0,0.0,0.0,0.6271580903865778
libero_goal_task01_state006_wait30,libero_goal,1,6,future_donor_cache_recipient,12,12,0,0,0.0,0.0,0.0,0.0,0.0,0.0,0.6271580903865778
libero_goal_task01_state006_wait30,libero_goal,1,6,future_recipient_cache_donor,12,12,0,0,1.0,0.635964502407934,0.8064199479649466,0.9334736354199963,0.189771781435667,0.3062246137103864,0.2257982550453176
libero_goal_task01_state006_wait30,libero_goal,1,6,future_donor_cache_donor,12,12,0,0,1.0,0.635964502407934,0.8064199479649466,0.9334736354199963,0.189771781435667,0.3062246137103864,0.2257982550453176
libero_goal_task02_state004_wait30,libero_goal,2,4,future_recipient_cache_recipient,12,12,0,0,0.0,0.0,0.0,0.0,0.0,0.0,2.2480805917835704
libero_goal_task02_state004_wait30,libero_goal,2,4,future_donor_cache_recipient,12,12,0,0,0.0,0.0,0.0,0.0,0.0,0.0,2.2480805917835704
libero_goal_task02_state004_wait30,libero_goal,2,4,future_recipient_cache_donor,12,12,0,0,1.0,0.8387797389311697,0.9390472460566851,0.9798338176974691,0.23590205383091,0.14640985319170674,0.2490112495638176
libero_goal_task02_state004_wait30,libero_goal,2,4,future_donor_cache_donor,12,12,0,0,1.0,0.8387797389311697,0.9390472460566851,0.9798338176974691,0.23590205383091,0.14640985319170674,0.2490112495638176
libero_goal_task02_state005_wait30,libero_goal,2,5,future_recipient_cache_recipient,12,12,0,0,0.0,0.0,0.0,0.0,0.0,0.0,1.7624797884756713
libero_goal_task02_state005_wait30,libero_goal,2,5,future_donor_cache_recipient,12,12,0,0,0.0,0.0,0.0,0.0,0.0,0.0,1.7624797884756713
libero_goal_task02_state005_wait30,libero_goal,2,5,future_recipient_cache_donor,12,12,0,0,1.0,0.7303157271189328,0.8560320511029764,0.941815612157638,0.2258244441674346,0.22031224665697846,0.25397086154970394
libero_goal_task02_state005_wait30,libero_goal,2,5,future_donor_cache_donor,12,12,0,0,1.0,0.7303157271189328,0.8560320511029764,0.941815612157638,0.2258244441674346,0.22031224665697846,0.25397086154970394
libero_goal_task02_state006_wait30,libero_goal,2,6,future_recipient_cache_recipient,12,12,0,0,0.0,0.0,0.0,0.0,0.0,0.0,0.5835909007600167
libero_goal_task02_state006_wait30,libero_goal,2,6,future_donor_cache_recipient,12,12,0,0,0.0,0.0,0.0,0.0,0.0,0.0,0.5835909007600167
libero_goal_task02_state006_wait30,libero_goal,2,6,future_recipient_cache_donor,12,12,0,0,1.0,0.5727059488139953,0.7618350166034205,0.9026021037378933,0.20253443654270786,0.35116529861535345,0.245401778187993
libero_goal_task02_state006_wait30,libero_goal,2,6,future_donor_cache_donor,12,12,0,0,1.0,0.5727059488139953,0.7618350166034205,0.9026021037378933,0.20253443654270786,0.35116529861535345,0.245401778187993
libero_goal_task03_state004_wait30,libero_goal,3,4,future_recipient_cache_recipient,12,12,0,0,0.0,0.0,0.0,0.0,0.0,0.0,0.508409363716065
libero_goal_task03_state004_wait30,libero_goal,3,4,future_donor_cache_recipient,12,12,0,0,0.0,0.0,0.0,0.0,0.0,0.0,0.508409363716065
libero_goal_task03_state004_wait30,libero_goal,3,4,future_recipient_cache_donor,12,12,0,0,1.0,0.49719305839701544,0.7043993962680917,0.8604271416104828,0.20205851135998268,0.40561169326721197,0.25062702369212825
libero_goal_task03_state004_wait30,libero_goal,3,4,future_donor_cache_donor,12,12,0,0,1.0,0.49719305839701544,0.7043993962680917,0.8604271416104828,0.20205851135998268,0.40561169326721197,0.25062702369212825
libero_goal_task03_state005_wait30,libero_goal,3,5,future_recipient_cache_recipient,12,12,0,0,0.0,0.0,0.0,0.0,0.0,0.0,0.7456915619730103
libero_goal_task03_state005_wait30,libero_goal,3,5,future_donor_cache_recipient,12,12,0,0,0.0,0.0,0.0,0.0,0.0,0.0,0.7456915619730103
libero_goal_task03_state005_wait30,libero_goal,3,5,future_recipient_cache_donor,12,12,0,0,1.0,0.6314124417441878,0.8362806306308626,0.9284458104483392,0.24267425959735345,0.3296728773488103,0.27139431903375016
libero_goal_task03_state005_wait30,libero_goal,3,5,future_donor_cache_donor,12,12,0,0,1.0,0.6314124417441878,0.8362806306308626,0.9284458104483392,0.24267425959735345,0.3296728773488103,0.27139431903375016
libero_goal_task03_state006_wait30,libero_goal,3,6,future_recipient_cache_recipient,12,12,0,0,0.0,0.0,0.0,0.0,0.0,0.0,0.7419578476374897
libero_goal_task03_state006_wait30,libero_goal,3,6,future_donor_cache_recipient,12,12,0,0,0.0,0.0,0.0,0.0,0.0,0.0,0.7419578476374897
libero_goal_task03_state006_wait30,libero_goal,3,6,future_recipient_cache_donor,12,12,0,0,1.0,0.6724982323654233,0.8199883456958599,0.9447298608753479,0.19604568492695607,0.271625924510892,0.2344352969668345
libero_goal_task03_state006_wait30,libero_goal,3,6,future_donor_cache_donor,12,12,0,0,1.0,0.6724982323654233,0.8199883456958599,0.9447298608753479,0.19604568492695607,0.271625924510892,0.2344352969668345
libero_goal_task04_state004_wait30,libero_goal,4,4,future_recipient_cache_recipient,12,12,0,0,0.0,0.0,0.0,0.0,0.0,0.0,0.7018995138892912
libero_goal_task04_state004_wait30,libero_goal,4,4,future_donor_cache_recipient,12,12,0,0,0.0,0.0,0.0,0.0,0.0,0.0,0.7018995138892912
libero_goal_task04_state004_wait30,libero_goal,4,4,future_recipient_cache_donor,12,12,0,0,1.0,0.6343891412955277,0.8149049373691998,0.9309788827844948,0.21418720193257565,0.3101852431666432,0.24924526815009465
libero_goal_task04_state004_wait30,libero_goal,4,4,future_donor_cache_donor,12,12,0,0,1.0,0.6343891412955277,0.8149049373691998,0.9309788827844948,0.21418720193257565,0.3101852431666432,0.24924526815009465
libero_goal_task04_state005_wait30,libero_goal,4,5,future_recipient_cache_recipient,12,12,0,0,0.0,0.0,0.0,0.0,0.0,0.0,1.312674324563043
libero_goal_task04_state005_wait30,libero_goal,4,5,future_donor_cache_recipient,12,12,0,0,0.0,0.0,0.0,0.0,0.0,0.0,1.312674324563043
libero_goal_task04_state005_wait30,libero_goal,4,5,future_recipient_cache_donor,12,12,0,0,1.0,0.7131653681920627,0.8604781437664165,0.9382227051709217,0.21243324033342573,0.24437069104165196,0.23517284744570313
libero_goal_task04_state005_wait30,libero_goal,4,5,future_donor_cache_donor,12,12,0,0,1.0,0.7131653681920627,0.8604781437664165,0.9382227051709217,0.21243324033342573,0.24437069104165196,0.23517284744570313
libero_goal_task04_state006_wait30,libero_goal,4,6,future_recipient_cache_recipient,12,12,0,0,0.0,0.0,0.0,0.0,0.0,0.0,2.1504521755256687
libero_goal_task04_state006_wait30,libero_goal,4,6,future_donor_cache_recipient,12,12,0,0,0.0,0.0,0.0,0.0,0.0,0.0,2.1504521755256687
libero_goal_task04_state006_wait30,libero_goal,4,6,future_recipient_cache_donor,12,12,0,0,0.9166666666666666,0.8038368207929066,0.9361622451704134,0.9624245000828746,0.3484248640620884,0.17793811761906544,0.397796254653569
libero_goal_task04_state006_wait30,libero_goal,4,6,future_donor_cache_donor,12,12,0,0,0.9166666666666666,0.8038368207929066,0.9361622451704134,0.9624245000828746,0.3484248640620884,0.17793811761906544,0.397796254653569
libero_goal_task05_state004_wait30,libero_goal,5,4,future_recipient_cache_recipient,12,12,0,0,0.0,0.0,0.0,0.0,0.0,0.0,0.6157324102219056
libero_goal_task05_state004_wait30,libero_goal,5,4,future_donor_cache_recipient,12,12,0,0,0.0,0.0,0.0,0.0,0.0,0.0,0.6157324102219056
libero_goal_task05_state004_wait30,libero_goal,5,4,future_recipient_cache_donor,12,12,0,0,1.0,0.643342353693978,0.8120788325076423,0.9339747146048732,0.17938024816679873,0.3014058726230224,0.21264039908590981
libero_goal_task05_state004_wait30,libero_goal,5,4,future_donor_cache_donor,12,12,0,0,1.0,0.643342353693978,0.8120788325076423,0.9339747146048732,0.17938024816679873,0.3014058726230224,0.21264039908590981
libero_goal_task05_state005_wait30,libero_goal,5,5,future_recipient_cache_recipient,12,12,0,0,0.0,0.0,0.0,0.0,0.0,0.0,0.6747293071204589
libero_goal_task05_state005_wait30,libero_goal,5,5,future_donor_cache_recipient,12,12,0,0,0.0,0.0,0.0,0.0,0.0,0.0,0.6747293071204589
libero_goal_task05_state005_wait30,libero_goal,5,5,future_recipient_cache_donor,12,12,0,0,1.0,0.6534857526417615,0.8399332156116062,0.9371432004331721,0.1975208109230083,0.3046104288916502,0.226166859040152
libero_goal_task05_state005_wait30,libero_goal,5,5,future_donor_cache_donor,12,12,0,0,1.0,0.6534857526417615,0.8399332156116062,0.9371432004331721,0.1975208109230083,0.3046104288916502,0.226166859040152
libero_goal_task05_state006_wait30,libero_goal,5,6,future_recipient_cache_recipient,12,12,0,0,0.0,0.0,0.0,0.0,0.0,0.0,0.5737437052809746
libero_goal_task05_state006_wait30,libero_goal,5,6,future_donor_cache_recipient,12,12,0,0,0.0,0.0,0.0,0.0,0.0,0.0,0.5737437052809746
libero_goal_task05_state006_wait30,libero_goal,5,6,future_recipient_cache_donor,12,12,0,0,1.0,0.6037615438925763,0.801404689575748,0.9169003139778372,0.1932475561122964,0.34270002708691377,0.2233392043659169
libero_goal_task05_state006_wait30,libero_goal,5,6,future_donor_cache_donor,12,12,0,0,1.0,0.6037615438925763,0.801404689575748,0.9169003139778372,0.1932475561122964,0.34270002708691377,0.2233392043659169
libero_goal_task06_state004_wait30,libero_goal,6,4,future_recipient_cache_recipient,12,12,0,0,0.0,0.0,0.0,0.0,0.0,0.0,0.5538709023909907
libero_goal_task06_state004_wait30,libero_goal,6,4,future_donor_cache_recipient,12,12,0,0,0.0,0.0,0.0,0.0,0.0,0.0,0.5538709023909907
libero_goal_task06_state004_wait30,libero_goal,6,4,future_recipient_cache_donor,12,12,0,0,1.0,0.5352355926144498,0.8230658250427291,0.888915454219881,0.22762377451992688,0.4205784087797247,0.2522734184350487
libero_goal_task06_state004_wait30,libero_goal,6,4,future_donor_cache_donor,12,12,0,0,1.0,0.5352355926144498,0.8230658250427291,0.888915454219881,0.22762377451992688,0.4205784087797247,0.2522734184350487
libero_goal_task06_state005_wait30,libero_goal,6,5,future_recipient_cache_recipient,12,12,0,0,0.0,0.0,0.0,0.0,0.0,0.0,0.565107840345603
libero_goal_task06_state005_wait30,libero_goal,6,5,future_donor_cache_recipient,12,12,0,0,0.0,0.0,0.0,0.0,0.0,0.0,0.565107840345603
libero_goal_task06_state005_wait30,libero_goal,6,5,future_recipient_cache_donor,12,12,0,0,1.0,0.5768967928237692,0.7725117764338335,0.9087222815619685,0.19510675037999578,0.3520785505925643,0.23603780913106912
libero_goal_task06_state005_wait30,libero_goal,6,5,future_donor_cache_donor,12,12,0,0,1.0,0.5768967928237692,0.7725117764338335,0.9087222815619685,0.19510675037999578,0.3520785505925643,0.23603780913106912
libero_goal_task06_state006_wait30,libero_goal,6,6,future_recipient_cache_recipient,12,12,0,0,0.0,0.0,0.0,0.0,0.0,0.0,0.5046082336566501
libero_goal_task06_state006_wait30,libero_goal,6,6,future_donor_cache_recipient,12,12,0,0,0.0,0.0,0.0,0.0,0.0,0.0,0.5046082336566501
libero_goal_task06_state006_wait30,libero_goal,6,6,future_recipient_cache_donor,12,12,0,0,1.0,0.5258074209650397,0.8142886327124885,0.8847471627871076,0.207546408366863,0.42683971294557943,0.23173479928043175
libero_goal_task06_state006_wait30,libero_goal,6,6,future_donor_cache_donor,12,12,0,0,1.0,0.5258074209650397,0.8142886327124885,0.8847471627871076,0.207546408366863,0.42683971294557943,0.23173479928043175
libero_goal_task07_state004_wait30,libero_goal,7,4,future_recipient_cache_recipient,12,12,0,0,0.0,0.0,0.0,0.0,0.0,0.0,0.5732312626297492
libero_goal_task07_state004_wait30,libero_goal,7,4,future_donor_cache_recipient,12,12,0,0,0.0,0.0,0.0,0.0,0.0,0.0,0.5732312626297492
libero_goal_task07_state004_wait30,libero_goal,7,4,future_recipient_cache_donor,12,12,0,0,1.0,0.6398035362259124,0.8021552646829582,0.9388683114157116,0.16810617094867897,0.29277035530611234,0.20571134338171648
libero_goal_task07_state004_wait30,libero_goal,7,4,future_donor_cache_donor,12,12,0,0,1.0,0.6398035362259124,0.8021552646829582,0.9388683114157116,0.16810617094867897,0.29277035530611234,0.20571134338171648
libero_goal_task07_state005_wait30,libero_goal,7,5,future_recipient_cache_recipient,12,12,0,0,0.0,0.0,0.0,0.0,0.0,0.0,0.686948098295285
libero_goal_task07_state005_wait30,libero_goal,7,5,future_donor_cache_recipient,12,12,0,0,0.0,0.0,0.0,0.0,0.0,0.0,0.686948098295285
libero_goal_task07_state005_wait30,libero_goal,7,5,future_recipient_cache_donor,12,12,0,0,1.0,0.6854904318683047,0.8653081582138186,0.949737261851021,0.19282595237370567,0.28263441942680717,0.21478546816308186
libero_goal_task07_state005_wait30,libero_goal,7,5,future_donor_cache_donor,12,12,0,0,1.0,0.6854904318683047,0.8653081582138186,0.949737261851021,0.19282595237370567,0.28263441942680717,0.21478546816308186
libero_goal_task07_state006_wait30,libero_goal,7,6,future_recipient_cache_recipient,12,12,0,0,0.0,0.0,0.0,0.0,0.0,0.0,0.6097325966192734
libero_goal_task07_state006_wait30,libero_goal,7,6,future_donor_cache_recipient,12,12,0,0,0.0,0.0,0.0,0.0,0.0,0.0,0.6097325966192734
libero_goal_task07_state006_wait30,libero_goal,7,6,future_recipient_cache_donor,12,12,0,0,1.0,0.6610623707682666,0.8149814557943437,0.9448677399259214,0.17009416411512493,0.2812309658969226,0.20540975088883673
libero_goal_task07_state006_wait30,libero_goal,7,6,future_donor_cache_donor,12,12,0,0,1.0,0.6610623707682666,0.8149814557943437,0.9448677399259214,0.17009416411512493,0.2812309658969226,0.20540975088883673
libero_goal_task08_state004_wait30,libero_goal,8,4,future_recipient_cache_recipient,12,12,0,0,0.0,0.0,0.0,0.0,0.0,0.0,0.721407110361341
libero_goal_task08_state004_wait30,libero_goal,8,4,future_donor_cache_recipient,12,12,0,0,0.0,0.0,0.0,0.0,0.0,0.0,0.721407110361341
libero_goal_task08_state004_wait30,libero_goal,8,4,future_recipient_cache_donor,12,12,0,0,1.0,0.6579172618265205,0.8859579260701803,0.939493048192977,0.2257787201503648,0.32055834281932666,0.2421134196845186
libero_goal_task08_state004_wait30,libero_goal,8,4,future_donor_cache_donor,12,12,0,0,1.0,0.6579172618265205,0.8859579260701803,0.939493048192977,0.2257787201503648,0.32055834281932666,0.2421134196845186
libero_goal_task08_state005_wait30,libero_goal,8,5,future_recipient_cache_recipient,12,12,0,0,0.0,0.0,0.0,0.0,0.0,0.0,0.5322117250487045
libero_goal_task08_state005_wait30,libero_goal,8,5,future_donor_cache_recipient,12,12,0,0,0.0,0.0,0.0,0.0,0.0,0.0,0.5322117250487045
libero_goal_task08_state005_wait30,libero_goal,8,5,future_recipient_cache_donor,12,12,0,0,1.0,0.5643112940715919,0.7478970713639371,0.9031604160277694,0.18637156940657737,0.35371213225811876,0.2306841568446132
libero_goal_task08_state005_wait30,libero_goal,8,5,future_donor_cache_donor,12,12,0,0,1.0,0.5643112940715919,0.7478970713639371,0.9031604160277694,0.18637156940657737,0.35371213225811876,0.2306841568446132
libero_goal_task08_state006_wait30,libero_goal,8,6,future_recipient_cache_recipient,12,12,0,0,0.0,0.0,0.0,0.0,0.0,0.0,0.6481081274516809
libero_goal_task08_state006_wait30,libero_goal,8,6,future_donor_cache_recipient,12,12,0,0,0.0,0.0,0.0,0.0,0.0,0.0,0.6481081274516809
libero_goal_task08_state006_wait30,libero_goal,8,6,future_recipient_cache_donor,12,12,0,0,1.0,0.634355435720651,0.8042389541717516,0.9307242237537064,0.1924147060036646,0.30634848399190945,0.23019548145563415
libero_goal_task08_state006_wait30,libero_goal,8,6,future_donor_cache_donor,12,12,0,0,1.0,0.634355435720651,0.8042389541717516,0.9307242237537064,0.1924147060036646,0.30634848399190945,0.23019548145563415
libero_goal_task09_state004_wait30,libero_goal,9,4,future_recipient_cache_recipient,12,12,0,0,0.0,0.0,0.0,0.0,0.0,0.0,1.0577519178847903
libero_goal_task09_state004_wait30,libero_goal,9,4,future_donor_cache_recipient,12,12,0,0,0.0,0.0,0.0,0.0,0.0,0.0,1.0577519178847903
libero_goal_task09_state004_wait30,libero_goal,9,4,future_recipient_cache_donor,12,12,0,0,1.0,0.7332210457135827,0.8903280529054656,0.9584541104110702,0.22813365656504536,0.24115378337656865,0.24941401639740787
libero_goal_task09_state004_wait30,libero_goal,9,4,future_donor_cache_donor,12,12,0,0,1.0,0.7332210457135827,0.8903280529054656,0.9584541104110702,0.22813365656504536,0.24115378337656865,0.24941401639740787
libero_goal_task09_state005_wait30,libero_goal,9,5,future_recipient_cache_recipient,12,12,0,0,0.0,0.0,0.0,0.0,0.0,0.0,0.7002023053065595
libero_goal_task09_state005_wait30,libero_goal,9,5,future_donor_cache_recipient,12,12,0,0,0.0,0.0,0.0,0.0,0.0,0.0,0.7002023053065595
libero_goal_task09_state005_wait30,libero_goal,9,5,future_recipient_cache_donor,12,12,0,0,1.0,0.6489480490162164,0.8750246229385531,0.9359443931996818,0.21900329744260297,0.3246470833162039,0.23785594866445525
libero_goal_task09_state005_wait30,libero_goal,9,5,future_donor_cache_donor,12,12,0,0,1.0,0.6489480490162164,0.8750246229385531,0.9359443931996818,0.21900329744260297,0.3246470833162039,0.23785594866445525
libero_goal_task09_state006_wait30,libero_goal,9,6,future_recipient_cache_recipient,12,12,0,0,0.0,0.0,0.0,0.0,0.0,0.0,0.6431788914914646
libero_goal_task09_state006_wait30,libero_goal,9,6,future_donor_cache_recipient,12,12,0,0,0.0,0.0,0.0,0.0,0.0,0.0,0.6431788914914646
libero_goal_task09_state006_wait30,libero_goal,9,6,future_recipient_cache_donor,12,12,0,0,1.0,0.6129413176101296,0.8669009002424041,0.9197841650688524,0.22151997830999484,0.35789767903197617,0.23947716364359137
libero_goal_task09_state006_wait30,libero_goal,9,6,future_donor_cache_donor,12,12,0,0,1.0,0.6129413176101296,0.8669009002424041,0.9197841650688524,0.22151997830999484,0.35789767903197617,0.23947716364359137
libero_10_task00_state004_wait30,libero_10,0,4,future_recipient_cache_recipient,12,12,0,0,0.0,0.0,0.0,0.0,0.0,0.0,0.49458520541253975
libero_10_task00_state004_wait30,libero_10,0,4,future_donor_cache_recipient,12,12,0,0,0.0,0.0,0.0,0.0,0.0,0.0,0.49458520541253975
libero_10_task00_state004_wait30,libero_10,0,4,future_recipient_cache_donor,12,12,0,0,1.0,0.6898979673770155,0.8859011473125302,0.9465283162662819,0.1338182095958288,0.2877088787283996,0.14419565440879953
libero_10_task00_state004_wait30,libero_10,0,4,future_donor_cache_donor,12,12,0,0,1.0,0.6898979673770155,0.8859011473125302,0.9465283162662819,0.1338182095958288,0.2877088787283996,0.14419565440879953
libero_10_task00_state005_wait30,libero_10,0,5,future_recipient_cache_recipient,12,12,0,0,0.0,0.0,0.0,0.0,0.0,0.0,0.5748659558309334
libero_10_task00_state005_wait30,libero_10,0,5,future_donor_cache_recipient,12,12,0,0,0.0,0.0,0.0,0.0,0.0,0.0,0.5748659558309334
libero_10_task00_state005_wait30,libero_10,0,5,future_recipient_cache_donor,12,12,0,0,1.0,0.7361568988962767,0.9131502899071138,0.9622812992829632,0.13485168096061925,0.24880995459372754,0.14306917694160023
libero_10_task00_state005_wait30,libero_10,0,5,future_donor_cache_donor,12,12,0,0,1.0,0.7361568988962767,0.9131502899071138,0.9622812992829632,0.13485168096061925,0.24880995459372754,0.14306917694160023
libero_10_task00_state006_wait30,libero_10,0,6,future_recipient_cache_recipient,12,12,0,0,0.0,0.0,0.0,0.0,0.0,0.0,0.47100789463994114
libero_10_task00_state006_wait30,libero_10,0,6,future_donor_cache_recipient,12,12,0,0,0.0,0.0,0.0,0.0,0.0,0.0,0.47100789463994114
libero_10_task00_state006_wait30,libero_10,0,6,future_recipient_cache_donor,12,12,0,0,1.0,0.6730355149775581,0.8594635084607462,0.9411512175846964,0.13305444389273516,0.29208958932542245,0.1477186352536731
libero_10_task00_state006_wait30,libero_10,0,6,future_donor_cache_donor,12,12,0,0,1.0,0.6730355149775581,0.8594635084607462,0.9411512175846964,0.13305444389273516,0.29208958932542245,0.1477186352536731
libero_10_task01_state004_wait30,libero_10,1,4,future_recipient_cache_recipient,12,12,0,0,0.0,0.0,0.0,0.0,0.0,0.0,0.6171404399003407
libero_10_task01_state004_wait30,libero_10,1,4,future_donor_cache_recipient,12,12,0,0,0.0,0.0,0.0,0.0,0.0,0.0,0.6171404399003407
libero_10_task01_state004_wait30,libero_10,1,4,future_recipient_cache_donor,12,12,0,0,1.0,0.6556756937065719,0.8477981316980258,0.9380096216448613,0.18491732894059656,0.30731677440847077,0.20778314405890672
libero_10_task01_state004_wait30,libero_10,1,4,future_donor_cache_donor,12,12,0,0,1.0,0.6556756937065719,0.8477981316980258,0.9380096216448613,0.18491732894059656,0.30731677440847077,0.20778314405890672
libero_10_task01_state005_wait30,libero_10,1,5,future_recipient_cache_recipient,12,12,0,0,0.0,0.0,0.0,0.0,0.0,0.0,0.7411843743741972
libero_10_task01_state005_wait30,libero_10,1,5,future_donor_cache_recipient,12,12,0,0,0.0,0.0,0.0,0.0,0.0,0.0,0.7411843743741972
libero_10_task01_state005_wait30,libero_10,1,5,future_recipient_cache_donor,12,12,0,0,1.0,0.6916038691270421,0.8539786565017051,0.9499506127516582,0.19015092463471925,0.2703735502917942,0.21755494200788186
libero_10_task01_state005_wait30,libero_10,1,5,future_donor_cache_donor,12,12,0,0,1.0,0.6916038691270421,0.8539786565017051,0.9499506127516582,0.19015092463471925,0.2703735502917942,0.21755494200788186
libero_10_task01_state006_wait30,libero_10,1,6,future_recipient_cache_recipient,12,12,0,0,0.0,0.0,0.0,0.0,0.0,0.0,0.6910951940823797
libero_10_task01_state006_wait30,libero_10,1,6,future_donor_cache_recipient,12,12,0,0,0.0,0.0,0.0,0.0,0.0,0.0,0.6910951940823797
libero_10_task01_state006_wait30,libero_10,1,6,future_recipient_cache_donor,12,12,0,0,1.0,0.6692742142029816,0.8478377644311172,0.9403524330498586,0.19272011394836266,0.29232863400353093,0.2179495552783701
libero_10_task01_state006_wait30,libero_10,1,6,future_donor_cache_donor,12,12,0,0,1.0,0.6692742142029816,0.8478377644311172,0.9403524330498586,0.19272011394836266,0.29232863400353093,0.2179495552783701
libero_10_task02_state004_wait30,libero_10,2,4,future_recipient_cache_recipient,12,12,0,0,0.0,0.0,0.0,0.0,0.0,0.0,0.6232566730800966
libero_10_task02_state004_wait30,libero_10,2,4,future_donor_cache_recipient,12,12,0,0,0.0,0.0,0.0,0.0,0.0,0.0,0.6232566730800966
libero_10_task02_state004_wait30,libero_10,2,4,future_recipient_cache_donor,12,12,0,0,1.0,0.7489721721895094,0.8855297021084559,0.967601359605359,0.13302038359229065,0.2226031709859616,0.14918289603775658
libero_10_task02_state004_wait30,libero_10,2,4,future_donor_cache_donor,12,12,0,0,1.0,0.7489721721895094,0.8855297021084559,0.967601359605359,0.13302038359229065,0.2226031709859616,0.14918289603775658
libero_10_task02_state005_wait30,libero_10,2,5,future_recipient_cache_recipient,12,12,0,0,0.0,0.0,0.0,0.0,0.0,0.0,0.4034784318628055
libero_10_task02_state005_wait30,libero_10,2,5,future_donor_cache_recipient,12,12,0,0,0.0,0.0,0.0,0.0,0.0,0.0,0.4034784318628055
libero_10_task02_state005_wait30,libero_10,2,5,future_recipient_cache_donor,12,12,0,0,1.0,0.5619887221394552,0.8343356451588723,0.8955499232258445,0.15871294736365021,0.4041880635518442,0.1714946809659145
libero_10_task02_state005_wait30,libero_10,2,5,future_donor_cache_donor,12,12,0,0,1.0,0.5619887221394552,0.8343356451588723,0.8955499232258445,0.15871294736365021,0.4041880635518442,0.1714946809659145
libero_10_task02_state006_wait30,libero_10,2,6,future_recipient_cache_recipient,12,12,0,0,0.0,0.0,0.0,0.0,0.0,0.0,0.5447945412061918
libero_10_task02_state006_wait30,libero_10,2,6,future_donor_cache_recipient,12,12,0,0,0.0,0.0,0.0,0.0,0.0,0.0,0.5447945412061918
libero_10_task02_state006_wait30,libero_10,2,6,future_recipient_cache_donor,12,12,0,0,1.0,0.6530257140631203,0.857767490877179,0.9380862942173235,0.16923095878313854,0.3138118319369822,0.18751916797154852
libero_10_task02_state006_wait30,libero_10,2,6,future_donor_cache_donor,12,12,0,0,1.0,0.6530257140631203,0.857767490877179,0.9380862942173235,0.16923095878313854,0.3138118319369822,0.18751916797154852
libero_10_task03_state004_wait30,libero_10,3,4,future_recipient_cache_recipient,12,12,0,0,0.0,0.0,0.0,0.0,0.0,0.0,0.6378506440757702
libero_10_task03_state004_wait30,libero_10,3,4,future_donor_cache_recipient,12,12,0,0,0.0,0.0,0.0,0.0,0.0,0.0,0.6378506440757702
libero_10_task03_state004_wait30,libero_10,3,4,future_recipient_cache_donor,12,12,0,0,1.0,0.7034139331700989,0.8557314357025375,0.9563601943200704,0.1632582990564199,0.2588217695001868,0.18725812677369205
libero_10_task03_state004_wait30,libero_10,3,4,future_donor_cache_donor,12,12,0,0,1.0,0.7034139331700989,0.8557314357025375,0.9563601943200704,0.1632582990564199,0.2588217695001868,0.18725812677369205
libero_10_task03_state005_wait30,libero_10,3,5,future_recipient_cache_recipient,12,12,0,0,0.0,0.0,0.0,0.0,0.0,0.0,0.6427269061845152
libero_10_task03_state005_wait30,libero_10,3,5,future_donor_cache_recipient,12,12,0,0,0.0,0.0,0.0,0.0,0.0,0.0,0.6427269061845152
libero_10_task03_state005_wait30,libero_10,3,5,future_recipient_cache_donor,12,12,0,0,1.0,0.7182337917159435,0.8698227856712406,0.9601577253652036,0.1576406828559508,0.24947216117520377,0.17789387289960357
libero_10_task03_state005_wait30,libero_10,3,5,future_donor_cache_donor,12,12,0,0,1.0,0.7182337917159435,0.8698227856712406,0.9601577253652036,0.1576406828559508,0.24947216117520377,0.17789387289960357
libero_10_task03_state006_wait30,libero_10,3,6,future_recipient_cache_recipient,12,12,0,0,0.0,0.0,0.0,0.0,0.0,0.0,0.6250719418605492
libero_10_task03_state006_wait30,libero_10,3,6,future_donor_cache_recipient,12,12,0,0,0.0,0.0,0.0,0.0,0.0,0.0,0.6250719418605492
libero_10_task03_state006_wait30,libero_10,3,6,future_recipient_cache_donor,12,12,0,0,1.0,0.7123710322416642,0.8931545255039799,0.9554220911529728,0.159131424556293,0.26669436513262434,0.17192521227020288
libero_10_task03_state006_wait30,libero_10,3,6,future_donor_cache_donor,12,12,0,0,1.0,0.7123710322416642,0.8931545255039799,0.9554220911529728,0.159131424556293,0.26669436513262434,0.17192521227020288
libero_10_task04_state004_wait30,libero_10,4,4,future_recipient_cache_recipient,12,12,0,0,0.0,0.0,0.0,0.0,0.0,0.0,0.7186057093703101
libero_10_task04_state004_wait30,libero_10,4,4,future_donor_cache_recipient,12,12,0,0,0.0,0.0,0.0,0.0,0.0,0.0,0.7186057093703101
libero_10_task04_state004_wait30,libero_10,4,4,future_recipient_cache_donor,12,12,0,0,1.0,0.7480841864699,0.9189583765142019,0.9676284352793497,0.16682750275473376,0.23645266376580876,0.17764781838294944
libero_10_task04_state004_wait30,libero_10,4,4,future_donor_cache_donor,12,12,0,0,1.0,0.7480841864699,0.9189583765142019,0.9676284352793497,0.16682750275473376,0.23645266376580876,0.17764781838294944
libero_10_task04_state005_wait30,libero_10,4,5,future_recipient_cache_recipient,12,12,0,0,0.0,0.0,0.0,0.0,0.0,0.0,0.5917740333640847
libero_10_task04_state005_wait30,libero_10,4,5,future_donor_cache_recipient,12,12,0,0,0.0,0.0,0.0,0.0,0.0,0.0,0.5917740333640847
libero_10_task04_state005_wait30,libero_10,4,5,future_recipient_cache_donor,12,12,0,0,1.0,0.6976911157800095,0.8819816280963382,0.9519658781362974,0.16154931298870043,0.27794965895543716,0.17535484903551432
libero_10_task04_state005_wait30,libero_10,4,5,future_donor_cache_donor,12,12,0,0,1.0,0.6976911157800095,0.8819816280963382,0.9519658781362974,0.16154931298870043,0.27794965895543716,0.17535484903551432
libero_10_task04_state006_wait30,libero_10,4,6,future_recipient_cache_recipient,12,12,0,0,0.0,0.0,0.0,0.0,0.0,0.0,0.46766945246794495
libero_10_task04_state006_wait30,libero_10,4,6,future_donor_cache_recipient,12,12,0,0,0.0,0.0,0.0,0.0,0.0,0.0,0.46766945246794495
libero_10_task04_state006_wait30,libero_10,4,6,future_recipient_cache_donor,12,12,0,0,1.0,0.6091605335385685,0.8253748369487403,0.9203555533677253,0.16137119624409993,0.3470920552892078,0.18130411013725692
libero_10_task04_state006_wait30,libero_10,4,6,future_donor_cache_donor,12,12,0,0,1.0,0.6091605335385685,0.8253748369487403,0.9203555533677253,0.16137119624409993,0.3470920552892078,0.18130411013725692
libero_10_task05_state004_wait30,libero_10,5,4,future_recipient_cache_recipient,12,12,0,0,0.0,0.0,0.0,0.0,0.0,0.0,0.38828740150906427
libero_10_task05_state004_wait30,libero_10,5,4,future_donor_cache_recipient,12,12,0,0,0.0,0.0,0.0,0.0,0.0,0.0,0.38828740150906427
libero_10_task05_state004_wait30,libero_10,5,4,future_recipient_cache_donor,12,12,0,0,1.0,0.6802072371364473,0.8991613708631151,0.946380146242809,0.11320584079371822,0.3012403565924899,0.12067704341061729
libero_10_task05_state004_wait30,libero_10,5,4,future_donor_cache_donor,12,12,0,0,1.0,0.6802072371364473,0.8991613708631151,0.946380146242809,0.11320584079371822,0.3012403565924899,0.12067704341061729
libero_10_task05_state005_wait30,libero_10,5,5,future_recipient_cache_recipient,12,12,0,0,0.0,0.0,0.0,0.0,0.0,0.0,0.36454897512886486
libero_10_task05_state005_wait30,libero_10,5,5,future_donor_cache_recipient,12,12,0,0,0.0,0.0,0.0,0.0,0.0,0.0,0.36454897512886486
libero_10_task05_state005_wait30,libero_10,5,5,future_recipient_cache_donor,12,12,0,0,1.0,0.6334975751893102,0.8915488338474457,0.9269923002181425,0.12243951502045099,0.34836518355763463,0.12874779725384358
libero_10_task05_state005_wait30,libero_10,5,5,future_donor_cache_donor,12,12,0,0,1.0,0.6334975751893102,0.8915488338474457,0.9269923002181425,0.12243951502045099,0.34836518355763463,0.12874779725384358
libero_10_task05_state006_wait30,libero_10,5,6,future_recipient_cache_recipient,12,12,0,0,0.0,0.0,0.0,0.0,0.0,0.0,0.35343789724463065
libero_10_task05_state006_wait30,libero_10,5,6,future_donor_cache_recipient,12,12,0,0,0.0,0.0,0.0,0.0,0.0,0.0,0.35343789724463065
libero_10_task05_state006_wait30,libero_10,5,6,future_recipient_cache_donor,12,12,0,0,1.0,0.6312862162211981,0.8498789554987748,0.9259634823900952,0.11438723862941452,0.33550018128752906,0.12569225418834692
libero_10_task05_state006_wait30,libero_10,5,6,future_donor_cache_donor,12,12,0,0,1.0,0.6312862162211981,0.8498789554987748,0.9259634823900952,0.11438723862941452,0.33550018128752906,0.12569225418834692
libero_10_task06_state004_wait30,libero_10,6,4,future_recipient_cache_recipient,12,12,0,0,0.0,0.0,0.0,0.0,0.0,0.0,0.42870018241406266
libero_10_task06_state004_wait30,libero_10,6,4,future_donor_cache_recipient,12,12,0,0,0.0,0.0,0.0,0.0,0.0,0.0,0.42870018241406266
libero_10_task06_state004_wait30,libero_10,6,4,future_recipient_cache_donor,12,12,0,0,1.0,0.6989387027600585,0.8618928883985869,0.9555876154748514,0.11252539052447469,0.26419100522344025,0.12838434031726054
libero_10_task06_state004_wait30,libero_10,6,4,future_donor_cache_donor,12,12,0,0,1.0,0.6989387027600585,0.8618928883985869,0.9555876154748514,0.11252539052447469,0.26419100522344025,0.12838434031726054
libero_10_task06_state005_wait30,libero_10,6,5,future_recipient_cache_recipient,12,12,0,0,0.0,0.0,0.0,0.0,0.0,0.0,0.4597804730991775
libero_10_task06_state005_wait30,libero_10,6,5,future_donor_cache_recipient,12,12,0,0,0.0,0.0,0.0,0.0,0.0,0.0,0.4597804730991775
libero_10_task06_state005_wait30,libero_10,6,5,future_recipient_cache_donor,12,12,0,0,1.0,0.6834901276062357,0.8831502361830442,0.942769523081396,0.12384450641067785,0.2903398091893825,0.13448802089162687
libero_10_task06_state005_wait30,libero_10,6,5,future_donor_cache_donor,12,12,0,0,1.0,0.6834901276062357,0.8831502361830442,0.942769523081396,0.12384450641067785,0.2903398091893825,0.13448802089162687
libero_10_task06_state006_wait30,libero_10,6,6,future_recipient_cache_recipient,12,12,0,0,0.0,0.0,0.0,0.0,0.0,0.0,0.5375585304198052
libero_10_task06_state006_wait30,libero_10,6,6,future_donor_cache_recipient,12,12,0,0,0.0,0.0,0.0,0.0,0.0,0.0,0.5375585304198052
libero_10_task06_state006_wait30,libero_10,6,6,future_recipient_cache_donor,12,12,0,0,1.0,0.7612577493572594,0.9190715447035217,0.971677715168461,0.11568518469786572,0.22043439082726599,0.12514564486319976
libero_10_task06_state006_wait30,libero_10,6,6,future_donor_cache_donor,12,12,0,0,1.0,0.7612577493572594,0.9190715447035217,0.971677715168461,0.11568518469786572,0.22043439082726599,0.12514564486319976
libero_10_task07_state004_wait30,libero_10,7,4,future_recipient_cache_recipient,12,12,0,0,0.0,0.0,0.0,0.0,0.0,0.0,0.6184582813530862
libero_10_task07_state004_wait30,libero_10,7,4,future_donor_cache_recipient,12,12,0,0,0.0,0.0,0.0,0.0,0.0,0.0,0.6184582813530862
libero_10_task07_state004_wait30,libero_10,7,4,future_recipient_cache_donor,12,12,0,0,1.0,0.6442439466480215,0.8485393964064593,0.9315062150211525,0.19444804785145783,0.320501404243449,0.21448697455258636
libero_10_task07_state004_wait30,libero_10,7,4,future_donor_cache_donor,12,12,0,0,1.0,0.6442439466480215,0.8485393964064593,0.9315062150211525,0.19444804785145783,0.320501404243449,0.21448697455258636
libero_10_task07_state005_wait30,libero_10,7,5,future_recipient_cache_recipient,12,12,0,0,0.0,0.0,0.0,0.0,0.0,0.0,0.7439230138155132
libero_10_task07_state005_wait30,libero_10,7,5,future_donor_cache_recipient,12,12,0,0,0.0,0.0,0.0,0.0,0.0,0.0,0.7439230138155132
libero_10_task07_state005_wait30,libero_10,7,5,future_recipient_cache_donor,12,12,0,0,1.0,0.6787528810690273,0.8653202734138117,0.9474600421098393,0.21402808532301934,0.2900476433406927,0.2377716759818618
libero_10_task07_state005_wait30,libero_10,7,5,future_donor_cache_donor,12,12,0,0,1.0,0.6787528810690273,0.8653202734138117,0.9474600421098393,0.21402808532301934,0.2900476433406927,0.2377716759818618
libero_10_task07_state006_wait30,libero_10,7,6,future_recipient_cache_recipient,12,12,0,0,0.0,0.0,0.0,0.0,0.0,0.0,0.6846874970570053
libero_10_task07_state006_wait30,libero_10,7,6,future_donor_cache_recipient,12,12,0,0,0.0,0.0,0.0,0.0,0.0,0.0,0.6846874970570053
libero_10_task07_state006_wait30,libero_10,7,6,future_recipient_cache_donor,12,12,0,0,1.0,0.6573548343595531,0.8629516883353094,0.9396339927360925,0.21295681899201416,0.3120056161900457,0.23432693309126362
libero_10_task07_state006_wait30,libero_10,7,6,future_donor_cache_donor,12,12,0,0,1.0,0.6573548343595531,0.8629516883353094,0.9396339927360925,0.21295681899201416,0.3120056161900457,0.23432693309126362
libero_10_task08_state004_wait30,libero_10,8,4,future_recipient_cache_recipient,12,12,0,0,0.0,0.0,0.0,0.0,0.0,0.0,0.47471861625701256
libero_10_task08_state004_wait30,libero_10,8,4,future_donor_cache_recipient,12,12,0,0,0.0,0.0,0.0,0.0,0.0,0.0,0.47471861625701256
libero_10_task08_state004_wait30,libero_10,8,4,future_recipient_cache_donor,12,12,0,0,1.0,0.649102582729279,0.8154778096643241,0.9355575703545962,0.1357947146236814,0.29682894551585876,0.16037480957582945
libero_10_task08_state004_wait30,libero_10,8,4,future_donor_cache_donor,12,12,0,0,1.0,0.649102582729279,0.8154778096643241,0.9355575703545962,0.1357947146236814,0.29682894551585876,0.16037480957582945
libero_10_task08_state005_wait30,libero_10,8,5,future_recipient_cache_recipient,12,12,0,0,0.0,0.0,0.0,0.0,0.0,0.0,0.3839088163139555
libero_10_task08_state005_wait30,libero_10,8,5,future_donor_cache_recipient,12,12,0,0,0.0,0.0,0.0,0.0,0.0,0.0,0.3839088163139555
libero_10_task08_state005_wait30,libero_10,8,5,future_recipient_cache_donor,12,12,0,0,1.0,0.6311684113351382,0.7638240876257832,0.9373562165684587,0.10833954372397349,0.28228635260323637,0.14140201632402194
libero_10_task08_state005_wait30,libero_10,8,5,future_donor_cache_donor,12,12,0,0,1.0,0.6311684113351382,0.7638240876257832,0.9373562165684587,0.10833954372397349,0.28228635260323637,0.14140201632402194
libero_10_task08_state006_wait30,libero_10,8,6,future_recipient_cache_recipient,12,12,0,0,0.0,0.0,0.0,0.0,0.0,0.0,0.3918703755754329
libero_10_task08_state006_wait30,libero_10,8,6,future_donor_cache_recipient,12,12,0,0,0.0,0.0,0.0,0.0,0.0,0.0,0.3918703755754329
libero_10_task08_state006_wait30,libero_10,8,6,future_recipient_cache_donor,12,12,0,0,1.0,0.6079072057774332,0.799312868481175,0.9204020293042761,0.1293423169421879,0.33537318803252797,0.15134804593131757
libero_10_task08_state006_wait30,libero_10,8,6,future_donor_cache_donor,12,12,0,0,1.0,0.6079072057774332,0.799312868481175,0.9204020293042761,0.1293423169421879,0.33537318803252797,0.15134804593131757
libero_10_task09_state004_wait30,libero_10,9,4,future_recipient_cache_recipient,12,12,0,0,0.0,0.0,0.0,0.0,0.0,0.0,0.8412755718252485
libero_10_task09_state004_wait30,libero_10,9,4,future_donor_cache_recipient,12,12,0,0,0.0,0.0,0.0,0.0,0.0,0.0,0.8412755718252485
libero_10_task09_state004_wait30,libero_10,9,4,future_recipient_cache_donor,12,12,0,0,1.0,0.7554657279104068,0.9497409687714572,0.9692881031056872,0.19520342166399215,0.23742752641107226,0.20083721433802668
libero_10_task09_state004_wait30,libero_10,9,4,future_donor_cache_donor,12,12,0,0,1.0,0.7554657279104068,0.9497409687714572,0.9692881031056872,0.19520342166399215,0.23742752641107226,0.20083721433802668
libero_10_task09_state005_wait30,libero_10,9,5,future_recipient_cache_recipient,12,12,0,0,0.0,0.0,0.0,0.0,0.0,0.0,0.6755984855310476
libero_10_task09_state005_wait30,libero_10,9,5,future_donor_cache_recipient,12,12,0,0,0.0,0.0,0.0,0.0,0.0,0.0,0.6755984855310476
libero_10_task09_state005_wait30,libero_10,9,5,future_recipient_cache_donor,12,12,0,0,1.0,0.7023518357425611,0.9373286338138634,0.9540881140057776,0.19133989662241388,0.2896123222860453,0.19672954754479732
libero_10_task09_state005_wait30,libero_10,9,5,future_donor_cache_donor,12,12,0,0,1.0,0.7023518357425611,0.9373286338138634,0.9540881140057776,0.19133989662241388,0.2896123222860453,0.19672954754479732
libero_10_task09_state006_wait30,libero_10,9,6,future_recipient_cache_recipient,12,12,0,0,0.0,0.0,0.0,0.0,0.0,0.0,0.8500035356675867
libero_10_task09_state006_wait30,libero_10,9,6,future_donor_cache_recipient,12,12,0,0,0.0,0.0,0.0,0.0,0.0,0.0,0.8500035356675867
libero_10_task09_state006_wait30,libero_10,9,6,future_recipient_cache_donor,12,12,0,0,1.0,0.750173831031745,0.9594374331060873,0.9672297358902376,0.19097404496169776,0.2437924835105586,0.1960037848091667
libero_10_task09_state006_wait30,libero_10,9,6,future_donor_cache_donor,12,12,0,0,1.0,0.750173831031745,0.9594374331060873,0.9672297358902376,0.19097404496169776,0.2437924835105586,0.1960037848091667
