group,name,title,source,path
cosmos3_population,01_predicted_action_by_condition,Predicted-future action projection by condition,results/cosmos3_population_confirmatory_v1/*/summary.json,cosmos3_population/01_predicted_action_by_condition.png
cosmos3_population,02_executed_action_by_condition,Executed-future action projection by condition,results/cosmos3_population_confirmatory_v1/*/summary.json,cosmos3_population/02_executed_action_by_condition.png
cosmos3_population,03_executed_endpoint_by_condition,Executed endpoint projection by condition,results/cosmos3_population_confirmatory_v1/*/summary.json,cosmos3_population/03_executed_endpoint_by_condition.png
cosmos3_population,04_predicted_vs_executed_action,Predicted action projection vs. Executed action projection,results/cosmos3_population_confirmatory_v1/*/summary.json,cosmos3_population/04_predicted_vs_executed_action.png
cosmos3_population,05_executed_action_vs_endpoint,Executed action projection vs. Endpoint projection,results/cosmos3_population_confirmatory_v1/*/summary.json,cosmos3_population/05_executed_action_vs_endpoint.png
cosmos3_population,06_predicted_action_vs_endpoint,Predicted action projection vs. Endpoint projection,results/cosmos3_population_confirmatory_v1/*/summary.json,cosmos3_population/06_predicted_action_vs_endpoint.png
cosmos3_population,07_action_separation_vs_predicted_projection,Native action separation (L2) vs. Predicted action projection,results/cosmos3_population_confirmatory_v1/*/summary.json,cosmos3_population/07_action_separation_vs_predicted_projection.png
cosmos3_population,08_action_separation_vs_executed_projection,Native action separation (L2) vs. Executed action projection,results/cosmos3_population_confirmatory_v1/*/summary.json,cosmos3_population/08_action_separation_vs_executed_projection.png
cosmos3_population,09_endpoint_separation_vs_projection,Native endpoint separation (L2) vs. Endpoint projection,results/cosmos3_population_confirmatory_v1/*/summary.json,cosmos3_population/09_endpoint_separation_vs_projection.png
cosmos3_population,10_native_vs_transplanted_predicted_action_l2,Native action separation (L2) vs. Transplanted action displacement (L2),results/cosmos3_population_confirmatory_v1/*/summary.json,cosmos3_population/10_native_vs_transplanted_predicted_action_l2.png
cosmos3_population,11_native_vs_transplanted_executed_action_l2,Native action separation (L2) vs. Transplanted action displacement (L2),results/cosmos3_population_confirmatory_v1/*/summary.json,cosmos3_population/11_native_vs_transplanted_executed_action_l2.png
cosmos3_population,12_native_vs_transplanted_endpoint_l2,Native endpoint separation (L2) vs. Transplanted endpoint displacement (L2),results/cosmos3_population_confirmatory_v1/*/summary.json,cosmos3_population/12_native_vs_transplanted_endpoint_l2.png
cosmos3_population,13_natural_vs_predicted_donor,Natural-control projection vs. Predicted-donor projection,results/cosmos3_population_confirmatory_v1/*/summary.json,cosmos3_population/13_natural_vs_predicted_donor.png
cosmos3_population,14_gaussian_vs_executed_donor,Gaussian projection vs. Executed-donor projection,results/cosmos3_population_confirmatory_v1/*/summary.json,cosmos3_population/14_gaussian_vs_executed_donor.png
cosmos3_population,15_natural_vs_executed_donor,Natural-control projection vs. Executed-donor projection,results/cosmos3_population_confirmatory_v1/*/summary.json,cosmos3_population/15_natural_vs_executed_donor.png
cosmos3_pathway,01_predicted_kv_before_after,Predicted action: projection before and after K/V replacement,results/cosmos3_population_confirmatory_v1/*/summary.json,cosmos3_pathway/01_predicted_kv_before_after.png
cosmos3_pathway,01_predicted_kv_before_vs_after,Predicted action: before vs. after K/V replacement,results/cosmos3_population_confirmatory_v1/*/summary.json,cosmos3_pathway/01_predicted_kv_before_vs_after.png
cosmos3_pathway,02_executed_kv_before_after,Executed action: projection before and after K/V replacement,results/cosmos3_population_confirmatory_v1/*/summary.json,cosmos3_pathway/02_executed_kv_before_after.png
cosmos3_pathway,02_executed_kv_before_vs_after,Executed action: before vs. after K/V replacement,results/cosmos3_population_confirmatory_v1/*/summary.json,cosmos3_pathway/02_executed_kv_before_vs_after.png
cosmos3_pathway,03_endpoint_kv_before_after,Endpoint: projection before and after K/V replacement,results/cosmos3_population_confirmatory_v1/*/summary.json,cosmos3_pathway/03_endpoint_kv_before_after.png
cosmos3_pathway,03_endpoint_kv_before_vs_after,Endpoint: before vs. after K/V replacement,results/cosmos3_population_confirmatory_v1/*/summary.json,cosmos3_pathway/03_endpoint_kv_before_vs_after.png
cosmos3_pathway,07_predicted_effect_vs_kv_loss,Predicted action: donor projection vs. K/V loss,results/cosmos3_population_confirmatory_v1/*/summary.json,cosmos3_pathway/07_predicted_effect_vs_kv_loss.png
cosmos3_pathway,08_executed_effect_vs_kv_loss,Executed action: donor projection vs. K/V loss,results/cosmos3_population_confirmatory_v1/*/summary.json,cosmos3_pathway/08_executed_effect_vs_kv_loss.png
cosmos3_pathway,09_endpoint_effect_vs_kv_loss,Endpoint: donor projection vs. K/V loss,results/cosmos3_population_confirmatory_v1/*/summary.json,cosmos3_pathway/09_endpoint_effect_vs_kv_loss.png
cosmos3_factorization,01_action_projection_by_factorial_cell,Action projection by robot/object pixel cell,results/cosmos3_population_confirmatory_v1/*/summary.json (factorial subset),cosmos3_factorization/01_action_projection_by_factorial_cell.png
cosmos3_factorization,02_endpoint_projection_by_factorial_cell,Endpoint projection by robot/object pixel cell,results/cosmos3_population_confirmatory_v1/*/summary.json (factorial subset),cosmos3_factorization/02_endpoint_projection_by_factorial_cell.png
cosmos3_factorization,03_action_factor_effects,Action factorial effects,results/cosmos3_population_confirmatory_v1/*/summary.json (factorial subset),cosmos3_factorization/03_action_factor_effects.png
cosmos3_factorization,04_endpoint_factor_effects,Endpoint factorial effects,results/cosmos3_population_confirmatory_v1/*/summary.json (factorial subset),cosmos3_factorization/04_endpoint_factor_effects.png
cosmos3_factorization,05_robot_vs_object_action_effect,Robot action effect vs. Object action effect,results/cosmos3_population_confirmatory_v1/*/summary.json (factorial subset),cosmos3_factorization/05_robot_vs_object_action_effect.png
cosmos3_factorization,06_robot_vs_object_endpoint_effect,Robot endpoint effect vs. Object endpoint effect,results/cosmos3_population_confirmatory_v1/*/summary.json (factorial subset),cosmos3_factorization/06_robot_vs_object_endpoint_effect.png
cosmos3_factorization,07_robot_mask_size_vs_action_effect,Robot mask fraction vs. Robot action effect,results/cosmos3_population_confirmatory_v1/*/summary.json (factorial subset),cosmos3_factorization/07_robot_mask_size_vs_action_effect.png
cosmos3_factorization,08_object_mask_size_vs_action_effect,Object mask fraction vs. Object action effect,results/cosmos3_population_confirmatory_v1/*/summary.json (factorial subset),cosmos3_factorization/08_object_mask_size_vs_action_effect.png
cosmos3_factorization,09_both_pixels_vs_full_donor_action,Both-pixel cell projection vs. Full donor projection,results/cosmos3_population_confirmatory_v1/*/summary.json (factorial subset),cosmos3_factorization/09_both_pixels_vs_full_donor_action.png
cosmos3_factorization,10_both_pixels_vs_full_donor_endpoint,Both-pixel endpoint projection vs. Full donor endpoint projection,results/cosmos3_population_confirmatory_v1/*/summary.json (factorial subset),cosmos3_factorization/10_both_pixels_vs_full_donor_endpoint.png
cosmos_policy,01_action_by_prefix,Cosmos Policy action steering by registered prefix,results/confirmatory_v1/semantic_state_repetitions.csv,cosmos_policy/01_action_by_prefix.png
cosmos_policy,02_endpoint_by_prefix,Cosmos Policy endpoint steering by registered prefix,results/confirmatory_v1/semantic_state_repetitions.csv,cosmos_policy/02_endpoint_by_prefix.png
cosmos_policy,03_action_by_modality,First-query action steering by future modality,results/confirmatory_v1/semantic_state_repetitions.csv,cosmos_policy/03_action_by_modality.png
cosmos_policy,04_endpoint_by_modality,First-query endpoint steering by future modality,results/confirmatory_v1/semantic_state_repetitions.csv,cosmos_policy/04_endpoint_by_modality.png
cosmos_policy,05_action_control_contrasts,First-query donor-minus-control action contrast,results/confirmatory_v1/semantic_state_repetitions.csv,cosmos_policy/05_action_control_contrasts.png
cosmos_policy,06_endpoint_control_contrasts,First-query donor-minus-control endpoint contrast,results/confirmatory_v1/semantic_state_repetitions.csv,cosmos_policy/06_endpoint_control_contrasts.png
cosmos_policy,07_action_vs_endpoint_all_prefixes,Action vs. endpoint steering across registered states,results/confirmatory_v1/semantic_state_repetitions.csv,cosmos_policy/07_action_vs_endpoint_all_prefixes.png
cosmos_policy,08_action_vs_endpoint_first_query,First-query action vs. endpoint steering,results/confirmatory_v1/semantic_state_repetitions.csv,cosmos_policy/08_action_vs_endpoint_first_query.png
cosmos_policy,09_all_vs_wrist_action,All-future vs. wrist-future action steering,results/confirmatory_v1/semantic_state_repetitions.csv,cosmos_policy/09_all_vs_wrist_action.png
cosmos_policy,09_all_vs_primary_action,All-future vs. primary-future action steering,results/confirmatory_v1/semantic_state_repetitions.csv,cosmos_policy/09_all_vs_primary_action.png
cosmos_policy,09_all_vs_proprio_action,All-future vs. proprio-future action steering,results/confirmatory_v1/semantic_state_repetitions.csv,cosmos_policy/09_all_vs_proprio_action.png
cosmos_policy_attention,01_gate_vs_action_l2,Future-key gate vs. action l2 from baseline,results/confirmatory_v1/attention_state_repetitions.csv,cosmos_policy_attention/01_gate_vs_action_l2.png
cosmos_policy_attention,02_gate_vs_max_action_change,Future-key gate vs. maximum action change,results/confirmatory_v1/attention_state_repetitions.csv,cosmos_policy_attention/02_gate_vs_max_action_change.png
cosmos_policy_attention,03_gate_vs_action_projection,Future-key gate vs. action donor projection,results/confirmatory_v1/attention_state_repetitions.csv,cosmos_policy_attention/03_gate_vs_action_projection.png
cosmos_policy_attention,04_gate_vs_endpoint_projection,Future-key gate vs. endpoint donor projection,results/confirmatory_v1/attention_state_repetitions.csv,cosmos_policy_attention/04_gate_vs_endpoint_projection.png
cosmos_policy_attention,05_full_gate_control_action_l2,Full-gate controls: action l2 from baseline,results/confirmatory_v1/attention_state_repetitions.csv,cosmos_policy_attention/05_full_gate_control_action_l2.png
cosmos_policy_attention,06_full_gate_control_endpoint,Full-gate controls: endpoint donor projection,results/confirmatory_v1/attention_state_repetitions.csv,cosmos_policy_attention/06_full_gate_control_endpoint.png
cosmos_policy_content_factorization,01_action_by_natural_pair_contrast,Natural-pair action steering contrasts,results/content_factorization_v1/factorization_repetitions.csv,cosmos_policy_content_factorization/01_action_by_natural_pair_contrast.png
cosmos_policy_content_factorization,02_robot_vs_object_pair_action,Robot-pair and object-pair action steering,results/content_factorization_v1/factorization_repetitions.csv,cosmos_policy_content_factorization/02_robot_vs_object_pair_action.png
cosmos_policy_content_factorization,03_robot_action_vs_robot_endpoint,Robot-pair action vs. robot endpoint steering,results/content_factorization_v1/factorization_repetitions.csv,cosmos_policy_content_factorization/03_robot_action_vs_robot_endpoint.png
cosmos_policy_content_factorization,04_object_action_vs_goal_endpoint,Object-pair action vs. goal endpoint steering,results/content_factorization_v1/factorization_repetitions.csv,cosmos_policy_content_factorization/04_object_action_vs_goal_endpoint.png
cosmos_policy_rendered_factorial,01_goal_endpoint_by_cell,Goal endpoint projection by rendered factorial cell,results/factorial_hybrid_v1/factorial_cell_repetitions.csv,cosmos_policy_rendered_factorial/01_goal_endpoint_by_cell.png
cosmos_policy_rendered_factorial,02_robot_endpoint_by_cell,Robot endpoint projection by rendered factorial cell,results/factorial_hybrid_v1/factorial_cell_repetitions.csv,cosmos_policy_rendered_factorial/02_robot_endpoint_by_cell.png
cosmos_policy_rendered_factorial,03_primary_decode_margin_by_cell,Primary decode margin by rendered factorial cell,results/factorial_hybrid_v1/factorial_cell_repetitions.csv,cosmos_policy_rendered_factorial/03_primary_decode_margin_by_cell.png
cosmos_policy_rendered_factorial,04_wrist_decode_margin_by_cell,Wrist decode margin by rendered factorial cell,results/factorial_hybrid_v1/factorial_cell_repetitions.csv,cosmos_policy_rendered_factorial/04_wrist_decode_margin_by_cell.png
cosmos_policy_rendered_factorial,05_primary_decode_margin_vs_goal_endpoint,Primary decode margin vs. goal endpoint projection,results/factorial_hybrid_v1/factorial_cell_repetitions.csv,cosmos_policy_rendered_factorial/05_primary_decode_margin_vs_goal_endpoint.png
cosmos_policy_rendered_factorial,06_all_action_factor_effects,Rendered factorial action effects (all),results/factorial_hybrid_v1/factorial_effect_repetitions.csv,cosmos_policy_rendered_factorial/06_all_action_factor_effects.png
cosmos_policy_rendered_factorial,06_primary_action_factor_effects,Rendered factorial action effects (primary),results/factorial_hybrid_v1/factorial_effect_repetitions.csv,cosmos_policy_rendered_factorial/06_primary_action_factor_effects.png
cosmos_policy_rendered_factorial,06_proprio_action_factor_effects,Rendered factorial action effects (proprio),results/factorial_hybrid_v1/factorial_effect_repetitions.csv,cosmos_policy_rendered_factorial/06_proprio_action_factor_effects.png
cosmos_policy_rendered_factorial,06_wrist_action_factor_effects,Rendered factorial action effects (wrist),results/factorial_hybrid_v1/factorial_effect_repetitions.csv,cosmos_policy_rendered_factorial/06_wrist_action_factor_effects.png
robocasa_replication,01_action_contrasts,RoboCasa action contrast by control,results/robocasa_replication_v1/semantic_repetitions.csv,robocasa_replication/01_action_contrasts.png
robocasa_replication,02_endpoint_contrasts,RoboCasa endpoint contrast by control,results/robocasa_replication_v1/semantic_repetitions.csv,robocasa_replication/02_endpoint_contrasts.png
robocasa_replication,03_action_vs_endpoint,RoboCasa action vs. endpoint steering,results/robocasa_replication_v1/semantic_repetitions.csv,robocasa_replication/03_action_vs_endpoint.png
robocasa_replication,04_attention_action_l2,RoboCasa attention-control action change,results/robocasa_replication_v1/attention_repetitions.csv,robocasa_replication/04_attention_action_l2.png
