state_id,task_id,recipient,source,off_diagonal,gaussian_template_prediction,gaussian_source_correct,gaussian_projection,gaussian_distance_reduction,native_template_prediction,native_donor_correct,native_projection,native_distance_reduction
task00_state010,0,0,0,False,0,1,0.0,0.0,3,0,0.0,0.0
task00_state010,0,0,1,True,0,0,0.4973616453770621,-0.0030647983532986756,3,0,-0.6879287629792548,-0.030574840444632274
task00_state010,0,0,2,True,0,0,-0.11750220961041513,-0.7043553343737132,3,0,-0.6159116092920675,-0.019344432433979077
task00_state010,0,0,3,True,0,0,0.31749489415237564,-0.1601271026197985,3,1,1.1929658703348471,0.016121485054576157
task00_state010,0,1,0,True,0,1,0.6205593506902362,0.14778290105043654,3,0,0.08588974297791951,-0.015198474479950376
task00_state010,0,1,1,False,1,1,0.0,0.0,3,0,0.0,0.0
task00_state010,0,1,2,True,0,0,-0.29297498032418684,-0.22552757963984693,3,0,-0.40644294255352575,-0.015403204375640096
task00_state010,0,1,3,True,0,0,0.641406422441373,0.15931234998280414,3,1,0.9871484578452712,0.015104859419100558
task00_state010,0,2,0,True,2,0,0.04245490899310301,-0.7192214510451361,3,0,-1.3413176669376194,-0.05548357931954672
task00_state010,0,2,1,True,2,0,-0.33882232641911836,-0.22443504435268063,3,0,-4.344310304186112,-0.04170625509525593
task00_state010,0,2,2,False,2,1,0.0,0.0,3,0,0.0,0.0
task00_state010,0,2,3,True,2,0,0.12935874164514494,-0.5425001826474993,3,1,1.757089620835707,0.035772197080888704
task00_state010,0,3,0,True,3,0,0.40670126698519676,-0.12456489435339228,3,0,-1.2000889414614515,-0.07359491421463736
task00_state010,0,3,1,True,1,1,0.6820197091603024,0.23218337935632885,3,0,-2.149220150934045,-0.10728572666814885
task00_state010,0,3,2,True,3,0,0.18602552664253194,-0.4557556585584607,3,0,-2.430600979676393,-0.061562133259460125
task00_state010,0,3,3,False,3,1,0.0,0.0,3,1,0.0,0.0
task00_state020,0,0,0,False,0,1,0.0,0.0,0,1,0.0,0.0
task00_state020,0,0,1,True,0,0,0.4671318880764834,-0.03674572854053474,0,0,-1.7489647831859643,-0.10412759343662896
task00_state020,0,0,2,True,0,0,-0.14684867409154623,-0.679453352783306,0,0,-1.9758673366276545,-0.0896121164234908
task00_state020,0,0,3,True,0,0,0.29362971946228444,-0.17772354087502534,0,0,-2.1023770511307345,-0.06905288131617725
task00_state020,0,1,0,True,0,1,0.6064495057255087,0.12683693938624327,0,1,1.4986337703123327,0.06662162045789081
task00_state020,0,1,1,False,1,1,0.0,0.0,0,0,0.0,0.0
task00_state020,0,1,2,True,0,0,-0.3341395838707589,-0.2370745949580521,0,0,-1.235329873345554,-0.02966501955692027
task00_state020,0,1,3,True,0,0,0.6157481925412404,0.12617779960113282,0,0,-0.5120078896598507,-0.027342317601474427
task00_state020,0,2,0,True,2,0,0.0466373675777483,-0.7171794498718094,0,1,1.0145353495788647,0.04588123144931154
task00_state020,0,2,1,True,2,0,-0.352688327103167,-0.2327963232950555,2,0,-1.9490444775487865,-0.03329556318889307
task00_state020,0,2,2,False,2,1,0.0,0.0,0,0,0.0,0.0
task00_state020,0,2,3,True,2,0,0.07444273252954667,-0.5642783621248058,0,0,-0.6546281285012665,-0.034419968610285276
task00_state020,0,3,0,True,3,0,0.39640062838867335,-0.1445841242028174,0,1,1.776146660897551,0.06060698750884761
task00_state020,0,3,1,True,1,1,0.6540184527617241,0.19271793135645504,0,0,-0.6448082390174257,-0.03733399811783168
task00_state020,0,3,2,True,3,0,0.14566876741130227,-0.47501037232305054,0,0,-1.124644376142523,-0.029417342791858772
task00_state020,0,3,3,False,3,1,0.0,0.0,0,0,0.0,0.0
task00_state030,0,0,0,False,0,1,0.0,0.0,0,1,0.0,0.0
task00_state030,0,0,1,True,1,1,0.5072742496163526,0.008130471531599829,0,0,-0.948428235134636,-0.1426225380769051
task00_state030,0,0,2,True,0,0,-0.13226980193409527,-0.6785832918133741,0,0,-1.1438415140851208,-0.0887245535931331
task00_state030,0,0,3,True,0,0,0.22054500193939966,-0.22002356208662482,0,0,-1.1486784650199668,-0.09580161257340145
task00_state030,0,1,0,True,0,1,0.6147757584218971,0.1406547586165513,0,1,0.9917122302905889,0.06598521314995509
task00_state030,0,1,1,False,1,1,0.0,0.0,0,0,0.0,0.0
task00_state030,0,1,2,True,0,0,-0.23105006305420778,-0.2255450838542402,0,0,0.19188793925838565,-0.03608236905907194
task00_state030,0,1,3,True,0,0,0.6059932878934932,0.10861054906461504,0,0,-1.7218252888149639,-0.04470925537813313
task00_state030,0,2,0,True,2,0,0.04406970140984556,-0.7326240723428961,2,0,0.13867908458912206,-0.0983747314036981
task00_state030,0,2,1,True,2,0,-0.2552073576010549,-0.2234397405679169,2,0,-1.0044748999967663,-0.14762427733037614
task00_state030,0,2,2,False,2,1,0.0,0.0,2,1,0.0,0.0
task00_state030,0,2,3,True,2,0,0.06502874642845735,-0.6363636665534183,2,0,-0.6661325899098645,-0.26739142633137253
task00_state030,0,3,0,True,3,0,0.3424024094652123,-0.20836889297111313,0,1,1.5438677671330316,0.120602439538118
task00_state030,0,3,1,True,1,1,0.6374957809468482,0.16988310862815492,0,0,0.8687871260681964,0.008668997008082095
task00_state030,0,3,2,True,3,0,0.12126848889641167,-0.5623805164799842,0,0,0.8587181532438234,0.029653407067435685
task00_state030,0,3,3,False,3,1,0.0,0.0,0,0,0.0,0.0
task01_state010,1,0,0,False,0,1,0.0,0.0,0,1,0.0,0.0
task01_state010,1,0,1,True,0,0,0.30175865989525963,-0.24013059238851492,0,0,-3.2103204634310107,-0.041420246475577
task01_state010,1,0,2,True,0,0,-0.13618993763179155,-0.5885778031421379,0,0,-2.3294975498795094,-0.14336925586760682
task01_state010,1,0,3,True,0,0,0.32881560622302963,-0.17184264050914055,0,0,-2.227190064006414,-0.1347303509487523
task01_state010,1,1,0,True,1,0,0.44493442603252126,-0.06740678049971742,0,1,3.2335507808080886,0.03730177771447649
task01_state010,1,1,1,False,1,1,0.0,0.0,0,0,0.0,0.0
task01_state010,1,1,2,True,0,0,-0.28966460214640205,-0.2981266938706622,0,0,-2.576138569399618,-0.13101604830730687
task01_state010,1,1,3,True,0,0,0.4734789634169525,-0.030936128799531146,0,0,-2.3590637621070685,-0.12280867942676622
task01_state010,1,2,0,True,2,0,-0.015994148511355184,-0.6341051916504208,0,1,2.413533495738198,0.198407155241943
task01_state010,1,2,1,True,2,0,-0.2666548684021198,-0.301224707710319,0,0,2.6422058370054544,0.1347649193103868
task01_state010,1,2,2,False,2,1,0.0,0.0,0,0,0.0,0.0
task01_state010,1,2,3,True,2,0,-0.034278914143851834,-0.5405884868162955,0,0,1.073915872969633,0.0036679691664600164
task01_state010,1,3,0,True,3,0,0.45889122067025784,-0.053520303675371105,0,1,2.9103371726461487,0.15399592958770567
task01_state010,1,3,1,True,1,1,0.6126755085248605,0.15178639756880422,0,0,3.199996722692953,0.11961719819642021
task01_state010,1,3,2,True,3,0,0.12134338062951028,-0.4755646799073612,0,0,-3.2783301270099616,-0.014182961926586956
task01_state010,1,3,3,False,3,1,0.0,0.0,0,0,0.0,0.0
task01_state020,1,0,0,False,0,1,0.0,0.0,0,1,0.0,0.0
task01_state020,1,0,1,True,0,0,0.3416689459412585,-0.17878074334300648,0,0,-1.1415159890103759,-0.1962555921842688
task01_state020,1,0,2,True,0,0,-0.16242446017606835,-0.6022436868692943,0,0,-1.2483420652964565,-0.1639387693346451
task01_state020,1,0,3,True,0,0,0.336313153095208,-0.1530577010899738,0,0,-1.994158404099965,-0.06651299578893778
task01_state020,1,1,0,True,1,0,0.46883337409904374,-0.03965391870556548,0,1,1.739798178522205,0.17836003148019008
task01_state020,1,1,1,False,1,1,0.0,0.0,0,0,0.0,0.0
task01_state020,1,1,2,True,0,0,-0.2794333919583137,-0.22106848131337892,0,0,-1.218187491595179,-0.009124264339818815
task01_state020,1,1,3,True,0,0,0.5324166175320482,0.03496946198749709,0,0,2.518435913342628,0.11077442900602183
task01_state020,1,2,0,True,2,0,-0.10450240079677141,-0.6168158974261574,0,1,1.423114469782587,0.21294993262412676
task01_state020,1,2,1,True,2,0,-0.33148378501887443,-0.21116184105890878,0,0,-1.2179587015802409,-0.012646585684804314
task01_state020,1,2,2,False,2,1,0.0,0.0,0,0,0.0,0.0
task01_state020,1,2,3,True,2,0,-0.07449269109703986,-0.5616724723930087,0,0,1.8160467472262898,0.11978900889763586
task01_state020,1,3,0,True,3,0,0.42347433141419627,-0.10090135852857407,0,1,2.0893355697034566,0.06963581543431341
task01_state020,1,3,1,True,1,1,0.6126574289018745,0.13544531071148064,0,0,-1.8412383537551118,-0.160097704111086
task01_state020,1,3,2,True,3,0,0.08263445049144935,-0.5211700290412308,0,0,-2.172986894912751,-0.13277576235549
task01_state020,1,3,3,False,3,1,0.0,0.0,0,0,0.0,0.0
task01_state030,1,0,0,False,0,1,0.0,0.0,1,0,0.0,0.0
task01_state030,1,0,1,True,0,0,0.37174548230214854,-0.15043330766123172,1,1,2.516786624487689,0.05299996940236683
task01_state030,1,0,2,True,0,0,-0.15783250112442324,-0.612624859955421,1,0,-0.07483905422303577,-0.006643112455260415
task01_state030,1,0,3,True,0,0,0.42071463504841916,-0.08344232976081252,1,0,-2.8721583402546638,-0.042495357622190935
task01_state030,1,1,0,True,1,0,0.4792764615893718,-0.025983923996252736,1,0,-2.4297300905421935,-0.08379672930293285
task01_state030,1,1,1,False,1,1,0.0,0.0,1,1,0.0,0.0
task01_state030,1,1,2,True,0,0,-0.22641732062514272,-0.22408440473939545,1,0,-3.490531105818125,-0.06980649638167487
task01_state030,1,1,3,True,3,1,0.5939310242567631,0.1138083483316902,1,0,-1.7560533948891608,-0.10800069545129361
task01_state030,1,2,0,True,2,0,-0.04614154267669235,-0.6520783846891334,1,0,-1.1850152649024237,-0.09010951881349846
task01_state030,1,2,1,True,2,0,-0.26698138833288204,-0.21241921552941073,2,0,-0.4138186397342839,-0.02517819523046429
task01_state030,1,2,2,False,2,1,0.0,0.0,1,0,0.0,0.0
task01_state030,1,2,3,True,2,0,0.03177797211611231,-0.5119654885617132,2,0,-1.5129910622554141,-0.1167946301052366
task01_state030,1,3,0,True,3,0,0.4739236787046446,-0.034314172177910926,1,0,1.917404621830998,0.03430455824986065
task01_state030,1,3,1,True,1,1,0.6463695915385642,0.17913089288750686,1,1,1.4813436749902253,0.10984490586842768
task01_state030,1,3,2,True,3,0,0.11641714542270407,-0.45193139148541456,1,0,1.6466887796762002,0.026856799850098294
task01_state030,1,3,3,False,3,1,0.0,0.0,1,0,0.0,0.0
task02_state010,2,0,0,False,0,1,0.0,0.0,1,0,0.0,0.0
task02_state010,2,0,1,True,1,1,0.5372963899367185,0.03336625961196817,1,1,1.2889735687683823,0.017562100191089235
task02_state010,2,0,2,True,0,0,-0.07188445614799922,-0.724059506447248,1,0,-0.13792493963106014,-0.02127308335969992
task02_state010,2,0,3,True,0,0,-0.007217935642364659,-0.6138008927336828,1,0,-1.6074591478429343,-0.12521385218976705
task02_state010,2,1,0,True,1,0,0.4889177749585553,-0.011094066723032283,1,0,-1.0814322340779974,-0.02339886664355017
task02_state010,2,1,1,False,1,1,0.0,0.0,1,1,0.0,0.0
task02_state010,2,1,2,True,0,0,-0.019661054355119542,-0.25858445129712626,1,0,-2.3514907103761766,-0.029786652944649213
task02_state010,2,1,3,True,1,0,0.2987092350510424,-0.1833007642863224,1,0,-1.357038827434334,-0.1476284694718251
task02_state010,2,2,0,True,2,0,-0.09143563848789536,-0.6640716392825449,1,0,-0.3976158177603781,-0.02602127298368127
task02_state010,2,2,1,True,2,0,-0.06760079875838103,-0.25369614810267777,1,1,2.4208644806824124,0.025496045245087855
task02_state010,2,2,2,False,2,1,0.0,0.0,1,0,0.0,0.0
task02_state010,2,2,3,True,2,0,-0.08971624520109348,-0.6758369620228859,1,0,-1.6014076800092532,-0.15796292825171523
task02_state010,2,3,0,True,3,0,0.10493445874292626,-0.5233047293185078,1,0,2.6750185705653338,0.12045081030042262
task02_state010,2,3,1,True,3,0,0.4694805398269045,-0.02924532157698109,1,1,2.254102214319517,0.1768730895603652
task02_state010,2,3,2,True,3,0,0.023148296337766067,-0.6439474106231817,1,0,1.8965171118034043,0.11886698841776461
task02_state010,2,3,3,False,3,1,0.0,0.0,1,0,0.0,0.0
task02_state020,2,0,0,False,0,1,0.0,0.0,2,0,0.0,0.0
task02_state020,2,0,1,True,1,1,0.6068130511290286,0.10259234731450988,2,0,3.990711538807043,0.04204450147186972
task02_state020,2,0,2,True,0,0,-0.0578040081466183,-0.7291163396013167,2,1,2.7917855584002926,0.06038228480929047
task02_state020,2,0,3,True,0,0,0.011829852104441893,-0.5942083732297427,2,0,-2.110486721841877,-0.10096377221508768
task02_state020,2,1,0,True,0,1,0.5643441698262602,0.06995451929919282,2,0,-4.086835622614259,-0.04179466422118056
task02_state020,2,1,1,False,1,1,0.0,0.0,2,0,0.0,0.0
task02_state020,2,1,2,True,0,0,0.048616405811978285,-0.19913555976918573,2,1,3.2123339805140434,0.025580015472388157
task02_state020,2,1,3,True,0,0,0.3867761519682285,-0.1081464000107702,2,0,-1.7393685657453475,-0.13804839138330838
task02_state020,2,2,0,True,2,0,-0.06647132763335668,-0.6939435954591253,2,0,-2.830662026875723,-0.09459310627011096
task02_state020,2,2,1,True,2,0,-0.016471595101205837,-0.20072162511970304,2,0,-4.084847423472732,-0.057630747527558555
task02_state020,2,2,2,False,2,1,0.0,0.0,2,1,0.0,0.0
task02_state020,2,2,3,True,2,0,-0.0892966796894651,-0.6659977092104897,2,0,-1.3287755612619991,-0.1919195861212541
task02_state020,2,3,0,True,3,0,0.13000200702244816,-0.4730064544869324,2,0,2.8957141623763833,0.09680588039755465
task02_state020,2,3,1,True,1,1,0.5641243554005076,0.06226120735702606,2,0,2.3565950902737907,0.14467584883685347
task02_state020,2,3,2,True,3,0,0.05121006945797341,-0.5944166591238464,2,1,2.151081082900738,0.1678631002793905
task02_state020,2,3,3,False,3,1,0.0,0.0,2,0,0.0,0.0
task02_state030,2,0,0,False,0,1,0.0,0.0,0,1,0.0,0.0
task02_state030,2,0,1,True,1,1,0.5209608936629055,0.02134747835999737,0,0,-0.09695866210095601,-0.09305515704557521
task02_state030,2,0,2,True,0,0,-0.016480118315334594,-0.7555591691827755,0,0,-0.6876574796773197,-0.06664158557613412
task02_state030,2,0,3,True,0,0,0.08551755903523581,-0.6562477954467482,0,0,-0.41345909827545596,-0.1844249694893824
task02_state030,2,1,0,True,1,0,0.4758801402884092,-0.02477806255424233,0,1,1.1757055263898444,0.08294257031613449
task02_state030,2,1,1,False,1,1,0.0,0.0,0,0,0.0,0.0
task02_state030,2,1,2,True,0,0,-0.031220013375459,-0.25506925463631586,0,0,0.963825830329866,0.01885716631892305
task02_state030,2,1,3,True,1,0,0.322521474707882,-0.17418670409540263,0,0,-2.2120635739140853,-0.09978009353229939
task02_state030,2,2,0,True,2,0,-0.10272600800281845,-0.6491310417975313,0,1,1.4049145898964333,0.061600951086160524
task02_state030,2,2,1,True,2,0,-0.12625246334717374,-0.25474577873146653,0,0,-0.8112127117251224,-0.07158641831248928
task02_state030,2,2,2,False,2,1,0.0,0.0,0,0,0.0,0.0
task02_state030,2,2,3,True,2,0,-0.13178236933913817,-0.6400383599542836,0,0,-1.3078922671049689,-0.15967873379457703
task02_state030,2,3,0,True,3,0,0.09188925527653122,-0.5284817071349476,0,1,1.4131852216732472,0.19447011007275875
task02_state030,2,3,1,True,3,0,0.36938055286901,-0.1216865727263277,0,0,2.8398284460500642,0.1010073806492088
task02_state030,2,3,2,True,3,0,-0.06705010092079192,-0.6169465469848187,0,0,1.9708504955410786,0.12221466576400819
task02_state030,2,3,3,False,3,1,0.0,0.0,0,0,0.0,0.0
task03_state010,3,0,0,False,0,1,0.0,0.0,1,0,0.0,0.0
task03_state010,3,0,1,True,0,0,0.48412075850645125,-0.01808702320473841,1,1,1.7779357493627894,0.06022158183385617
task03_state010,3,0,2,True,0,0,0.03295438840880713,-0.7736996485046882,1,0,1.0365988007822005,0.02934322599005251
task03_state010,3,0,3,True,0,0,0.03307544612117348,-0.693748009524017,1,0,2.389418030107524,0.04166944711595401
task03_state010,3,1,0,True,1,0,0.4408513661877151,-0.06631097536903995,1,0,-1.2307408128087185,-0.07885270564104983
task03_state010,3,1,1,False,1,1,0.0,0.0,1,1,0.0,0.0
task03_state010,3,1,2,True,1,0,-0.08393378710579669,-0.33559216132709857,1,0,-0.9736829267253055,-0.028813512420293265
task03_state010,3,1,3,True,1,0,0.3098306203181727,-0.20044667247934816,1,0,-0.26989542092093505,-0.020208577719599666
task03_state010,3,2,0,True,2,0,-0.10374585123318168,-0.6049350148365673,2,0,-0.42687762250166444,-0.10423222633505749
task03_state010,3,2,1,True,2,0,-0.2536763431107443,-0.3198194078787609,2,0,-0.05806559180029079,-0.0211648122010184
task03_state010,3,2,2,False,2,1,0.0,0.0,2,1,0.0,0.0
task03_state010,3,2,3,True,2,0,-0.010708477821057242,-0.6945861256113294,2,0,0.229791216090386,-0.017876948204566583
task03_state010,3,3,0,True,3,0,0.12353550776828964,-0.4282862574505486,3,0,-1.4532253334259346,-0.06995084655083605
task03_state010,3,3,1,True,3,0,0.41454503590470376,-0.09065841704729918,3,0,0.18028836003663823,-0.015040142565508233
task03_state010,3,3,2,True,3,0,0.1570362865987561,-0.5567869715025371,3,0,-0.23512463628937744,-0.03470635761720801
task03_state010,3,3,3,False,3,1,0.0,0.0,3,1,0.0,0.0
task03_state020,3,0,0,False,0,1,0.0,0.0,0,1,0.0,0.0
task03_state020,3,0,1,True,1,1,0.5502776606598241,0.05577067742190463,0,0,-1.0581016711425726,-0.05224716496246548
task03_state020,3,0,2,True,0,0,0.032071310755442305,-0.7554792911311841,0,0,-1.3362535770075226,-0.05693400807760492
task03_state020,3,0,3,True,0,0,0.03235631829221759,-0.6540049152063849,0,0,-1.492019227659019,-0.15896246723681187
task03_state020,3,1,0,True,1,0,0.490108868994423,-0.01133482791466392,0,1,1.274784667330094,0.0279518627894978
task03_state020,3,1,1,False,1,1,0.0,0.0,0,0,0.0,0.0
task03_state020,3,1,2,True,1,0,-0.02552626093754972,-0.2697404466467047,0,0,-1.746298965347165,-0.025431122702414728
task03_state020,3,1,3,True,0,0,0.35248019850859785,-0.1527381087955513,0,0,-1.2186237349999611,-0.15097185322128304
task03_state020,3,2,0,True,2,0,-0.06364294879481085,-0.6514157006049536,0,1,0.8957922880284526,0.031019879636896612
task03_state020,3,2,1,True,2,0,-0.15255495376618383,-0.26025889700243887,0,0,-0.3908377590597063,-0.017883574688622055
task03_state020,3,2,2,False,2,1,0.0,0.0,0,0,0.0,0.0
task03_state020,3,2,3,True,2,0,0.009168755761868838,-0.7081550537978666,0,0,-0.7688868950939046,-0.1812733654948815
task03_state020,3,3,0,True,3,0,0.12156832988900204,-0.41114619186284496,0,1,1.9166108269052364,0.18846852661739188
task03_state020,3,3,1,True,1,1,0.5292437150006452,0.030530911458926717,0,0,1.7990393402945086,0.16818650039276373
task03_state020,3,3,2,True,3,0,0.18922505748508678,-0.52282108199888,0,0,1.6870608857301177,0.11690243824672196
task03_state020,3,3,3,False,3,1,0.0,0.0,0,0,0.0,0.0
task03_state030,3,0,0,False,0,1,0.0,0.0,0,1,0.0,0.0
task03_state030,3,0,1,True,1,1,0.5029541803919475,0.0033517088344701827,0,0,-0.8387726998333901,-0.02215878941621134
task03_state030,3,0,2,True,0,0,0.013912716438391261,-0.7679453478341428,0,0,-0.36627265241256285,-0.017820760269039525
task03_state030,3,0,3,True,0,0,0.0230106351403262,-0.6401099698011709,0,0,-0.46353220890767494,-0.014586567212909345
task03_state030,3,1,0,True,1,0,0.439364899943354,-0.06802933442849686,0,1,0.813023961242154,0.0046442584607712355
task03_state030,3,1,1,False,1,1,0.0,0.0,0,0,0.0,0.0
task03_state030,3,1,2,True,1,0,-0.03725297072102128,-0.29882915659334625,0,0,-0.19948540740686538,-0.01460242018191168
task03_state030,3,1,3,True,0,0,0.3214053104903548,-0.1877313546580927,0,0,0.126209669357612,-0.009262454669787389
task03_state030,3,2,0,True,2,0,-0.10599386506801892,-0.6148512097835863,2,0,-0.1421896170399578,-0.030964890064075424
task03_state030,3,2,1,True,2,0,-0.18834334609619166,-0.2902709451052497,2,0,-0.33372021228548204,-0.03818591801020629
task03_state030,3,2,2,False,2,1,0.0,0.0,2,1,0.0,0.0
task03_state030,3,2,3,True,2,0,-0.009769846150491564,-0.7109564326094912,2,0,-0.35739337549114175,-0.03663905859853141
task03_state030,3,3,0,True,3,0,0.14131671077326594,-0.3776668524923337,3,0,0.31547675435764916,-0.004966742257425013
task03_state030,3,3,1,True,3,0,0.48003194561809875,-0.021174034405037512,3,0,0.008721050974291085,-0.024772930779245892
task03_state030,3,3,2,True,3,0,0.17637483246524302,-0.536143896203939,3,0,-0.20660643258015443,-0.02070082455256768
task03_state030,3,3,3,False,3,1,0.0,0.0,3,1,0.0,0.0
task04_state010,4,0,0,False,0,1,0.0,0.0,0,1,0.0,0.0
task04_state010,4,0,1,True,0,0,0.2972515159348764,-0.18778244628312807,0,0,-2.021306233680768,-0.06438952514221989
task04_state010,4,0,2,True,0,0,-0.3213362515938987,-0.5186053958981643,0,0,-3.3535592249985933,-0.06602911141189544
task04_state010,4,0,3,True,0,0,0.2769057265135032,-0.20684084276376244,0,0,-2.3734033570632116,-0.02946429613812524
task04_state010,4,1,0,True,1,0,0.47511678289332726,-0.028027165364748793,0,1,1.8376251205619931,0.06181402645128722
task04_state010,4,1,1,False,1,1,0.0,0.0,0,0,0.0,0.0
task04_state010,4,1,2,True,0,0,-0.08258679250633377,-0.19480031676835935,0,0,-0.26527324528282453,-0.012379384996244667
task04_state010,4,1,3,True,0,0,0.4979844150501229,-0.002255831939696198,0,0,1.4301672128335978,0.016182078256077877
task04_state010,4,2,0,True,2,0,-0.15659262654616352,-0.5949778115526748,0,1,1.903459306255476,0.058195925047904745
task04_state010,4,2,1,True,2,0,-0.14706642530742017,-0.19496464880119582,1,1,2.967331916782559,0.04390707766395864
task04_state010,4,2,2,False,2,1,0.0,0.0,0,0,0.0,0.0
task04_state010,4,2,3,True,2,0,-0.0816916244545164,-0.5504782495808044,1,0,2.438840932496528,0.028934584997731216
task04_state010,4,3,0,True,3,0,0.43090479820212396,-0.08681041783173589,0,1,1.2110101525601318,0.013425266419556528
task04_state010,4,3,1,True,1,1,0.5847874339155653,0.10499419829966553,0,0,-1.070996342843091,-0.026249698594337123
task04_state010,4,3,2,True,3,0,0.13850456918085077,-0.4624229969039677,0,0,-4.6551015546408445,-0.047594775983214495
task04_state010,4,3,3,False,3,1,0.0,0.0,0,0,0.0,0.0
task04_state020,4,0,0,False,0,1,0.0,0.0,3,0,0.0,0.0
task04_state020,4,0,1,True,0,0,0.17993017228692854,-0.4107866348808579,3,0,-0.8341471743472315,-0.2068589045604647
task04_state020,4,0,2,True,0,0,-0.22606188786050635,-0.5344487392178282,3,0,-1.9728399605945122,-0.07805633920215228
task04_state020,4,0,3,True,0,0,0.35394215992100747,-0.14426969520950528,3,1,1.1024304415023458,0.007253598809895968
task04_state020,4,1,0,True,1,0,0.31415667814221054,-0.250731545740737,3,0,1.4409180083056727,0.23466488762285428
task04_state020,4,1,1,False,1,1,0.0,0.0,3,0,0.0,0.0
task04_state020,4,1,2,True,0,0,-0.09251243409026742,-0.26799780351583796,3,0,1.2586001243042515,0.09223296087165156
task04_state020,4,1,3,True,1,0,0.47447638200697084,-0.028455132085995847,3,1,1.3903887250582487,0.21529991262093578
task04_state020,4,2,0,True,2,0,-0.13436700964837148,-0.5685629851318391,3,0,0.8024483468156083,0.03021495366729859
task04_state020,4,2,1,True,2,0,-0.13328811868964446,-0.25859600397220367,3,0,-1.103568602940995,-0.2389259986344955
task04_state020,4,2,2,False,2,1,0.0,0.0,3,0,0.0,0.0
task04_state020,4,2,3,True,2,0,-0.08709534570805673,-0.5302976172084207,3,1,1.1861427138813934,0.05084338067086922
task04_state020,4,3,0,True,3,0,0.42417352021663296,-0.09650856218329715,3,0,-1.5128472167742484,-0.045608869405005185
task04_state020,4,3,1,True,1,1,0.5261250413264598,0.032629107421686385,3,0,-0.6929889857628033,-0.2829345879015791
task04_state020,4,3,2,True,3,0,0.1158650955252868,-0.4485051016895623,3,0,-2.0225369173958536,-0.09116958287114718
task04_state020,4,3,3,False,3,1,0.0,0.0,3,1,0.0,0.0
task04_state030,4,0,0,False,0,1,0.0,0.0,0,1,0.0,0.0
task04_state030,4,0,1,True,0,0,0.17380448344350458,-0.2919429967909185,0,0,-2.082666336498315,-0.10663988728417331
task04_state030,4,0,2,True,0,0,-0.2760323145575706,-0.531699925823795,0,0,-2.2091463047547832,-0.10178775520033705
task04_state030,4,0,3,True,0,0,0.31348557647660513,-0.17815893056502624,0,0,-3.2675001413160625,-0.058985172061438385
task04_state030,4,1,0,True,1,0,0.4115857661615668,-0.10007999543813945,0,1,2.1215815877916744,0.12261240179083634
task04_state030,4,1,1,False,1,1,0.0,0.0,0,0,0.0,0.0
task04_state030,4,1,2,True,0,0,-0.031595948772336575,-0.2161350658694053,0,0,-1.255110203142406,-0.02420645954846298
task04_state030,4,1,3,True,0,0,0.4815786618094589,-0.02064671984475254,0,0,2.4041688757600803,0.03504381823398728
task04_state030,4,2,0,True,2,0,-0.13456186412583182,-0.6010029104214523,0,1,1.6530549375971948,0.11600020158056311
task04_state030,4,2,1,True,2,0,-0.1078853459711745,-0.21718011857323002,0,0,-1.2448738831172308,-0.027594878246735507
task04_state030,4,2,2,False,2,1,0.0,0.0,0,0,0.0,0.0
task04_state030,4,2,3,True,2,0,-0.07732642689220795,-0.5669783453539881,0,0,1.9282159988000944,0.0388841053490306
task04_state030,4,3,0,True,3,0,0.44233681353651627,-0.0742967991369011,0,1,2.6865625530059107,0.05968844383554815
task04_state030,4,3,1,True,1,1,0.5615127828936477,0.07534153535280007,0,0,-3.3068392210033575,-0.06238755915296818
task04_state030,4,3,2,True,3,0,0.1407102446793472,-0.4589944782526275,0,0,-2.923385749616767,-0.05142477834194467
task04_state030,4,3,3,False,3,1,0.0,0.0,0,0,0.0,0.0
task05_state010,5,0,0,False,0,1,0.0,0.0,0,1,0.0,0.0
task05_state010,5,0,1,True,0,0,0.32963710134998636,-0.17083098562449622,0,0,-1.4744935921209268,-0.03349965276507293
task05_state010,5,0,2,True,0,0,-0.12057338416798599,-0.6770961123852978,0,0,-1.5121268852877847,-0.09635293358569577
task05_state010,5,0,3,True,0,0,0.2402034590645107,-0.2873673904239024,0,0,-0.9341298654802798,-0.143628249973798
task05_state010,5,1,0,True,1,0,0.44420507069213716,-0.06479877630558198,0,1,1.2290927963501144,0.012121054762798922
task05_state010,5,1,1,False,1,1,0.0,0.0,0,0,0.0,0.0
task05_state010,5,1,2,True,0,0,-0.2647057541229932,-0.2782264344487416,0,0,-1.997720365906003,-0.10802837811971294
task05_state010,5,1,3,True,0,0,0.439160488650088,-0.06776132107823636,0,0,-1.4082009094080752,-0.1738581692881887
task05_state010,5,2,0,True,2,0,0.010262942680825842,-0.7518737706077333,0,1,1.5885996723297389,0.16350622062020054
task05_state010,5,2,1,True,2,0,-0.32887778397644474,-0.2863001289418623,0,0,1.2697283930035999,0.09068657715346853
task05_state010,5,2,2,False,2,1,0.0,0.0,0,0,0.0,0.0
task05_state010,5,2,3,True,2,0,0.03796755414169042,-0.5638641412110991,1,0,-1.958015461324579,-0.11568592788823301
task05_state010,5,3,0,True,3,0,0.3527038657780967,-0.18568594147819234,0,1,1.8003437619797122,0.1740103425122819
task05_state010,5,3,1,True,1,1,0.5405545383953383,0.048193196942863226,0,0,1.766864464562647,0.17103674972817318
task05_state010,5,3,2,True,3,0,0.12885186136289342,-0.5068388685238141,0,0,2.5914495779216478,0.04561086500193961
task05_state010,5,3,3,False,3,1,0.0,0.0,0,0,0.0,0.0
task05_state020,5,0,0,False,0,1,0.0,0.0,0,1,0.0,0.0
task05_state020,5,0,1,True,0,0,0.3183755142255865,-0.1709420983108818,0,0,-0.7655382399987739,-0.12503896895730107
task05_state020,5,0,2,True,0,0,-0.16853547259559837,-0.6206306550941784,0,0,-1.621219510713828,-0.04611111315300714
task05_state020,5,0,3,True,0,0,0.24118738082238245,-0.2769804514769632,0,0,-0.16094848677921483,-0.0046714691452203255
task05_state020,5,1,0,True,1,0,0.4153292785735683,-0.096142061167742,0,1,1.8814832166974933,0.11666666883963869
task05_state020,5,1,1,False,1,1,0.0,0.0,0,0,0.0,0.0
task05_state020,5,1,2,True,0,0,-0.27048537316634025,-0.2569247548666979,0,0,2.999847230118417,0.0677865295894462
task05_state020,5,1,3,True,0,0,0.4449602904793872,-0.06049087389309704,0,0,1.662523911206412,0.10541125005416047
task05_state020,5,2,0,True,2,0,-0.0657065249126978,-0.6848514470610598,0,1,0.7853934155010592,0.01488605301017708
task05_state020,5,2,1,True,2,0,-0.3632253013665882,-0.26232165543754554,2,0,-1.629644981012599,-0.13896655077617381
task05_state020,5,2,2,False,2,1,0.0,0.0,0,0,0.0,0.0
task05_state020,5,2,3,True,2,0,0.0009913528723270676,-0.5672670798301224,2,0,0.3390124373134573,-0.011112100561373883
task05_state020,5,3,0,True,3,0,0.35366271351078926,-0.17742905509931242,3,0,-0.9417713249879364,-0.01413352124957343
task05_state020,5,3,1,True,1,1,0.5651294816696237,0.0760039147260111,3,0,-0.7398298008716916,-0.17434511125818192
task05_state020,5,3,2,True,3,0,0.11720616257925806,-0.5169557616028184,3,0,-1.3612001496266457,-0.06827253574795855
task05_state020,5,3,3,False,3,1,0.0,0.0,3,1,0.0,0.0
task05_state030,5,0,0,False,0,1,0.0,0.0,3,0,0.0,0.0
task05_state030,5,0,1,True,0,0,0.32892657491033,-0.17656797202868932,3,0,-3.412488911612338,-0.016481771269950957
task05_state030,5,0,2,True,0,0,-0.17124580518331614,-0.6384990412790519,3,0,-3.466837355156178,-0.06332614456661803
task05_state030,5,0,3,True,0,0,0.212090988309389,-0.31806603835592784,3,1,4.405151712310052,0.03890577716927557
task05_state030,5,1,0,True,1,0,0.44183087455140396,-0.06979246506856447,3,0,2.695163445888668,0.0082365136466988
task05_state030,5,1,1,False,1,1,0.0,0.0,3,0,0.0,0.0
task05_state030,5,1,2,True,0,0,-0.2774922620324398,-0.27915235521452353,3,0,-4.096064575054438,-0.06062362884114486
task05_state030,5,1,3,True,0,0,0.4053175184794045,-0.10358533688207393,3,1,4.408966198035231,0.04875180972727413
task05_state030,5,2,0,True,2,0,-0.017706319531228983,-0.7240332329885432,3,0,3.160038888861092,0.08587910672386306
task05_state030,5,2,1,True,2,0,-0.29362383370953715,-0.2907783500002023,3,0,3.0152131009288405,0.0748672129935067
task05_state030,5,2,2,False,2,1,0.0,0.0,3,0,0.0,0.0
task05_state030,5,2,3,True,2,0,-0.01490745462227562,-0.5939753428278269,3,1,2.654811206692149,0.14263644783804796
task05_state030,5,3,0,True,3,0,0.3456464391057546,-0.20243775422275762,3,0,-3.437886614048667,-0.0455243121745494
task05_state030,5,3,1,True,1,1,0.5317482368203642,0.03947808499625067,3,0,-3.0140946709492287,-0.06032832341992088
task05_state030,5,3,2,True,3,0,0.03324888615750249,-0.5658320870669669,3,0,-2.9583641044744624,-0.1207498130964142
task05_state030,5,3,3,False,3,1,0.0,0.0,3,1,0.0,0.0
task06_state010,6,0,0,False,0,1,0.0,0.0,3,0,0.0,0.0
task06_state010,6,0,1,True,0,0,0.21189884876128745,-0.3399255622858804,3,0,-1.4446367009492986,-0.040496328956085494
task06_state010,6,0,2,True,0,0,-0.08934212798283726,-0.6382081119473483,3,0,-1.644471955915969,-0.07103263732564197
task06_state010,6,0,3,True,0,0,0.41567744299133885,-0.08145591939092557,3,1,0.6636235870951663,0.0015549526316977374
task06_state010,6,1,0,True,1,0,0.3469908360495341,-0.20418341884130695,3,0,0.6320513390820762,0.003929375616131016
task06_state010,6,1,1,False,1,1,0.0,0.0,3,0,0.0,0.0
task06_state010,6,1,2,True,1,0,-0.18583825908169746,-0.35564609554681165,3,0,-2.1013012028001454,-0.060526654861854566
task06_state010,6,1,3,True,0,0,0.4979951928575558,-0.0024962807605250588,3,1,1.3842459488729808,0.016822420731388166
task06_state010,6,2,0,True,2,0,-0.05632006273128151,-0.6423993431973589,3,0,1.22260931770408,0.0878918717759217
task06_state010,6,2,1,True,2,0,-0.3055659878148554,-0.31340905969396676,3,0,0.5776374982048599,0.002453481668219957
task06_state010,6,2,2,False,2,1,0.0,0.0,3,0,0.0,0.0
task06_state010,6,2,3,True,2,0,0.08376789993004018,-0.5595432696067029,3,1,1.7739376521204058,0.09129316394328202
task06_state010,6,3,0,True,3,0,0.49400824880669103,-0.006942301577487077,3,0,-0.8542734957156696,-0.027575449893901628
task06_state010,6,3,1,True,1,1,0.6078516440348657,0.14409477069792506,3,0,-2.0743536275608703,-0.08299239689773494
task06_state010,6,3,2,True,3,0,0.2509401811327347,-0.3825272012493903,3,0,-1.8974113700938968,-0.09228251337654987
task06_state010,6,3,3,False,3,1,0.0,0.0,3,1,0.0,0.0
task06_state020,6,0,0,False,0,1,0.0,0.0,1,0,0.0,0.0
task06_state020,6,0,1,True,0,0,0.0938537988494268,-0.41171580190988394,1,1,1.2916482615317422,0.08492977542601855
task06_state020,6,0,2,True,0,0,-0.09830485554486375,-0.652193078178918,1,0,0.605683777974323,0.002313360368948298
task06_state020,6,0,3,True,0,0,0.441838022616102,-0.057573263963563055,1,0,2.289839259341463,0.05001802202160707
task06_state020,6,1,0,True,1,0,0.27531477067481147,-0.27743137689270386,3,0,0.013604589050323579,-0.08302522527882035
task06_state020,6,1,1,False,1,1,0.0,0.0,3,0,0.0,0.0
task06_state020,6,1,2,True,1,0,-0.05695951473076592,-0.393535659171104,3,0,-0.5683548951516159,-0.060332919767762824
task06_state020,6,1,3,True,0,0,0.5087215423240222,0.010788911700082816,1,0,0.41143193372287046,-0.0022635246387351705
task06_state020,6,2,0,True,2,0,-0.02612190801069709,-0.6683336176859298,1,0,-0.9705753917274828,-0.17885007553327986
task06_state020,6,2,1,True,2,0,-0.17317491115144767,-0.3554167013875516,1,1,0.6102228609802824,0.01705291720392998
task06_state020,6,2,2,False,2,1,0.0,0.0,1,0,0.0,0.0
task06_state020,6,2,3,True,2,0,0.13500741138562802,-0.5262448252821385,1,0,0.3935360752552607,-0.005345039521317927
task06_state020,6,3,0,True,0,1,0.5171760390237468,0.020276051806264864,3,0,-1.2270195607075276,-0.10876258445162558
task06_state020,6,3,1,True,1,1,0.5900288044551291,0.11443309793577364,3,0,0.3137571662305979,-0.009042368386459727
task06_state020,6,3,2,True,3,0,0.2527914782207433,-0.3672473349163059,3,0,-2.932253385010971,-0.07183924832373872
task06_state020,6,3,3,False,3,1,0.0,0.0,1,0,0.0,0.0
task06_state030,6,0,0,False,0,1,0.0,0.0,0,1,0.0,0.0
task06_state030,6,0,1,True,0,0,0.08178516143312346,-0.4259947134275334,0,0,-1.4839300544372893,-0.07568030187581105
task06_state030,6,0,2,True,0,0,-0.053208763287095055,-0.6222832426488393,0,0,-1.371865817981521,-0.09891961269046173
task06_state030,6,0,3,True,0,0,0.4148666744130456,-0.08131106740298831,0,0,-0.3666559008574079,-0.011126816532196458
task06_state030,6,1,0,True,1,0,0.21970368699570958,-0.34126597225337324,0,1,1.6721611213702874,0.07147875486856492
task06_state030,6,1,1,False,1,1,0.0,0.0,0,0,0.0,0.0
task06_state030,6,1,2,True,1,0,-0.011349818804206671,-0.4186421864602003,0,0,-2.86195902428552,-0.047374161807933496
task06_state030,6,1,3,True,0,0,0.5015487161486655,0.0018634877546117575,0,0,2.030947126993396,0.025728067787788807
task06_state030,6,2,0,True,2,0,-0.03970774025473142,-0.6160877256697065,3,0,0.5715482130205519,0.01245512427622284
task06_state030,6,2,1,True,2,0,-0.14203582010521543,-0.38127113176827593,3,0,0.4862825756291556,-0.00041412654970756355
task06_state030,6,2,2,False,2,1,0.0,0.0,3,0,0.0,0.0
task06_state030,6,2,3,True,2,0,0.12427654669448565,-0.5232815194610543,3,1,0.8526806781925909,0.024857116333611855
task06_state030,6,3,0,True,3,0,0.48968366405723257,-0.012547048067818338,3,0,-0.00474506519455327,-0.01209242084637642
task06_state030,6,3,1,True,1,1,0.5723834898410629,0.09320878091162692,3,0,-2.456237575134184,-0.06354539244362806
task06_state030,6,3,2,True,3,0,0.24778243218493648,-0.36258821428085886,3,0,-1.8192966709540799,-0.07996693112953626
task06_state030,6,3,3,False,3,1,0.0,0.0,3,1,0.0,0.0
task07_state010,7,0,0,False,0,1,0.0,0.0,0,1,0.0,0.0
task07_state010,7,0,1,True,0,0,0.4044837184182116,-0.10282996303825359,0,0,-1.165247606332716,-0.022201564906530642
task07_state010,7,0,2,True,0,0,-0.19163680375966666,-0.6177044658981883,0,0,-2.5387964054223184,-0.04472637145122684
task07_state010,7,0,3,True,0,0,0.2515430159244448,-0.2030089665919794,0,0,-0.18410802812597993,-0.006476344083807916
task07_state010,7,1,0,True,0,1,0.5311557213837527,0.03532170898964054,1,0,0.4148162748221603,-0.0011235136233062855
task07_state010,7,1,1,False,1,1,0.0,0.0,0,0,0.0,0.0
task07_state010,7,1,2,True,0,0,-0.3830286391474882,-0.22118658236999636,0,0,-3.637615185774196,-0.04409585992127503
task07_state010,7,1,3,True,0,0,0.5365055966612593,0.03712440820808623,1,0,-0.32453776169695203,-0.007660471483362567
task07_state010,7,2,0,True,2,0,-0.020096288783560328,-0.696368463631149,3,0,0.5523214456716917,0.003160317808443481
task07_state010,7,2,1,True,2,0,-0.31384986850988555,-0.2348444629830451,2,0,-0.277520844934248,-0.019207305161382613
task07_state010,7,2,2,False,2,1,0.0,0.0,3,0,0.0,0.0
task07_state010,7,2,3,True,2,0,0.011097188986476887,-0.6037573970097843,2,0,0.22148749275922636,-0.01080449570134533
task07_state010,7,3,0,True,3,0,0.39067342800809884,-0.13651159226761092,3,0,-0.4760435253006151,-0.021356975526536454
task07_state010,7,3,1,True,1,1,0.6446612837389004,0.18260492455063693,3,0,-1.4990614534817965,-0.04943524422408701
task07_state010,7,3,2,True,3,0,0.17324137442638934,-0.46208709968206196,3,0,-2.9023580787401606,-0.05771308543216108
task07_state010,7,3,3,False,3,1,0.0,0.0,3,1,0.0,0.0
task07_state020,7,0,0,False,0,1,0.0,0.0,1,0,0.0,0.0
task07_state020,7,0,1,True,0,0,0.465671181950948,-0.034414940767811895,1,1,0.854359025377585,0.019026673345947456
task07_state020,7,0,2,True,0,0,-0.26880075171881324,-0.5723408533684473,1,0,-0.025513816143936257,-0.04387708371559186
task07_state020,7,0,3,True,0,0,0.18844497813222727,-0.23522287301938957,1,0,-0.02283472611158311,-0.004787974169298451
task07_state020,7,1,0,True,0,1,0.5921078835148188,0.09625293153980964,1,0,-0.23576173667221617,-0.0481747021946313
task07_state020,7,1,1,False,1,1,0.0,0.0,1,1,0.0,0.0
task07_state020,7,1,2,True,0,0,-0.27928468185307004,-0.1727014263843233,1,0,-1.6981483301313793,-0.08111115176481508
task07_state020,7,1,3,True,0,0,0.5595492450516856,0.05759509779139806,1,0,-0.499660832273898,-0.050397085219526856
task07_state020,7,2,0,True,2,0,-0.040447034398770655,-0.6919135283040689,1,0,0.22170504001565805,-0.10485130454921085
task07_state020,7,2,1,True,2,0,-0.2011569633469352,-0.17914757428416633,2,0,0.40974119857657665,-0.007818423349097674
task07_state020,7,2,2,False,2,1,0.0,0.0,1,0,0.0,0.0
task07_state020,7,2,3,True,2,0,-0.03263652724775141,-0.6400457200410802,2,0,0.0781522130071473,-0.1779683307030815
task07_state020,7,3,0,True,3,0,0.3222673654633583,-0.2091564174849769,1,0,-0.5753507460282377,-0.02065569545983862
task07_state020,7,3,1,True,1,1,0.6498551274697694,0.17573319965710438,1,1,0.511810715756443,0.001018689378661395
task07_state020,7,3,2,True,3,0,0.09556640442762092,-0.545229257690051,1,0,0.18320001714668535,-0.040714226644031556
task07_state020,7,3,3,False,3,1,0.0,0.0,1,0,0.0,0.0
task07_state030,7,0,0,False,0,1,0.0,0.0,3,0,0.0,0.0
task07_state030,7,0,1,True,0,0,0.49156942778299745,-0.008417351177304345,3,0,-2.47242842339534,-0.05098202552610775
task07_state030,7,0,2,True,0,0,-0.2925207649129444,-0.5325437409870912,3,0,-0.7593176992312743,-0.20850951726395262
task07_state030,7,0,3,True,0,0,0.16213936620630243,-0.2763565815940628,3,1,2.018481248599998,0.026227269144652343
task07_state030,7,1,0,True,0,1,0.6045853452874229,0.113391528937215,3,0,1.8536238623895656,0.02255394015788798
task07_state030,7,1,1,False,1,1,0.0,0.0,3,0,0.0,0.0
task07_state030,7,1,2,True,0,0,-0.19800011427612527,-0.1563638022369146,3,0,-0.7064543548649433,-0.19553493773419164
task07_state030,7,1,3,True,0,0,0.5445486027339833,0.044034894916861175,3,1,2.2062060123954046,0.06604660060958864
task07_state030,7,2,0,True,2,0,-0.04884855514656596,-0.6692212372029316,3,0,1.060461640976251,0.2940679207443604
task07_state030,7,2,1,True,2,0,-0.10717253247816357,-0.16037526561912713,3,0,1.076135119314633,0.1965429895383895
task07_state030,7,2,2,False,2,1,0.0,0.0,3,0,0.0,0.0
task07_state030,7,2,3,True,2,0,-0.07260764687496458,-0.6258680847231389,3,1,0.9031692887000466,0.32171906363821284
task07_state030,7,3,0,True,3,0,0.32177056803967674,-0.22321291847313326,3,0,-1.6124512592862124,-0.07856637286520214
task07_state030,7,3,1,True,1,1,0.6409194840294783,0.16605736998584325,3,0,-1.566791974828263,-0.17915821596322856
task07_state030,7,3,2,True,3,0,0.04653408922269491,-0.5333177930035546,3,0,-0.331118854551176,-0.2945921253084336
task07_state030,7,3,3,False,3,1,0.0,0.0,3,1,0.0,0.0
task08_state010,8,0,0,False,0,1,0.0,0.0,3,0,0.0,0.0
task08_state010,8,0,1,True,0,0,0.4381802674425093,-0.04838729707425986,3,0,3.8527092471731574,0.10327975333018098
task08_state010,8,0,2,True,0,0,0.0035738121988005776,-0.764068044091493,3,0,-4.220777817181659,-0.0348697908046021
task08_state010,8,0,3,True,0,0,0.0912578959175623,-0.5927376364648824,3,1,2.616386336564245,0.11939888335143145
task08_state010,8,1,0,True,1,0,0.4296409450153784,-0.05760806708215823,3,0,-2.5918220141949266,-0.10965783880748348
task08_state010,8,1,1,False,1,1,0.0,0.0,3,0,0.0,0.0
task08_state010,8,1,2,True,1,0,0.09115793538539152,-0.2938227081189354,3,0,-2.1545979873084584,-0.1466472454213391
task08_state010,8,1,3,True,1,0,0.245550408136061,-0.25345531233501584,3,1,0.91148676615158,0.01785306612903561
task08_state010,8,2,0,True,2,0,-0.09943776970585329,-0.6778450622655928,3,0,2.574828227881917,0.03315144102389754
task08_state010,8,2,1,True,2,0,-0.07808908653924672,-0.29023816189499807,3,0,1.9858685410797812,0.15414340754120662
task08_state010,8,2,2,False,2,1,0.0,0.0,3,0,0.0,0.0
task08_state010,8,2,3,True,2,0,-0.053002044131889546,-0.663417215395411,3,1,1.6424386106073725,0.19922055225064528
task08_state010,8,3,0,True,3,0,0.18104917728824066,-0.41985987911571554,3,0,-1.328622496990143,-0.13983004251469366
task08_state010,8,3,1,True,3,0,0.25093876137192006,-0.23882759372027376,3,0,-0.16990930731054646,-0.037024733606998504
task08_state010,8,3,2,True,3,0,0.022141065195109305,-0.5686591313992522,3,0,-1.1347606761203117,-0.17583236107068204
task08_state010,8,3,3,False,3,1,0.0,0.0,3,1,0.0,0.0
task08_state020,8,0,0,False,0,1,0.0,0.0,1,0,0.0,0.0
task08_state020,8,0,1,True,1,1,0.5258353328252876,0.0208869808862854,1,1,3.609359155250422,0.09776691219566576
task08_state020,8,0,2,True,0,0,-0.07227489439365607,-0.7322359664709668,1,0,-1.868841650400913,-0.12345053509009865
task08_state020,8,0,3,True,0,0,0.02228194411075276,-0.624462307868497,1,0,-2.049658757561572,-0.11227307500900811
task08_state020,8,1,0,True,0,1,0.5218234040274364,0.020463004184317637,1,0,-2.508370516282305,-0.12088970379035822
task08_state020,8,1,1,False,1,1,0.0,0.0,1,1,0.0,0.0
task08_state020,8,1,2,True,0,0,0.09243362991949786,-0.241975451933232,1,0,-1.204841990196899,-0.255948444866195
task08_state020,8,1,3,True,1,0,0.3598632239749809,-0.12595297465368419,1,0,-1.1376065727568947,-0.24301436404580407
task08_state020,8,2,0,True,2,0,-0.05456112602933993,-0.7331793175287328,1,0,1.9616622171307334,0.1929308391849163
task08_state020,8,2,1,True,2,0,-0.031280788030033146,-0.25166343648067485,1,1,1.5709021517605222,0.307209782241156
task08_state020,8,2,2,False,2,1,0.0,0.0,1,0,0.0,0.0
task08_state020,8,2,3,True,2,0,-0.007052470958289657,-0.6773968784883531,1,0,0.6697626306086247,0.010921371010834947
task08_state020,8,3,0,True,3,0,0.1526493046040966,-0.47580453153684904,1,0,2.395781324855992,0.10596012429304148
task08_state020,8,3,1,True,3,0,0.3738399358015689,-0.11260866791529212,1,1,1.9036405712705968,0.22264346676619193
task08_state020,8,3,2,True,3,0,-0.02026311870261952,-0.5690868614210759,1,0,0.015277177974500088,-0.018910094940493602
task08_state020,8,3,3,False,3,1,0.0,0.0,1,0,0.0,0.0
task08_state030,8,0,0,False,0,1,0.0,0.0,1,0,0.0,0.0
task08_state030,8,0,1,True,0,0,0.4503435135263799,-0.037598516026884576,1,1,2.948155300814137,0.10938156969111429
task08_state030,8,0,2,True,0,0,-0.05543423227395919,-0.7423952048210822,1,0,-1.5055911782252585,-0.17813389500703256
task08_state030,8,0,3,True,0,0,0.06926149243484483,-0.595335543856798,1,0,-1.3227506820309756,-0.18200456904722492
task08_state030,8,1,0,True,1,0,0.44476590090014706,-0.04548854608981294,1,0,-1.3656232666086217,-0.10933114323936953
task08_state030,8,1,1,False,1,1,0.0,0.0,1,1,0.0,0.0
task08_state030,8,1,2,True,0,0,0.08391402735200751,-0.2823111463167203,1,0,-0.7961573865060146,-0.3066092605767808
task08_state030,8,1,3,True,1,0,0.2643322619344162,-0.21851627320214195,1,0,-0.703071256687888,-0.31892899710329353
task08_state030,8,2,0,True,2,0,-0.11200117470460248,-0.6802189671686704,1,0,1.5393306583579163,0.29788911800257817
task08_state030,8,2,1,True,2,0,-0.05879850296459596,-0.2781800307410561,1,1,1.2425031141427978,0.40253104881122875
task08_state030,8,2,2,False,2,1,0.0,0.0,1,0,0.0,0.0
task08_state030,8,2,3,True,2,0,-0.04443892481238594,-0.6604052108457624,1,0,0.1060089513413298,-0.018485691032920252
task08_state030,8,3,0,True,3,0,0.1944706668697745,-0.39993429810761694,1,0,1.8422898828662335,0.17430524233804154
task08_state030,8,3,1,True,3,0,0.2997900363667617,-0.19467748467545146,1,1,1.6740961460503236,0.34321978456994395
task08_state030,8,3,2,True,3,0,0.005790990399843763,-0.5409967567987812,1,0,0.1567744955500136,-0.00906260114915681
task08_state030,8,3,3,False,3,1,0.0,0.0,1,0,0.0,0.0
task09_state010,9,0,0,False,0,1,0.0,0.0,1,0,0.0,0.0
task09_state010,9,0,1,True,1,1,0.594954520400398,0.09361994394782291,1,1,3.074894147771193,0.03772470721988362
task09_state010,9,0,2,True,0,0,0.05608120835605292,-0.7481666167847936,1,0,-4.403073607546818,-0.05384080513664437
task09_state010,9,0,3,True,0,0,0.17308426217187234,-0.5277451881491992,1,0,-0.17053585934969298,-0.0052323032883114734
task09_state010,9,1,0,True,1,0,0.4938925523953256,-0.006372793971295158,1,0,-1.9415432441569291,-0.03776516586235262
task09_state010,9,1,1,False,1,1,0.0,0.0,1,1,0.0,0.0
task09_state010,9,1,2,True,0,0,0.019767923945530157,-0.25033902696706467,1,0,-2.1636582708986722,-0.09278787534957514
task09_state010,9,1,3,True,1,0,0.2986424217026443,-0.20148637856380386,1,0,-3.2992815748043354,-0.045749795913704656
task09_state010,9,2,0,True,2,0,0.010655177658183796,-0.6734129840881625,1,0,3.308697709884149,0.05541195926913022
task09_state010,9,2,1,True,2,0,-0.07710432020914743,-0.2743572878446427,1,1,2.4198478278543454,0.10743738263047295
task09_state010,9,2,2,False,2,1,0.0,0.0,1,0,0.0,0.0
task09_state010,9,2,3,True,2,0,-0.05807715802532879,-0.6452402266480166,1,0,2.4842704945330647,0.04846228378966288
task09_state010,9,3,0,True,3,0,0.21919891493333615,-0.42131570553433584,1,0,0.26691341403159413,-0.0023589819363415638
task09_state010,9,3,1,True,3,0,0.3773406540648428,-0.1324872766909474,1,1,3.5409411255889185,0.04609208040864304
task09_state010,9,3,2,True,3,0,0.04387827591071615,-0.5427241442476886,1,0,-2.838134547718419,-0.061287024937411345
task09_state010,9,3,3,False,3,1,0.0,0.0,1,0,0.0,0.0
task09_state020,9,0,0,False,0,1,0.0,0.0,1,0,0.0,0.0
task09_state020,9,0,1,True,1,1,0.6157644540230981,0.11145328329427186,1,1,2.953063365606798,0.0694199682648604
task09_state020,9,0,2,True,0,0,0.052154975018149426,-0.7385868558778695,1,0,-0.5758088531990909,-0.013016110115594596
task09_state020,9,0,3,True,0,0,0.1338351089763854,-0.5449269540615012,1,0,2.6705071002464984,0.03486062705423202
task09_state020,9,1,0,True,0,1,0.5410236675351376,0.04278132257965367,1,0,-2.031037541782,-0.07887737604386726
task09_state020,9,1,1,False,1,1,0.0,0.0,1,1,0.0,0.0
task09_state020,9,1,2,True,0,0,0.08783038517780359,-0.21756002278419787,1,0,-3.345687228325291,-0.08174691026550232
task09_state020,9,1,3,True,1,0,0.30773030581754895,-0.19248441163678484,1,0,-1.8758806952587517,-0.03570691549615446
task09_state020,9,2,0,True,2,0,0.0060919521026384085,-0.6451658924578273,1,0,0.15267873034475407,-0.009357134031915492
task09_state020,9,2,1,True,2,0,-0.03754974800633005,-0.24150390322306217,1,1,2.8319843518002465,0.10135730965642638
task09_state020,9,2,2,False,2,1,0.0,0.0,1,0,0.0,0.0
task09_state020,9,2,3,True,2,0,-0.08111209847163027,-0.6325568616581613,1,0,1.5969022315645827,0.04383439438777767
task09_state020,9,3,0,True,3,0,0.2398606452151057,-0.390757371692734,1,0,-1.7052810622431678,-0.04504479115839817
task09_state020,9,3,1,True,3,0,0.4130006566236976,-0.0959870473809964,1,1,1.423053773942616,0.015901547850608908
task09_state020,9,3,2,True,3,0,0.08764663565201175,-0.503724387022094,1,0,-2.1844802265139536,-0.06039999441543198
task09_state020,9,3,3,False,3,1,0.0,0.0,1,0,0.0,0.0
task09_state030,9,0,0,False,0,1,0.0,0.0,0,1,0.0,0.0
task09_state030,9,0,1,True,1,1,0.6323459827987018,0.13118528529008433,0,0,-1.7453791121749733,-0.09977068738438583
task09_state030,9,0,2,True,0,0,0.033192964991436764,-0.725132171223419,0,0,-0.1543944193436296,-0.23197717907521712
task09_state030,9,0,3,True,0,0,0.1533888352895301,-0.5251050418085339,0,0,-1.7308330306863469,-0.11054485905217179
task09_state030,9,1,0,True,0,1,0.5241913545493745,0.026530290372974302,0,1,1.9734986162785102,0.05593799650667795
task09_state030,9,1,1,False,1,1,0.0,0.0,0,0,0.0,0.0
task09_state030,9,1,2,True,0,0,0.004210072218408243,-0.2690040158512955,0,0,0.007246957545219144,-0.16846795225314803
task09_state030,9,1,3,True,1,0,0.31087197676813333,-0.17764882373293292,0,0,-1.8681439513875278,-0.04688480530453358
task09_state030,9,2,0,True,2,0,0.07453780321521086,-0.6359421272376587,0,1,0.7531165210934022,0.20234578820758015
task09_state030,9,2,1,True,2,0,-0.042020407341927565,-0.2753867220653332,0,0,0.8306415102339991,0.17784100369282113
task09_state030,9,2,2,False,2,1,0.0,0.0,0,0,0.0,0.0
task09_state030,9,2,3,True,2,0,-0.02751934529607741,-0.6145168820195686,0,0,0.63152131694112,0.07785376772185212
task09_state030,9,3,0,True,3,0,0.25672790576444504,-0.368478494502095,0,1,1.8740945764768604,0.09531491728703417
task09_state030,9,3,1,True,3,0,0.42830874481042974,-0.0765794617425698,0,0,1.8388666989793512,0.04234512669889348
task09_state030,9,3,2,True,3,0,0.05825611964561098,-0.5115695526346813,0,0,-0.020105775751071562,-0.1868738394418112
task09_state030,9,3,3,False,3,1,0.0,0.0,0,0,0.0,0.0
