core_result_sha256,dose_all_five_linear_slope_descriptive,dose_all_five_monotonic_descriptive,dose_endpoint_one_projection,dose_endpoint_zero_error,dose_interior_linear_slope,dose_interior_monotonic,input_fingerprint,state_id,state_index,task_family
3bca0dbad3ca175c8aa48c2eba034e66cf9cd2c611050e6cb8091afbbcf3527f,1.1587959761519266,1,0.9839923453902888,0.0,1.858010499198476,1,46813f01ec1de93ffe4a4a4834a40a286e79de3fa35657b7411e228927795253,droid_episode_041320_frame_000077,0,put
889a279cfd78ffe84378e7df3696cfeb2eea5f4978c56704044cc5949872181d,1.142025588832583,1,0.9905886422664819,0.0,1.7477733750969868,1,2fea0efa056153ed9c62e72a18cd202484a4c1b36b72af5a9218279dca4c5de6,droid_episode_039259_frame_000062,1,put
19bebe7b069faad61614ff5b2d19b066ec15b850d2a8919fdbac1544ff762c64,1.0401558928321206,1,0.9620481097098668,0.0,1.3525870253211356,1,2d9c3736c389857a530a180cfa98bf7c5068a6bdcec9699b5bfe8894818b9f5c,droid_episode_006474_frame_000068,2,put
7b18cb756e5fe8da4bb8eb8d7c21e703f129833f9384f2cd545e2350df8ba248,1.2024511097092583,1,1.0175975567754474,0.0,1.9418653214445003,1,9a973d014f50e02879b6f9e1dbcecaf9505ea6374b56269086d74a5550b46424,droid_episode_016591_frame_000130,3,pick
8c052f22c5fa22b80e32728575ccb0296d8f8bea509e62aea426c86c222b4474,1.210418984274638,0,1.0118176922104356,0.0,2.004824152531446,1,cb28871cf5a4a0b876e59b76f0d199a6ae96bf01c483dfb4e145a1c906bc3fe9,droid_episode_036175_frame_000107,4,pick
6d17b4543ee951706f2f5a8f37338bffe125fd3d8e9afd44c9e54fc833f52018,1.1758375770014278,1,1.0040478904349877,0.0,1.8629963232671876,1,50a78a9121a496feeb5ee6fad5f7f1665912a654ce21ea790f5661f3c7a371f3,droid_episode_011699_frame_000330,5,pick
b931b725b9a83493de2a4270e7bb728da9287b87f7a0420846d86491816e6970,1.1623236116449205,1,0.9885357446935173,0.0,1.8574750794505324,1,46894f71833f88c6946297eb2179e0bc585d7d67d631ab82668d1b0ced3cbdf8,droid_episode_034636_frame_000261,6,move
48f2b0e0e13d4fd60e2e2621cec3afb8a12d22aa130b23d60256caf1ce64866c,1.1836484738756052,1,0.997126327112929,0.0,1.9297370609263091,1,6f8a7ff3cf8d2d2e5d88d7b6a527e95577c1a8bfa1f9481287197903d5d051da,droid_episode_012839_frame_000207,7,move
791c5053ac06397f32d2add881240dbb1b133fd039ad398fb77d801418ecd85f,1.157667662365299,1,1.0416036387039522,0.0,1.6219237570106857,1,bcd02383654ee479a88744016e0bf15e4bdd79fa223b14d4c5b95809f86ec22c,droid_episode_016483_frame_000077,8,move
6fa94e3df2e91c9f35908146afd3c53e1443eff70ab24ab3c8358d93e31fef35,1.1584015812298822,1,1.0016500096612269,0.0,1.7854078675045024,1,a78752d558b399b03a5904d4ff5e5cf311156d3c7a3a7a0e42090ff2844b8feb,droid_episode_018290_frame_000160,9,remove
d44acb2324c657b5de8c1544b63be13f58cc71c597e0cf9916f381dc8097d2ea,1.1750264559080486,0,0.9742928538309719,0.0,1.9779608642163549,1,494750a1de64f3869506dd8fc3061c41fa4f8e7308193e2063764116e8dae2d2,droid_episode_011256_frame_000212,10,remove
dbeae3945a001aad681c294b6c1dde0aac8e7e6c07dfe66ef4ec732e18295090,1.1872816832253792,1,1.0382788667327234,0.0,1.783292949196002,1,e28a64f1bbb129cec9e62d13970ea28ea0c23052c2e2059b7d1f7f3f3a8101cd,droid_episode_031870_frame_000098,11,remove
9b7678242bdc11d88dbae738f7a96f31bbfa235a49fcdb2ef3d8d0ea066ae7fd,1.0848213957913917,1,0.951341356564456,0.0,1.6187415526991344,1,e0aa898c238dfd28948d0ba3edc9566feb0c9bf2c59b2535b39fd034f78f0fa2,droid_episode_010336_frame_000067,12,take
5d53f36d4d0cf5b9d07168a9fea5bf086ce2dd085f6029d5dbf57540a73a3f75,1.2023845151994286,0,1.0049453015157646,0.0,1.9921413699340844,1,dd3c3c08fda8f122dcd6b500b359dea33a648db545af41ed950dae9553a728e2,droid_episode_038079_frame_000074,13,take
53cb3b7143430adfb931b95ff2aa901f9c73585e7a1cb1d7c208c83a4ba872f9,1.1028352156415697,1,0.9383630653977098,0.0,1.760723816617009,1,339374089916eaec9016c89008ebd7e8a2113f754cae88946068828c85d2cda0,droid_episode_007416_frame_000134,14,take
d32b6cc3d54674fd5dd2a9d783463d12b3d09a4b36c96fbbd8955c9aceae43d6,1.154237981992659,1,1.0003808510809244,0.0,1.769666505639596,1,065be927896aad8611244af88d1340ddf05fd305500466564fbabde3cd05c2ca,droid_episode_037602_frame_000148,15,open
5917c23d3e3690b160d3232107554bd1cd17df7bf3264dfbe195a263367ef3f8,1.166139884881788,1,1.0003780990569173,0.0,1.8291870281812703,1,3635f5e00b7fc34c578858a9cb1a21181cfcca15116e96cd01829842437c28d7,droid_episode_032588_frame_000101,16,open
aa5f3523a1f3df4e80812ac007a1337efc574d839b484c2ef9eea490b3e0893a,1.1691104759776365,1,0.9844805345970115,0.0,1.9076302415001363,1,8a99a70ec5242753ebb1bdfb8b08bab2cc764f6f7999b4b8896b1227bf766d0a,droid_episode_019166_frame_000104,17,open
b053f229cd12b9ac0dd19e9e4937975f13028e6079a2bb1f094c457907a56956,1.1838204454838428,1,0.997814897113019,0.0,1.9278426389671368,1,9620d6c8eba5d263521990d1986184e7a5a69f433655764f17404ac86becd1f3,droid_episode_025075_frame_000057,18,place
a8d83710afc90f636307fa2a2d778dc55c8562414af4698ce374f5fb4de772d0,1.1515891284196251,1,0.9788104426485326,0.0,1.8427038715039952,1,bec158cac83a5c6d5764cb464811004e70d3d1f8fbd2dab808c26f22ad5f9662,droid_episode_044305_frame_000165,19,place
6c4bfe861f8fc46eabaaae5d2aa0aa21bf93146d03b95e7ef60a39711abac8b3,1.2135971215142816,0,1.0082285371229769,0.0,2.035071459079499,1,dc261c23fc11a130dd7bb7c998b41f957205d546b0257c1fd85af2ae1818f117,droid_episode_048372_frame_000095,20,place
1bd50651c44c5fc5187db3d50933c35c06df613ee41e0f27f970ee95c26791ac,1.1881175565594961,0,0.9958304211755419,0.0,1.9572660980953132,1,d3fbbd08966fd266887004f357dfdef16e0da5143d33881706a75957965d9023,droid_episode_006011_frame_000178,21,use
9dd5b54f7f591731a8353dfd5845518cb13931ce64c90984e9b8011fadbd910d,1.1835076614290272,1,0.9989223555966081,0.0,1.9218488847587027,1,1ebeed1a52aa07e3b91e0212dbac0b9d91f230bf1fb0afae35a255d3d277277d,droid_episode_051025_frame_000156,22,use
62c434501c0690013acc1d99fce13357a2cb0b9b24f479b6550f1a5b0337e9da,1.1201105905939908,1,0.9663995329003366,0.0,1.734954821368606,1,e5e96733db0302fa1200ddf74cac66bb96ea4cd4b4249641c781f94e28ba44d7,droid_episode_019839_frame_000146,23,use
421e84d5039805fb0e9ad58189fde043af158cb412031cf9fe3f88288dddc52b,1.1041493582086395,1,0.9710899150037471,0.0,1.636387131028207,1,6ac4f85fdf3f923e93ba416d562b45eee38cb49dcb5717fe2f07f66a02944e45,droid_episode_022570_frame_000068,24,turn
920c008b93f865815cb861bbdd0348382bd806a0890429d75c74918dac3146af,1.1616272221266004,1,1.0167225912488893,0.0,1.741245745637444,1,09aa167c5d7be8b8d0b7d0de976f165364603ce8c799f0c74c1012b732f42eb5,droid_episode_023493_frame_000059,25,turn
c2e5b16e83408655ed6f6158415422052af3ee8843addbb472fe1bf78737254e,1.168903498861557,1,0.9915934733023751,0.0,1.878143601098284,1,6eb721f4190580284e99150ed17f0af3b6da51a45a50d0ca13204a7ac1106f52,droid_episode_050050_frame_000130,26,turn
7abb75ae78c30b4e256a6758ab5271f44c62590c52fd91044ebbe91152270344,1.1592549559500147,1,0.9884139258779058,0.0,1.8426190762384485,1,1b4c1691b972c1733867dcbc45f746ea961ad9ef3c16e8981cd85c1b79019e56,droid_episode_042965_frame_000072,27,press
f538165d2a3de2341a26fdbe1fef47ee39709118213f0b480f8e9e8d7cc8743d,0.8928147571418816,1,0.8269020617073306,0.0,1.156465538880085,1,6ec97dbd1c1df4fe98ef1facced598b3f46b553ab219af0c7ad9f4f42184de1a,droid_episode_043719_frame_000060,28,press
9d2253d43a0d7e6d85ab6c0cb3f03dcf361080b488457d440027258724bbcee9,0.9943708714977562,1,0.9197131911601633,0.0,1.2930015928481282,1,eb139302d609c7335942932ae00ccd12d6d3b7d046a03df4d5a0a738bd9b1828,droid_episode_019784_frame_000061,29,press
